2025-01-01,sup5,cat9,Зефир (230г.),8.79
2025-01-01,sup8,cat2,Картофель,0.94
2025-01-01,sup1,cat5,Говядина,23.13
2025-01-01,sup6,cat10,Сушки (500г.),3.99
2025-01-01,sup1,cat11,Колбаса вареная (400г.),4.98
2025-01-01,sup6,cat10,Батон нарезной (240г.),1.22
2025-01-01,sup6,cat10,Батон нарезной (240г.),1.22
2025-01-01,sup5,cat8,Масло подсолнечное (0.8л.),4.04
2025-01-01,sup5,cat8,Чай пак. (25шт.),3.80
2025-01-01,sup5,cat8,Мука (1кг.),1.64
2025-01-01,sup2,cat11,Колбаса вареная (400г.),4.98
2025-01-01,sup5,cat8,Макароны (900г.),1.49
2025-01-01,sup6,cat10,Батон нарезной (240г.),1.22
2025-01-01,sup1,cat6,Фарш,37.74
2025-01-01,sup12,cat12,Coca-Cola (1л.),3.07
2025-01-01,sup11,cat2,Томат,3.41
2025-01-01,sup5,cat9,Мармелад,5.42
2025-01-01,sup4,cat7,Кальмар,26.18
2025-01-01,sup5,cat8,Масло подсолнечное (0.8л.),2.02
2025-01-01,sup5,cat8,Мука (1кг.),1.64
2025-01-01,sup3,cat3,Сметана (180г.),1.94
2025-01-01,sup1,cat11,Сервелат (400г.),8.51
2025-01-01,sup6,cat10,Плетенка (450г.),4.04
2025-01-01,sup5,cat8,Рис (900г.),3.49
2025-01-01,sup8,cat2,Капуста,3.52
2025-01-01,sup2,cat4,Яйцо куриное С1 (10шт.),7.62
2025-01-01,sup12,cat12,Вода негаз. (0.5л.),1.98
2025-01-01,sup10,cat2,Морковь,0.35
2025-01-01,sup4,cat7,Кальмар,27.85
2025-01-01,sup5,cat12,Вода негаз. (0.5л.),0.99
2025-01-01,sup10,cat12,Сок яблочный (1л.),5.17
2025-01-01,sup2,cat11,Сосиски молочные,6.57
2025-01-01,sup8,cat2,Томат,2.16
2025-01-01,sup4,cat7,Кальмар,31.39
2025-01-01,sup8,cat2,Свекла,0.58
2025-01-01,sup6,cat10,Лаваш (300г.),2.89
2025-01-01,sup11,cat2,Томат,20.59
2025-01-01,sup3,cat3,Масло сливочное (180г.),9.18
2025-01-01,sup3,cat3,Молоко (1л.),2.60
2025-01-01,sup5,cat9,Карамель,5.29
2025-01-01,sup6,cat10,Батон нарезной (240г.),1.22
2025-01-01,sup2,cat4,Яйцо куриное С1 (10шт.),3.81
2025-01-01,sup6,cat10,Батон нарезной (240г.),2.44
2025-01-01,sup5,cat8,Сахар (1кг.),1.46
2025-01-01,sup5,cat9,Зефир (230г.),17.58
2025-01-01,sup1,cat6,Фарш,29.47
2025-01-01,sup5,cat9,Конфеты шоколадные,30.67
2025-01-01,sup5,cat8,Крупа гречневая (700г.),2.07
2025-01-01,sup5,cat12,Вода мин. газ. (1л.),1.59
2025-01-01,sup8,cat2,Капуста,3.85
2025-01-01,sup5,cat8,Масло подсолнечное (0.8л.),2.02
2025-01-02,sup7,cat10,Батон нарезной (240г.),1.22
2025-01-02,sup3,cat3,Сметана (180г.),1.94
2025-01-02,sup2,cat4,Яйцо куриное С1 (10шт.),3.81
2025-01-02,sup5,cat8,Мука (1кг.),1.64
2025-01-02,sup2,cat5,Филе куриное,19.60
2025-01-02,sup5,cat12,Сок яблочный (1л.),5.17
2025-01-02,sup3,cat3,Молоко (1л.),2.60
2025-01-02,sup1,cat5,Говядина,14.09
2025-01-02,sup1,cat6,Фарш,46.35
2025-01-02,sup10,cat2,Лук репчатый,1.93
2025-01-02,sup5,cat9,Конфеты шоколадные,24.21
2025-01-02,sup9,cat1,Яблоко,3.43
2025-01-02,sup4,cat7,Скумбрия,6.47
2025-01-02,sup7,cat10,Батон нарезной (240г.),1.22
2025-01-02,sup10,cat2,Морковь,0.79
2025-01-02,sup6,cat10,Хлеб светлый (400г.),1.20
2025-01-02,sup9,cat1,Груша,3.18
2025-01-02,sup1,cat11,Колбаса вареная (400г.),4.98
2025-01-02,sup10,cat2,Лук репчатый,0.17
2025-01-02,sup5,cat8,Кофе мол. (250г.),19.99
2025-01-02,sup6,cat10,Булочка с маком (1шт.),2.98
2025-01-02,sup5,cat12,Квас светлый (1л.),2.65
2025-01-02,sup1,cat5,Говядина,16.64
2025-01-02,sup9,cat1,Груша,11.43
2025-01-02,sup6,cat10,Булочка с маком (1шт.),2.98
2025-01-02,sup3,cat3,Молоко (1л.),2.60
2025-01-02,sup5,cat8,Спагетти (400г.),3.52
2025-01-02,sup1,cat6,Фарш,17.16
2025-01-02,sup5,cat12,Сок апельсиновый (1л.),7.20
2025-01-02,sup5,cat8,Сахар (1кг.),0.73
2025-01-02,sup5,cat12,Сок апельсиновый (1л.),14.40
2025-01-02,sup7,cat10,Хлеб ржаной (450г.),1.50
2025-01-02,sup1,cat5,Свинина,31.32
2025-01-02,sup8,cat2,Капуста,4.13
2025-01-02,sup5,cat12,Сок яблочный (1л.),5.17
2025-01-02,sup1,cat6,Колбаски,36.43
2025-01-02,sup5,cat8,Макароны (900г.),1.49
2025-01-02,sup5,cat9,Печенье овсяное (400г.),8.66
2025-01-02,sup6,cat10,Хлеб светлый (400г.),1.20
2025-01-02,sup4,cat7,Сельдь (250г.),5.99
2025-01-02,sup4,cat7,Паста рыбная (150г.),2.95
2025-01-02,sup5,cat12,Вода негаз. (0.5л.),0.99
2025-01-02,sup8,cat2,Огурец,5.93
2025-01-02,sup6,cat10,Лаваш (300г.),2.89
2025-01-02,sup1,cat11,Сосиски молочные,9.48
2025-01-02,sup5,cat9,Карамель,4.91
2025-01-02,sup2,cat4,Яйцо куриное С1 (10шт.),7.62
2025-01-02,sup5,cat8,Крупа гречневая (700г.),2.07
2025-01-02,sup2,cat4,Яйцо куриное С1 (15шт.),6.44
2025-01-02,sup2,cat4,Яйцо куриное Д1 (10шт.),4.98
2025-01-02,sup1,cat5,Говядина,36.09
2025-01-02,sup4,cat7,Минтай,0.88
2025-01-02,sup10,cat2,Картофель,0.29
2025-01-03,sup3,cat3,Сыр сливочный (200г.),5.41
2025-01-03,sup2,cat4,Яйцо куриное Д1 (10шт.),4.98
2025-01-03,sup5,cat8,Кофе раств. (95г.),14.99
2025-01-03,sup5,cat9,Шоколад молочный (90г.),17.97
2025-01-03,sup9,cat1,Банан,1.59
2025-01-03,sup5,cat9,Зефир (230г.),17.58
2025-01-03,sup5,cat8,Пшено (900г.),2.35
2025-01-03,sup9,cat1,Мандарин,28.43
2025-01-03,sup3,cat3,Масло сливочное (180г.),4.59
2025-01-03,sup6,cat10,Булочка с маком (1шт.),2.98
2025-01-03,sup1,cat11,Ветчина,5.44
2025-01-03,sup1,cat5,Говядина,19.68
2025-01-03,sup5,cat9,Печенье овсяное (400г.),4.33
2025-01-03,sup4,cat7,Форель (200г.),18.25
2025-01-03,sup7,cat10,Батон нарезной (240г.),1.22
2025-01-03,sup1,cat11,Колбаса вареная (400г.),4.98
2025-01-03,sup5,cat9,Мармелад,5.22
2025-01-03,sup4,cat7,Паста рыбная (150г.),2.95
2025-01-03,sup3,cat3,Кефир (1л.),2.27
2025-01-03,sup1,cat5,Говядина,28.71
2025-01-03,sup4,cat7,Паста рыбная (150г.),2.95
2025-01-03,sup8,cat2,Томат,2.73
2025-01-03,sup6,cat10,Лаваш (300г.),2.89
2025-01-03,sup5,cat8,Кофе мол. (250г.),19.99
2025-01-03,sup3,cat3,Кефир (1л.),4.54
2025-01-03,sup1,cat6,Фарш,20.91
2025-01-03,sup6,cat10,Плетенка (450г.),4.04
2025-01-03,sup5,cat12,Лимонад (2л.),5.35
2025-01-03,sup3,cat3,Творог (200г.),7.32
2025-01-03,sup5,cat8,Кофе мол. (250г.),39.98
2025-01-03,sup6,cat10,Плетенка (450г.),4.04
2025-01-03,sup1,cat6,Фарш,22.11
2025-01-03,sup2,cat4,Яйцо куриное С1 (15шт.),6.44
2025-01-03,sup3,cat3,Сыр голландский (200г.),5.02
2025-01-03,sup3,cat3,Творог (200г.),4.88
2025-01-03,sup5,cat12,Сок апельсиновый (1л.),7.20
2025-01-03,sup3,cat3,Сыр сливочный (200г.),5.41
2025-01-03,sup8,cat2,Картофель,5.82
2025-01-03,sup2,cat5,Окорочка куриные,11.82
2025-01-03,sup6,cat10,Лаваш (300г.),2.89
2025-01-03,sup6,cat10,Хлеб ржаной (450г.),1.50
2025-01-03,sup5,cat12,Сок апельсиновый (1л.),7.20
2025-01-03,sup6,cat10,Батон нарезной (240г.),1.22
2025-01-03,sup3,cat3,Творог (200г.),4.88
2025-01-03,sup1,cat11,Сервелат (400г.),8.51
2025-01-03,sup3,cat3,Масло сливочное (180г.),4.59
2025-01-03,sup5,cat12,Лимонад (2л.),10.70
2025-01-03,sup5,cat12,Квас светлый (1л.),2.65
2025-01-03,sup7,cat10,Хлеб светлый (400г.),1.20
2025-01-03,sup1,cat11,Салями,22.01
2025-01-03,sup8,cat2,Картофель,5.25
2025-01-03,sup8,cat2,Огурец,2.35
2025-01-03,sup4,cat7,Кальмар,28.97
2025-01-03,sup1,cat11,Колбаски охотничьи (500г.),9.20
2025-01-03,sup4,cat7,Форель (200г.),18.25
2025-01-03,sup10,cat2,Картофель,3.83
2025-01-03,sup2,cat5,Филе куриное,5.81
2025-01-03,sup4,cat7,Паста рыбная (150г.),2.95
2025-01-03,sup2,cat4,Яйцо перепелиное (10шт.),2.95
2025-01-03,sup5,cat12,Сок апельсиновый (1л.),7.20
2025-01-03,sup2,cat5,Окорочка куриные,4.17
2025-01-03,sup2,cat4,Яйцо перепелиное (10шт.),2.95
2025-01-03,sup6,cat10,Булочка с маком (1шт.),1.49
2025-01-03,sup5,cat8,Рис (900г.),3.49
2025-01-03,sup2,cat4,Яйцо куриное С1 (10шт.),7.62
2025-01-03,sup1,cat11,Колбаса вареная (400г.),4.98
2025-01-03,sup5,cat12,Лимонад (2л.),5.35
2025-01-03,sup1,cat11,Сосиски молочные,6.00
2025-01-03,sup3,cat3,Молоко (1л.),2.60
2025-01-04,sup5,cat8,Рис (900г.),3.49
2025-01-04,sup3,cat3,Кефир (1л.),4.54
2025-01-04,sup6,cat10,Хлеб ржаной (450г.),1.50
2025-01-04,sup11,cat2,Огурец,6.22
2025-01-04,sup5,cat8,Крупа манная (1кг.),2.02
2025-01-04,sup5,cat12,Сок апельсиновый (1л.),7.20
2025-01-04,sup1,cat11,Сервелат (400г.),8.51
2025-01-04,sup3,cat3,Творог (200г.),2.44
2025-01-04,sup5,cat8,Кофе раств. (95г.),44.97
2025-01-04,sup5,cat8,Кофе мол. (250г.),19.99
2025-01-04,sup9,cat1,Банан,10.25
2025-01-04,sup9,cat1,Груша,4.95
2025-01-04,sup3,cat3,Молоко (1л.),2.60
2025-01-04,sup10,cat2,Свекла,1.18
2025-01-04,sup3,cat3,Молоко (1л.),2.60
2025-01-04,sup4,cat7,Кальмар,38.41
2025-01-04,sup3,cat3,Творог (200г.),2.44
2025-01-04,sup1,cat11,Колбаски охотничьи (500г.),9.20
2025-01-04,sup6,cat10,Батон нарезной (240г.),2.44
2025-01-04,sup9,cat1,Банан,2.46
2025-01-04,sup5,cat8,Сахар (1кг.),0.73
2025-01-04,sup8,cat2,Капуста,4.19
2025-01-04,sup5,cat9,Шоколад молочный (90г.),5.99
2025-01-04,sup1,cat6,Фарш,11.77
2025-01-04,sup5,cat12,Лимонад (2л.),5.35
2025-01-04,sup4,cat7,Кальмар,23.68
2025-01-04,sup2,cat4,Яйцо куриное С1 (10шт.),7.62
2025-01-04,sup3,cat3,Сметана (180г.),1.94
2025-01-04,sup6,cat10,Булочка с маком (1шт.),1.49
2025-01-04,sup6,cat10,Багет (200г.),2.49
2025-01-04,sup6,cat10,Багет (200г.),2.49
2025-01-04,sup3,cat3,Кефир (1л.),2.27
2025-01-04,sup2,cat4,Яйцо куриное С1 (15шт.),6.44
2025-01-04,sup3,cat3,Сметана (380г.),3.71
2025-01-04,sup1,cat11,Колбаски охотничьи (500г.),9.20
2025-01-04,sup12,cat12,Вода негаз. (0.5л.),0.99
2025-01-04,sup3,cat3,Сметана (380г.),7.42
2025-01-04,sup5,cat12,Вода негаз. (0.5л.),1.98
2025-01-04,sup7,cat10,Батон нарезной (240г.),2.44
2025-01-04,sup8,cat2,Картофель,2.67
2025-01-04,sup2,cat4,Яйцо куриное С1 (10шт.),7.62
2025-01-04,sup3,cat3,Кефир (1л.),2.27
2025-01-04,sup1,cat6,Фарш,46.13
2025-01-04,sup6,cat10,Хлеб ржаной (450г.),1.50
2025-01-04,sup5,cat8,Рис (900г.),3.49
2025-01-04,sup7,cat10,Батон нарезной (240г.),1.22
2025-01-04,sup5,cat12,Сок апельсиновый (1л.),14.40
2025-01-04,sup8,cat2,Томат,18.05
2025-01-04,sup3,cat3,Молоко (1л.),2.60
2025-01-04,sup3,cat3,Молоко (1л.),5.20
2025-01-04,sup4,cat7,Паста рыбная (150г.),2.95
2025-01-04,sup5,cat8,Кофе мол. (250г.),19.99
2025-01-04,sup6,cat10,Батон нарезной (240г.),1.22
2025-01-04,sup6,cat10,Батон нарезной (240г.),2.44
2025-01-04,sup7,cat10,Хлеб светлый (400г.),1.20
2025-01-04,sup3,cat3,Сметана (180г.),1.94
2025-01-04,sup4,cat7,Паста рыбная (150г.),2.95
2025-01-04,sup5,cat12,Квас светлый (1л.),2.65
2025-01-04,sup5,cat8,Макароны (900г.),2.98
2025-01-04,sup2,cat4,Яйцо куриное С1 (10шт.),3.81
2025-01-04,sup3,cat3,Сыр российский,18.49
2025-01-04,sup3,cat3,Масло сливочное (180г.),4.59
2025-01-04,sup4,cat7,Скумбрия,4.97
2025-01-04,sup1,cat6,Колбаски,31.79
2025-01-05,sup2,cat4,Яйцо куриное С1 (10шт.),3.81
2025-01-05,sup2,cat4,Яйцо куриное С1 (10шт.),7.62
2025-01-05,sup10,cat2,Лук репчатый,0.71
2025-01-05,sup9,cat1,Яблоко,5.46
2025-01-05,sup1,cat5,Свинина,37.68
2025-01-05,sup3,cat3,Сыр сливочный (200г.),5.41
2025-01-05,sup3,cat3,Сметана (180г.),1.94
2025-01-05,sup10,cat12,Сок яблочный (1л.),5.17
2025-01-05,sup7,cat10,Хлеб светлый (400г.),1.20
2025-01-05,sup5,cat8,Чай пак. (25шт.),3.80
2025-01-05,sup1,cat11,Колбаса вареная (400г.),4.98
2025-01-05,sup1,cat6,Котлеты,9.71
2025-01-05,sup10,cat2,Морковь,0.86
2025-01-05,sup9,cat1,Мандарин,2.36
2025-01-05,sup5,cat12,Вода негаз. (0.5л.),0.99
2025-01-05,sup12,cat12,Coca-Cola (1л.),3.07
2025-01-05,sup8,cat2,Картофель,3.18
2025-01-05,sup3,cat3,Сметана (180г.),1.94
2025-01-05,sup9,cat1,Груша,19.14
2025-01-05,sup5,cat9,Конфеты шоколадные,8.21
2025-01-05,sup5,cat8,Масло распсовое (0.8л.),4.99
2025-01-05,sup1,cat6,Фарш,23.27
2025-01-05,sup5,cat9,Шоколад молочный (90г.),11.98
2025-01-05,sup8,cat2,Томат,5.64
2025-01-05,sup3,cat3,Кефир (1л.),4.54
2025-01-05,sup5,cat8,Крупа перловая (1кг.),1.44
2025-01-05,sup3,cat3,Масло сливочное (360г.),9.49
2025-01-05,sup6,cat10,Хлеб светлый (400г.),1.20
2025-01-05,sup3,cat3,Кефир (1л.),2.27
2025-01-05,sup8,cat2,Морковь,1.45
2025-01-05,sup4,cat7,Сельдь (250г.),5.99
2025-01-05,sup2,cat5,Окорочка куриные,7.98
2025-01-05,sup3,cat3,Сметана (380г.),3.71
2025-01-05,sup9,cat1,Груша,9.33
2025-01-05,sup2,cat5,Окорочка куриные,5.63
2025-01-05,sup4,cat7,Минтай,1.34
2025-01-05,sup4,cat7,Хек,7.91
2025-01-05,sup5,cat8,Спагетти (400г.),1.76
2025-01-05,sup5,cat8,Спагетти (400г.),1.76
2025-01-05,sup5,cat8,Мука (1кг.),1.64
2025-01-05,sup9,cat1,Банан,6.29
2025-01-05,sup3,cat3,Масло сливочное (180г.),4.59
2025-01-05,sup5,cat9,Шоколад молочный (90г.),5.99
2025-01-05,sup5,cat8,Рис (900г.),3.49
2025-01-05,sup3,cat3,Молоко (1л.),5.20
2025-01-05,sup5,cat8,Чай пак. (25шт.),3.80
2025-01-05,sup6,cat10,Батон нарезной (240г.),2.44
2025-01-05,sup6,cat10,Хлеб светлый (400г.),1.20
2025-01-05,sup1,cat11,Сервелат (400г.),17.02
2025-01-05,sup6,cat10,Хлеб светлый (400г.),1.20
2025-01-05,sup6,cat10,Батон нарезной (240г.),2.44
2025-01-05,sup5,cat8,Мука (2кг.),2.60
2025-01-05,sup8,cat2,Капуста,3.33
2025-01-05,sup11,cat2,Огурец,5.68
2025-01-06,sup11,cat2,Томат,19.45
2025-01-06,sup3,cat3,Молоко (1.5л.),3.86
2025-01-06,sup5,cat9,Вафли (143г.),5.52
2025-01-06,sup5,cat8,Чай пак. (25шт.),3.80
2025-01-06,sup2,cat4,Яйцо куриное Д1 (10шт.),4.98
2025-01-06,sup5,cat9,Мармелад,3.16
2025-01-06,sup3,cat3,Творог (200г.),2.44
2025-01-06,sup8,cat2,Огурец,3.24
2025-01-06,sup5,cat8,Крупа перловая (1кг.),1.44
2025-01-06,sup3,cat3,Кефир (1л.),2.27
2025-01-06,sup7,cat10,Хлеб светлый (400г.),1.20
2025-01-06,sup5,cat9,Зефир (230г.),8.79
2025-01-06,sup5,cat8,Масло подсолнечное (0.8л.),10.10
2025-01-06,sup6,cat10,Лаваш (300г.),2.89
2025-01-06,sup3,cat3,Кефир (1л.),2.27
2025-01-06,sup6,cat10,Батон нарезной (240г.),1.22
2025-01-06,sup5,cat8,Мука (1кг.),1.64
2025-01-06,sup6,cat10,Хлеб ржаной (450г.),1.50
2025-01-06,sup1,cat11,Колбаса вареная (400г.),4.98
2025-01-06,sup5,cat8,Крупа гречневая (700г.),2.07
2025-01-06,sup3,cat3,Сметана (180г.),3.88
2025-01-06,sup5,cat8,Крупа гречневая (700г.),2.07
2025-01-06,sup1,cat6,Голубцы,33.62
2025-01-06,sup11,cat2,Огурец,1.19
2025-01-06,sup2,cat4,Яйцо куриное С1 (15шт.),6.44
2025-01-06,sup12,cat12,Вода негаз. (0.5л.),0.99
2025-01-06,sup8,cat2,Картофель,2.18
2025-01-06,sup3,cat3,Творог (200г.),2.44
2025-01-06,sup1,cat6,Котлеты,13.84
2025-01-06,sup5,cat8,Крупа манная (1кг.),2.02
2025-01-06,sup3,cat3,Молоко (1л.),2.60
2025-01-06,sup2,cat5,Окорочка куриные,8.39
2025-01-06,sup2,cat4,Яйцо перепелиное (20шт.),4.65
2025-01-06,sup10,cat2,Лук репчатый,0.26
2025-01-06,sup2,cat4,Яйцо куриное С1 (10шт.),3.81
2025-01-06,sup2,cat4,Яйцо куриное С1 (15шт.),6.44
2025-01-06,sup3,cat3,Сыр голландский (200г.),5.02
2025-01-06,sup8,cat2,Картофель,6.08
2025-01-06,sup1,cat6,Колбаски,22.70
2025-01-06,sup5,cat8,Мука (2кг.),2.60
2025-01-06,sup9,cat1,Мандарин,27.61
2025-01-06,sup1,cat11,Сервелат (400г.),8.51
2025-01-06,sup1,cat6,Фарш,19.00
2025-01-06,sup3,cat3,Сметана (380г.),3.71
2025-01-06,sup1,cat11,Сервелат (400г.),8.51
2025-01-06,sup3,cat3,Кефир (1л.),4.54
2025-01-06,sup6,cat10,Лаваш (300г.),2.89
2025-01-06,sup1,cat11,Сосиски молочные,4.11
2025-01-06,sup2,cat4,Яйцо куриное С1 (15шт.),6.44
2025-01-06,sup3,cat3,Масло сливочное (360г.),9.49
2025-01-06,sup7,cat10,Батон нарезной (240г.),1.22
2025-01-07,sup1,cat11,Ветчина,16.50
2025-01-07,sup1,cat6,Голубцы,17.04
2025-01-07,sup6,cat10,Хлеб ржаной (450г.),1.50
2025-01-07,sup1,cat11,Сосиски молочные,9.35
2025-01-07,sup9,cat1,Мандарин,6.16
2025-01-07,sup5,cat9,Конфеты шоколадные,18.39
2025-01-07,sup5,cat8,Масло подсолнечное (0.8л.),8.08
2025-01-07,sup8,cat2,Капуста,4.42
2025-01-07,sup3,cat3,Сыр голландский (200г.),5.02
2025-01-07,sup2,cat4,Яйцо куриное Д1 (10шт.),4.98
2025-01-07,sup2,cat5,Окорочка куриные,10.43
2025-01-07,sup8,cat2,Капуста,2.59
2025-01-07,sup5,cat8,Кофе мол. (250г.),19.99
2025-01-07,sup10,cat2,Лук репчатый,1.31
2025-01-07,sup5,cat8,Крупа манная (1кг.),2.02
2025-01-07,sup2,cat4,Яйцо куриное С1 (10шт.),3.81
2025-01-07,sup1,cat11,Сервелат (400г.),17.02
2025-01-07,sup2,cat11,Колбаса вареная (400г.),4.98
2025-01-07,sup1,cat5,Говядина,8.63
2025-01-07,sup3,cat3,Сыр сливочный (200г.),5.41
2025-01-07,sup6,cat10,Булочка с маком (1шт.),2.98
2025-01-07,sup2,cat4,Яйцо куриное С1 (15шт.),6.44
2025-01-07,sup3,cat3,Молоко (1л.),2.60
2025-01-07,sup3,cat3,Молоко (1л.),5.20
2025-01-07,sup1,cat6,Голубцы,11.89
2025-01-07,sup6,cat10,Хлеб светлый (400г.),1.20
2025-01-07,sup2,cat4,Яйцо куриное С1 (15шт.),6.44
2025-01-07,sup3,cat3,Кефир (1л.),2.27
2025-01-07,sup12,cat12,Вода негаз. (0.5л.),0.99
2025-01-07,sup8,cat2,Лук репчатый,0.80
2025-01-07,sup6,cat10,Лаваш (300г.),2.89
2025-01-07,sup6,cat10,Батон нарезной (240г.),1.22
2025-01-07,sup5,cat8,Крупа манная (1кг.),2.02
2025-01-07,sup2,cat11,Колбаса вареная (400г.),4.98
2025-01-07,sup5,cat8,Кофе мол. (250г.),19.99
2025-01-07,sup7,cat10,Сушки (500г.),3.99
2025-01-07,sup9,cat1,Банан,6.66
2025-01-07,sup5,cat8,Рис (900г.),6.98
2025-01-07,sup10,cat2,Лук репчатый,1.72
2025-01-07,sup5,cat9,Конфеты шоколадные,22.18
2025-01-07,sup5,cat8,Спагетти (400г.),1.76
2025-01-07,sup8,cat2,Томат,14.27
2025-01-07,sup1,cat11,Колбаски охотничьи (500г.),9.20
2025-01-07,sup4,cat7,Сельдь (250г.),5.99
2025-01-07,sup2,cat4,Яйцо куриное С1 (15шт.),6.44
2025-01-07,sup1,cat11,Колбаса вареная (400г.),4.98
2025-01-07,sup5,cat12,Вода негаз. (0.5л.),0.99
2025-01-07,sup3,cat3,Масло сливочное (180г.),4.59
2025-01-07,sup6,cat10,Батон нарезной (240г.),1.22
2025-01-07,sup5,cat8,Мука (1кг.),1.64
2025-01-08,sup1,cat11,Колбаса вареная (400г.),4.98
2025-01-08,sup3,cat3,Кефир (1л.),2.27
2025-01-08,sup3,cat3,Кефир (1л.),2.27
2025-01-08,sup4,cat7,Форель (200г.),18.25
2025-01-08,sup6,cat10,Хлеб светлый (400г.),1.20
2025-01-08,sup1,cat11,Сервелат (400г.),8.51
2025-01-08,sup7,cat10,Батон нарезной (240г.),2.44
2025-01-08,sup6,cat10,Батон нарезной (240г.),1.22
2025-01-08,sup12,cat12,Coca-Cola (1л.),6.14
2025-01-08,sup5,cat8,Кофе раств. (95г.),29.98
2025-01-08,sup8,cat2,Огурец,6.12
2025-01-08,sup6,cat10,Лаваш (300г.),2.89
2025-01-08,sup5,cat9,Печенье овсяное (400г.),4.33
2025-01-08,sup5,cat8,Макароны (900г.),1.49
2025-01-08,sup2,cat5,Филе куриное,14.17
2025-01-08,sup9,cat1,Мандарин,15.69
2025-01-08,sup5,cat8,Кофе мол. (250г.),19.99
2025-01-08,sup5,cat9,Карамель,4.65
2025-01-08,sup7,cat10,Батон нарезной (240г.),2.44
2025-01-08,sup6,cat10,Багет (200г.),2.49
2025-01-08,sup5,cat9,Вафли (143г.),2.76
2025-01-08,sup3,cat3,Молоко (1л.),2.60
2025-01-08,sup10,cat2,Картофель,1.62
2025-01-08,sup6,cat10,Батон нарезной (240г.),1.22
2025-01-08,sup3,cat3,Кефир (1л.),2.27
2025-01-08,sup7,cat10,Хлеб ржаной (450г.),1.50
2025-01-08,sup5,cat8,Сахар (1кг.),2.19
2025-01-08,sup5,cat12,Сок апельсиновый (1л.),7.20
2025-01-08,sup8,cat2,Томат,9.71
2025-01-08,sup2,cat6,Котлеты,20.17
2025-01-08,sup1,cat6,Котлеты,15.17
2025-01-08,sup8,cat2,Картофель,5.57
2025-01-08,sup6,cat10,Плетенка (450г.),4.04
2025-01-08,sup5,cat12,Вода негаз. (0.5л.),0.99
2025-01-08,sup2,cat4,Яйцо куриное С1 (10шт.),3.81
2025-01-08,sup5,cat12,Вода мин. газ. (1л.),1.59
2025-01-08,sup8,cat1,Груша,6.27
2025-01-08,sup6,cat10,Булочка с маком (1шт.),4.47
2025-01-08,sup1,cat11,Бекон (220г),9.99
2025-01-08,sup3,cat3,Молоко (1л.),5.20
2025-01-08,sup4,cat7,Креветки,38.65
2025-01-08,sup1,cat5,Говядина,9.71
2025-01-08,sup1,cat6,Фарш,41.39
2025-01-08,sup8,cat2,Картофель,0.47
2025-01-08,sup10,cat2,Картофель,5.37
2025-01-08,sup1,cat11,Сервелат (400г.),17.02
2025-01-08,sup1,cat5,Говядина,19.66
2025-01-08,sup6,cat10,Хлеб светлый (400г.),1.20
2025-01-08,sup1,cat11,Колбаса вареная (400г.),4.98
2025-01-08,sup1,cat11,Салями,21.86
2025-01-08,sup6,cat10,Лаваш (300г.),2.89
2025-01-08,sup5,cat9,Печенье овсяное (400г.),8.66
2025-01-09,sup1,cat11,Ветчина,6.59
2025-01-09,sup2,cat4,Яйцо куриное Д1 (10шт.),4.98
2025-01-09,sup6,cat10,Булочка с маком (1шт.),2.98
2025-01-09,sup6,cat10,Плетенка (450г.),4.04
2025-01-09,sup4,cat7,Сельдь (250г.),5.99
2025-01-09,sup12,cat12,Coca-Cola (1л.),3.07
2025-01-09,sup1,cat5,Говядина,24.30
2025-01-09,sup6,cat10,Сушки (500г.),3.99
2025-01-09,sup8,cat2,Лук репчатый,0.40
2025-01-09,sup8,cat1,Груша,8.38
2025-01-09,sup1,cat11,Сосиски молочные,4.27
2025-01-09,sup10,cat1,Груша,11.09
2025-01-09,sup3,cat3,Кефир (1л.),2.27
2025-01-09,sup5,cat12,Вода негаз. (0.5л.),1.98
2025-01-09,sup6,cat10,Булочка с маком (1шт.),2.98
2025-01-09,sup6,cat10,Лаваш (300г.),2.89
2025-01-09,sup12,cat12,Вода негаз. (0.5л.),1.98
2025-01-09,sup6,cat10,Батон нарезной (240г.),2.44
2025-01-09,sup3,cat3,Молоко (1.5л.),3.86
2025-01-09,sup3,cat3,Сметана (380г.),7.42
2025-01-09,sup8,cat2,Томат,6.63
2025-01-09,sup5,cat8,Спагетти (400г.),1.76
2025-01-09,sup4,cat7,Минтай,1.52
2025-01-09,sup1,cat6,Фарш,13.09
2025-01-09,sup9,cat1,Мандарин,13.43
2025-01-09,sup2,cat4,Яйцо куриное С1 (10шт.),7.62
2025-01-09,sup3,cat3,Сметана (380г.),3.71
2025-01-09,sup6,cat10,Сушки (500г.),3.99
2025-01-09,sup2,cat4,Яйцо перепелиное (10шт.),2.95
2025-01-09,sup5,cat8,Макароны (900г.),1.49
2025-01-09,sup6,cat10,Лаваш (300г.),2.89
2025-01-09,sup3,cat3,Творог (200г.),4.88
2025-01-09,sup7,cat10,Батон нарезной (240г.),1.22
2025-01-09,sup5,cat12,Вода негаз. (0.5л.),0.99
2025-01-09,sup8,cat2,Огурец,5.16
2025-01-09,sup5,cat8,Спагетти (400г.),1.76
2025-01-09,sup2,cat5,Филе куриное,19.62
2025-01-09,sup4,cat7,Минтай,1.16
2025-01-09,sup10,cat2,Картофель,3.42
2025-01-09,sup9,cat1,Банан,11.39
2025-01-09,sup10,cat2,Картофель,2.00
2025-01-09,sup5,cat9,Конфеты шоколадные,9.26
2025-01-09,sup5,cat12,Сок апельсиновый (1л.),7.20
2025-01-09,sup3,cat3,Сметана (380г.),7.42
2025-01-09,sup9,cat2,Томат,16.10
2025-01-09,sup3,cat3,Молоко (1.5л.),3.86
2025-01-09,sup3,cat3,Молоко (1л.),2.60
2025-01-09,sup4,cat7,Сельдь (250г.),5.99
2025-01-09,sup5,cat8,Крупа гречневая (700г.),2.07
2025-01-09,sup8,cat1,Груша,15.35
2025-01-10,sup6,cat10,Батон нарезной (240г.),1.22
2025-01-10,sup2,cat4,Яйцо куриное С1 (15шт.),6.44
2025-01-10,sup6,cat10,Булочка с маком (1шт.),2.98
2025-01-10,sup12,cat12,Вода негаз. (0.5л.),0.99
2025-01-10,sup11,cat2,Томат,3.44
2025-01-10,sup8,cat2,Лук репчатый,1.47
2025-01-10,sup6,cat10,Батон нарезной (240г.),2.44
2025-01-10,sup1,cat6,Фарш,21.43
2025-01-10,sup5,cat8,Сахар (1кг.),0.73
2025-01-10,sup5,cat9,Печенье овсяное (400г.),4.33
2025-01-10,sup5,cat9,Печенье овсяное (400г.),4.33
2025-01-10,sup7,cat10,Батон нарезной (240г.),1.22
2025-01-10,sup1,cat6,Котлеты,17.66
2025-01-10,sup2,cat6,Шашлык,23.47
2025-01-10,sup5,cat9,Конфеты шоколадные,13.96
2025-01-10,sup1,cat11,Салями,20.84
2025-01-10,sup4,cat7,Хек,8.79
2025-01-10,sup2,cat4,Яйцо куриное С1 (15шт.),6.44
2025-01-10,sup5,cat12,Сок яблочный (1л.),5.17
2025-01-10,sup2,cat11,Сосиски молочные,11.72
2025-01-10,sup5,cat8,Рис (900г.),6.98
2025-01-10,sup5,cat9,Карамель,5.36
2025-01-10,sup5,cat9,Конфеты шоколадные,31.32
2025-01-10,sup2,cat6,Печень куриная (550г.),5.50
2025-01-10,sup8,cat2,Капуста,3.25
2025-01-10,sup5,cat8,Сахар (1кг.),0.73
2025-01-10,sup10,cat12,Сок яблочный (1л.),5.17
2025-01-10,sup3,cat3,Творог (200г.),7.32
2025-01-10,sup2,cat4,Яйцо куриное С1 (15шт.),6.44
2025-01-10,sup3,cat3,Молоко (1.5л.),3.86
2025-01-10,sup3,cat3,Сыр российский,5.75
2025-01-10,sup3,cat3,Творог (200г.),4.88
2025-01-10,sup5,cat9,Карамель,3.62
2025-01-10,sup3,cat3,Сыр голландский (200г.),5.02
2025-01-10,sup6,cat10,Батон нарезной (240г.),1.22
2025-01-10,sup5,cat8,Пшено (900г.),2.35
2025-01-10,sup3,cat3,Сметана (180г.),1.94
2025-01-10,sup6,cat10,Батон нарезной (240г.),1.22
2025-01-10,sup5,cat8,Рис (900г.),3.49
2025-01-10,sup6,cat10,Батон нарезной (240г.),1.22
2025-01-10,sup2,cat4,Яйцо куриное Д1 (10шт.),4.98
2025-01-10,sup5,cat8,Макароны (900г.),1.49
2025-01-10,sup11,cat2,Томат,23.08
2025-01-10,sup5,cat9,Карамель,3.19
2025-01-10,sup3,cat3,Сметана (180г.),1.94
2025-01-10,sup6,cat10,Батон нарезной (240г.),1.22
2025-01-10,sup5,cat9,Конфеты шоколадные,8.30
2025-01-10,sup5,cat9,Конфеты шоколадные,32.83
2025-01-10,sup6,cat10,Батон нарезной (240г.),2.44
2025-01-10,sup2,cat6,Желудки куриные (550г.),4.98
2025-01-10,sup7,cat10,Хлеб светлый (400г.),1.20
2025-01-10,sup9,cat2,Огурец,6.76
2025-01-10,sup6,cat10,Багет (200г.),2.49
2025-01-10,sup9,cat2,Томат,18.23
2025-01-10,sup4,cat7,Скумбрия,7.77
2025-01-10,sup5,cat9,Шоколад молочный (90г.),5.99
2025-01-10,sup10,cat1,Груша,13.77
2025-01-10,sup6,cat10,Лаваш (300г.),2.89
2025-01-10,sup1,cat5,Говядина,36.76
2025-01-10,sup1,cat11,Сервелат (400г.),8.51
2025-01-10,sup5,cat8,Макароны (900г.),1.49
2025-01-10,sup3,cat3,Сметана (180г.),1.94
2025-01-10,sup2,cat4,Яйцо перепелиное (10шт.),2.95
2025-01-10,sup2,cat11,Колбаса вареная (400г.),4.98
2025-01-10,sup1,cat5,Говядина,22.32
2025-01-10,sup6,cat10,Батон нарезной (240г.),1.22
2025-01-11,sup8,cat2,Лук репчатый,0.80
2025-01-11,sup4,cat7,Икра лососевая (140г.),32.99
2025-01-11,sup2,cat11,Колбаса вареная (400г.),4.98
2025-01-11,sup3,cat3,Молоко (1л.),2.60
2025-01-11,sup3,cat3,Сыр российский,4.47
2025-01-11,sup2,cat4,Яйцо куриное С1 (10шт.),3.81
2025-01-11,sup2,cat6,Котлеты,18.18
2025-01-11,sup5,cat8,Мука (2кг.),2.60
2025-01-11,sup5,cat9,Зефир (230г.),17.58
2025-01-11,sup2,cat5,Окорочка куриные,10.76
2025-01-11,sup3,cat3,Кефир (1л.),2.27
2025-01-11,sup3,cat3,Масло сливочное (180г.),4.59
2025-01-11,sup8,cat2,Огурец,1.52
2025-01-11,sup1,cat5,Говядина,16.76
2025-01-11,sup5,cat8,Крупа манная (1кг.),2.02
2025-01-11,sup5,cat8,Рис (900г.),6.98
2025-01-11,sup1,cat11,Сосиски молочные,12.39
2025-01-11,sup9,cat1,Мандарин,22.84
2025-01-11,sup1,cat11,Сервелат (400г.),17.02
2025-01-11,sup8,cat2,Огурец,3.52
2025-01-11,sup5,cat8,Мука (2кг.),2.60
2025-01-11,sup9,cat1,Мандарин,12.11
2025-01-11,sup9,cat1,Мандарин,25.58
2025-01-11,sup5,cat8,Мука (1кг.),1.64
2025-01-11,sup3,cat3,Сыр российский,20.76
2025-01-11,sup1,cat11,Салями,21.93
2025-01-11,sup5,cat9,Конфеты шоколадные,4.87
2025-01-11,sup1,cat6,Фарш,30.67
2025-01-11,sup6,cat10,Багет (200г.),2.49
2025-01-11,sup3,cat3,Молоко (1л.),2.60
2025-01-11,sup6,cat10,Лаваш (300г.),2.89
2025-01-11,sup3,cat3,Молоко (1л.),2.60
2025-01-11,sup5,cat8,Спагетти (400г.),1.76
2025-01-11,sup5,cat8,Крупа манная (1кг.),2.02
2025-01-11,sup1,cat5,Свинина,29.95
2025-01-11,sup2,cat4,Яйцо куриное С1 (15шт.),6.44
2025-01-11,sup10,cat1,Груша,5.91
2025-01-11,sup7,cat10,Батон нарезной (240г.),1.22
2025-01-11,sup2,cat4,Яйцо куриное С1 (10шт.),3.81
2025-01-11,sup3,cat3,Сметана (380г.),7.42
2025-01-11,sup5,cat9,Карамель,7.87
2025-01-11,sup5,cat12,Квас светлый (1л.),2.65
2025-01-11,sup5,cat9,Шоколад молочный (90г.),5.99
2025-01-11,sup5,cat12,Сок апельсиновый (1л.),7.20
2025-01-11,sup9,cat1,Банан,4.52
2025-01-11,sup7,cat10,Батон нарезной (240г.),2.44
2025-01-11,sup9,cat1,Мандарин,14.56
2025-01-11,sup3,cat3,Молоко (1л.),2.60
2025-01-11,sup5,cat8,Рис (900г.),3.49
2025-01-11,sup6,cat10,Лаваш (300г.),2.89
2025-01-11,sup6,cat10,Батон нарезной (240г.),2.44
2025-01-11,sup6,cat10,Багет (200г.),2.49
2025-01-11,sup6,cat10,Батон нарезной (240г.),2.44
2025-01-11,sup2,cat5,Окорочка куриные,3.28
2025-01-11,sup4,cat7,Паста рыбная (150г.),2.95
2025-01-11,sup7,cat10,Батон нарезной (240г.),1.22
2025-01-11,sup1,cat6,Котлеты,16.57
2025-01-11,sup2,cat4,Яйцо куриное С1 (10шт.),3.81
2025-01-11,sup7,cat10,Хлеб светлый (400г.),1.20
2025-01-11,sup1,cat5,Свинина,45.56
2025-01-11,sup3,cat3,Сметана (180г.),3.88
2025-01-11,sup1,cat11,Ветчина,9.03
2025-01-11,sup2,cat4,Яйцо куриное С1 (15шт.),6.44
2025-01-11,sup3,cat3,Масло сливочное (180г.),4.59
2025-01-11,sup3,cat3,Сыр российский,15.42
2025-01-11,sup2,cat6,Фарш,35.73
2025-01-11,sup6,cat10,Батон нарезной (240г.),1.22
2025-01-12,sup5,cat9,Мармелад,6.83
2025-01-12,sup4,cat7,Хек,9.65
2025-01-12,sup3,cat3,Сметана (180г.),1.94
2025-01-12,sup1,cat11,Сосиски молочные,10.12
2025-01-12,sup6,cat10,Батон нарезной (240г.),2.44
2025-01-12,sup2,cat4,Яйцо куриное С1 (10шт.),7.62
2025-01-12,sup11,cat2,Томат,3.92
2025-01-12,sup5,cat8,Крупа манная (1кг.),2.02
2025-01-12,sup9,cat1,Мандарин,5.09
2025-01-12,sup7,cat10,Хлеб светлый (400г.),1.20
2025-01-12,sup8,cat2,Лук репчатый,1.31
2025-01-12,sup9,cat2,Томат,21.57
2025-01-12,sup10,cat2,Лук репчатый,1.04
2025-01-12,sup7,cat10,Батон нарезной (240г.),1.22
2025-01-12,sup6,cat10,Батон нарезной (240г.),1.22
2025-01-12,sup5,cat8,Спагетти (400г.),3.52
2025-01-12,sup2,cat5,Окорочка куриные,5.77
2025-01-12,sup5,cat8,Сахар (1кг.),2.19
2025-01-12,sup2,cat5,Окорочка куриные,5.57
2025-01-12,sup3,cat3,Кефир (1л.),2.27
2025-01-12,sup1,cat5,Говядина,41.06
2025-01-12,sup3,cat3,Сметана (380г.),3.71
2025-01-12,sup6,cat10,Хлеб светлый (400г.),1.20
2025-01-12,sup7,cat10,Батон нарезной (240г.),1.22
2025-01-12,sup2,cat6,Котлеты,18.16
2025-01-12,sup3,cat3,Сметана (180г.),1.94
2025-01-12,sup5,cat8,Крупа гречневая (700г.),4.14
2025-01-12,sup4,cat7,Минтай,1.55
2025-01-12,sup5,cat8,Рис (900г.),3.49
2025-01-12,sup12,cat12,Coca-Cola (1л.),3.07
2025-01-12,sup12,cat12,Coca-Cola (1л.),3.07
2025-01-12,sup10,cat2,Лук репчатый,1.94
2025-01-12,sup5,cat8,Мука (2кг.),2.60
2025-01-12,sup3,cat3,Молоко (1л.),2.60
2025-01-12,sup2,cat5,Окорочка куриные,3.01
2025-01-12,sup4,cat7,Хек,11.34
2025-01-12,sup10,cat1,Груша,12.41
2025-01-12,sup10,cat2,Картофель,0.87
2025-01-12,sup5,cat8,Соль (1кг.),0.73
2025-01-12,sup2,cat6,Печень куриная (550г.),5.50
2025-01-12,sup5,cat12,Чай холодный (0.5л.),3.59
2025-01-12,sup5,cat12,Квас светлый (1л.),2.65
2025-01-12,sup6,cat10,Батон нарезной (240г.),1.22
2025-01-12,sup6,cat10,Батон нарезной (240г.),2.44
2025-01-12,sup5,cat8,Кофе мол. (250г.),19.99
2025-01-12,sup10,cat2,Лук репчатый,0.32
2025-01-12,sup7,cat10,Хлеб светлый (400г.),1.20
2025-01-12,sup5,cat9,Шоколад молочный (90г.),5.99
2025-01-12,sup2,cat5,Окорочка куриные,4.60
2025-01-12,sup5,cat8,Спагетти (400г.),1.76
2025-01-12,sup12,cat12,Вода негаз. (0.5л.),0.99
2025-01-12,sup7,cat10,Хлеб светлый (400г.),1.20
2025-01-12,sup12,cat12,Вода негаз. (0.5л.),1.98
2025-01-12,sup5,cat12,Сок апельсиновый (1л.),7.20
2025-01-12,sup3,cat3,Кефир (1л.),4.54
2025-01-12,sup1,cat11,Колбаса вареная (400г.),4.98
2025-01-12,sup4,cat7,Хек,15.00
2025-01-12,sup2,cat4,Яйцо перепелиное (10шт.),2.95
2025-01-13,sup9,cat1,Банан,1.97
2025-01-13,sup5,cat8,Спагетти (400г.),1.76
2025-01-13,sup3,cat3,Сыр российский,12.44
2025-01-13,sup4,cat7,Форель (200г.),18.25
2025-01-13,sup2,cat6,Колбаски,24.34
2025-01-13,sup10,cat1,Яблоко,11.90
2025-01-13,sup9,cat1,Банан,8.69
2025-01-13,sup5,cat12,Лимонад (2л.),5.35
2025-01-13,sup10,cat2,Картофель,4.02
2025-01-13,sup9,cat2,Огурец,6.10
2025-01-13,sup3,cat3,Творог (200г.),2.44
2025-01-13,sup8,cat1,Яблоко,5.23
2025-01-13,sup5,cat12,Сок апельсиновый (1л.),7.20
2025-01-13,sup1,cat5,Говядина,10.64
2025-01-13,sup4,cat7,Форель (200г.),18.25
2025-01-13,sup5,cat12,Чай холодный (0.5л.),3.59
2025-01-13,sup5,cat9,Зефир (230г.),17.58
2025-01-13,sup1,cat6,Фарш,31.51
2025-01-13,sup1,cat11,Салями,20.61
2025-01-13,sup7,cat10,Батон нарезной (240г.),1.22
2025-01-13,sup2,cat6,Фарш,37.76
2025-01-13,sup3,cat3,Сыр голландский (200г.),5.02
2025-01-13,sup5,cat8,Мука (1кг.),1.64
2025-01-13,sup5,cat8,Мука (1кг.),1.64
2025-01-13,sup5,cat8,Соль (1кг.),0.73
2025-01-13,sup1,cat11,Сервелат (400г.),8.51
2025-01-13,sup6,cat10,Батон нарезной (240г.),2.44
2025-01-13,sup5,cat9,Конфеты шоколадные,28.78
2025-01-13,sup5,cat12,Сок яблочный (1л.),5.17
2025-01-13,sup1,cat11,Сервелат (400г.),17.02
2025-01-13,sup6,cat10,Батон нарезной (240г.),2.44
2025-01-13,sup5,cat12,Вода негаз. (0.5л.),1.98
2025-01-13,sup1,cat6,Фарш,43.55
2025-01-13,sup1,cat11,Сервелат (400г.),8.51
2025-01-13,sup6,cat10,Хлеб ржаной (450г.),1.50
2025-01-13,sup6,cat10,Батон нарезной (240г.),2.44
2025-01-13,sup4,cat7,Минтай,0.89
2025-01-13,sup2,cat6,Фарш,35.62
2025-01-13,sup5,cat9,Карамель,3.03
2025-01-13,sup1,cat6,Голубцы,13.65
2025-01-13,sup5,cat8,Масло подсолнечное (0.8л.),4.04
2025-01-13,sup2,cat11,Колбаса вареная (400г.),4.98
2025-01-13,sup5,cat8,Кофе мол. (250г.),19.99
2025-01-13,sup6,cat10,Булочка с маком (1шт.),4.47
2025-01-13,sup6,cat10,Хлеб светлый (400г.),1.20
2025-01-13,sup3,cat3,Кефир (1л.),2.27
2025-01-13,sup2,cat4,Яйцо куриное С1 (15шт.),6.44
2025-01-13,sup5,cat9,Конфеты шоколадные,13.49
2025-01-13,sup5,cat9,Зефир (230г.),8.79
2025-01-13,sup2,cat4,Яйцо куриное Д1 (10шт.),4.98
2025-01-13,sup5,cat8,Сахар (1кг.),0.73
2025-01-13,sup6,cat10,Хлеб светлый (400г.),1.20
2025-01-14,sup9,cat2,Томат,3.78
2025-01-14,sup2,cat6,Котлеты,10.89
2025-01-14,sup9,cat2,Томат,21.79
2025-01-14,sup7,cat10,Багет (200г.),2.49
2025-01-14,sup3,cat3,Творог (200г.),2.44
2025-01-14,sup5,cat8,Мука (1кг.),1.64
2025-01-14,sup2,cat4,Яйцо куриное С1 (10шт.),3.81
2025-01-14,sup7,cat10,Хлеб светлый (400г.),1.20
2025-01-14,sup5,cat9,Карамель,2.12
2025-01-14,sup5,cat12,Вода негаз. (0.5л.),1.98
2025-01-14,sup3,cat3,Молоко (1.5л.),3.86
2025-01-14,sup3,cat3,Творог (200г.),4.88
2025-01-14,sup4,cat7,Сельдь (250г.),5.99
2025-01-14,sup3,cat3,Молоко (1л.),2.60
2025-01-14,sup5,cat8,Кофе мол. (250г.),59.97
2025-01-14,sup6,cat10,Хлеб светлый (400г.),1.20
2025-01-14,sup10,cat2,Лук репчатый,1.56
2025-01-14,sup2,cat6,Колбаски,22.25
2025-01-14,sup1,cat6,Котлеты,17.97
2025-01-14,sup2,cat4,Яйцо куриное С1 (10шт.),3.81
2025-01-14,sup5,cat8,Масло подсолнечное (0.8л.),6.06
2025-01-14,sup5,cat8,Кофе мол. (250г.),19.99
2025-01-14,sup4,cat7,Скумбрия,12.82
2025-01-14,sup5,cat8,Кофе мол. (250г.),39.98
2025-01-14,sup3,cat3,Творог (200г.),2.44
2025-01-14,sup5,cat8,Мука (1кг.),1.64
2025-01-14,sup8,cat2,Картофель,1.76
2025-01-14,sup1,cat11,Сосиски молочные,4.66
2025-01-14,sup3,cat3,Молоко (1л.),2.60
2025-01-14,sup6,cat10,Булочка с маком (1шт.),2.98
2025-01-14,sup8,cat2,Томат,10.68
2025-01-14,sup3,cat3,Сыр российский,2.97
2025-01-14,sup5,cat8,Крупа гречневая (700г.),2.07
2025-01-14,sup3,cat3,Молоко (1л.),2.60
2025-01-14,sup2,cat6,Котлеты,20.85
2025-01-14,sup8,cat1,Яблоко,10.26
2025-01-14,sup5,cat12,Лимонад (2л.),5.35
2025-01-14,sup12,cat12,Coca-Cola (1л.),3.07
2025-01-14,sup2,cat5,Филе куриное,13.42
2025-01-14,sup5,cat8,Макароны (900г.),1.49
2025-01-14,sup2,cat11,Колбаса вареная (400г.),4.98
2025-01-14,sup8,cat2,Картофель,4.13
2025-01-14,sup3,cat3,Сметана (180г.),1.94
2025-01-14,sup2,cat5,Окорочка куриные,5.33
2025-01-14,sup1,cat5,Говядина,36.10
2025-01-14,sup3,cat3,Творог (200г.),2.44
2025-01-14,sup6,cat10,Батон нарезной (240г.),1.22
2025-01-14,sup1,cat11,Колбаса вареная (400г.),4.98
2025-01-14,sup5,cat9,Карамель,3.58
2025-01-14,sup1,cat11,Сервелат (400г.),8.51
2025-01-15,sup8,cat2,Картофель,4.33
2025-01-15,sup8,cat2,Морковь,2.60
2025-01-15,sup4,cat7,Минтай,1.01
2025-01-15,sup3,cat3,Молоко (1л.),2.60
2025-01-15,sup5,cat12,Лимонад (2л.),5.35
2025-01-15,sup5,cat12,Вода мин. газ. (1л.),1.59
2025-01-15,sup2,cat5,Окорочка куриные,10.90
2025-01-15,sup2,cat5,Филе куриное,5.89
2025-01-15,sup1,cat5,Говядина,32.70
2025-01-15,sup6,cat10,Багет (200г.),2.49
2025-01-15,sup6,cat10,Булочка с маком (1шт.),1.49
2025-01-15,sup2,cat5,Окорочка куриные,8.24
2025-01-15,sup5,cat9,Карамель,4.01
2025-01-15,sup2,cat6,Котлеты,19.45
2025-01-15,sup1,cat5,Говядина,15.93
2025-01-15,sup5,cat9,Конфеты шоколадные,13.53
2025-01-15,sup1,cat5,Говядина,12.88
2025-01-15,sup6,cat10,Батон нарезной (240г.),1.22
2025-01-15,sup5,cat9,Конфеты шоколадные,18.37
2025-01-15,sup6,cat10,Сушки (500г.),3.99
2025-01-15,sup3,cat3,Кефир (1л.),2.27
2025-01-15,sup5,cat9,Конфеты шоколадные,10.37
2025-01-15,sup8,cat2,Лук репчатый,1.51
2025-01-15,sup5,cat12,Вода негаз. (0.5л.),0.99
2025-01-15,sup5,cat9,Карамель,1.15
2025-01-15,sup6,cat10,Хлеб ржаной (450г.),1.50
2025-01-15,sup9,cat1,Банан,4.91
2025-01-15,sup5,cat8,Кофе мол. (250г.),19.99
2025-01-15,sup1,cat6,Голубцы,22.63
2025-01-15,sup5,cat9,Карамель,5.98
2025-01-15,sup7,cat10,Батон нарезной (240г.),1.22
2025-01-15,sup11,cat2,Томат,21.79
2025-01-15,sup2,cat4,Яйцо куриное С1 (10шт.),7.62
2025-01-15,sup1,cat5,Свинина,32.78
2025-01-15,sup5,cat9,Вафли (143г.),2.76
2025-01-15,sup6,cat10,Булочка с маком (1шт.),2.98
2025-01-15,sup7,cat10,Хлеб ржаной (450г.),1.50
2025-01-15,sup5,cat8,Макароны (900г.),1.49
2025-01-15,sup1,cat11,Сервелат (400г.),8.51
2025-01-15,sup3,cat3,Сметана (180г.),1.94
2025-01-15,sup10,cat2,Лук репчатый,0.49
2025-01-15,sup5,cat8,Пшено (900г.),2.35
2025-01-15,sup9,cat1,Банан,3.35
2025-01-15,sup3,cat3,Молоко (1л.),2.60
2025-01-15,sup2,cat11,Колбаса вареная (400г.),4.98
2025-01-15,sup3,cat3,Молоко (1л.),2.60
2025-01-15,sup5,cat8,Крупа манная (1кг.),2.02
2025-01-15,sup3,cat3,Масло сливочное (180г.),4.59
2025-01-15,sup3,cat3,Молоко (1л.),2.60
2025-01-15,sup5,cat8,Мука (1кг.),1.64
2025-01-15,sup6,cat10,Батон нарезной (240г.),1.22
2025-01-15,sup2,cat11,Ветчина,16.37
2025-01-15,sup5,cat12,Лимонад (2л.),5.35
2025-01-16,sup3,cat3,Сметана (380г.),3.71
2025-01-16,sup2,cat4,Яйцо перепелиное (10шт.),2.95
2025-01-16,sup2,cat11,Ветчина,9.85
2025-01-16,sup5,cat12,Вода мин. газ. (1л.),1.59
2025-01-16,sup12,cat12,Coca-Cola (1л.),3.07
2025-01-16,sup5,cat12,Вода негаз. (0.5л.),0.99
2025-01-16,sup2,cat6,Фарш,14.52
2025-01-16,sup8,cat2,Капуста,2.88
2025-01-16,sup3,cat3,Кефир (1л.),2.27
2025-01-16,sup8,cat2,Огурец,2.90
2025-01-16,sup9,cat1,Мандарин,11.25
2025-01-16,sup5,cat9,Зефир (230г.),8.79
2025-01-16,sup1,cat11,Сосиски молочные,11.43
2025-01-16,sup6,cat10,Булочка с маком (1шт.),2.98
2025-01-16,sup6,cat10,Булочка с маком (1шт.),1.49
2025-01-16,sup2,cat6,Колбаски,34.91
2025-01-16,sup10,cat1,Яблоко,16.32
2025-01-16,sup1,cat11,Салями,20.97
2025-01-16,sup4,cat7,Паста рыбная (150г.),2.95
2025-01-16,sup8,cat2,Картофель,4.36
2025-01-16,sup3,cat3,Молоко (1л.),2.60
2025-01-16,sup2,cat5,Филе куриное,10.03
2025-01-16,sup5,cat8,Масло подсолнечное (0.8л.),2.02
2025-01-16,sup2,cat4,Яйцо куриное С1 (15шт.),6.44
2025-01-16,sup3,cat3,Молоко (1л.),2.60
2025-01-16,sup10,cat2,Морковь,0.54
2025-01-16,sup2,cat11,Сосиски молочные,4.49
2025-01-16,sup6,cat10,Булочка с маком (1шт.),1.49
2025-01-16,sup5,cat9,Печенье овсяное (400г.),8.66
2025-01-16,sup2,cat6,Котлеты,17.74
2025-01-16,sup3,cat3,Творог (200г.),2.44
2025-01-16,sup9,cat1,Банан,12.98
2025-01-16,sup9,cat1,Банан,2.91
2025-01-16,sup5,cat8,Сахар (1кг.),3.65
2025-01-16,sup2,cat4,Яйцо куриное С1 (15шт.),6.44
2025-01-16,sup10,cat1,Яблоко,11.55
2025-01-16,sup5,cat8,Крупа манная (1кг.),2.02
2025-01-16,sup3,cat3,Молоко (1л.),2.60
2025-01-16,sup5,cat9,Конфеты шоколадные,9.18
2025-01-16,sup6,cat10,Батон нарезной (240г.),2.44
2025-01-16,sup12,cat12,Coca-Cola (1л.),6.14
2025-01-16,sup9,cat1,Мандарин,12.63
2025-01-16,sup7,cat10,Батон нарезной (240г.),1.22
2025-01-16,sup2,cat6,Колбаски,26.49
2025-01-16,sup5,cat8,Спагетти (400г.),1.76
2025-01-16,sup3,cat3,Творог (200г.),7.32
2025-01-16,sup5,cat9,Мармелад,3.25
2025-01-16,sup4,cat7,Скумбрия,16.87
2025-01-16,sup8,cat2,Картофель,5.85
2025-01-16,sup10,cat2,Картофель,1.89
2025-01-16,sup6,cat10,Батон нарезной (240г.),1.22
2025-01-17,sup10,cat2,Свекла,1.07
2025-01-17,sup4,cat7,Сельдь (250г.),5.99
2025-01-17,sup6,cat10,Булочка с маком (1шт.),1.49
2025-01-17,sup3,cat3,Сыр голландский (200г.),5.02
2025-01-17,sup3,cat3,Сметана (380г.),3.71
2025-01-17,sup6,cat10,Булочка с маком (1шт.),2.98
2025-01-17,sup8,cat2,Картофель,4.27
2025-01-17,sup2,cat4,Яйцо куриное С1 (10шт.),3.81
2025-01-17,sup8,cat2,Картофель,1.81
2025-01-17,sup2,cat6,Фарш,29.53
2025-01-17,sup2,cat4,Яйцо куриное С1 (15шт.),6.44
2025-01-17,sup2,cat11,Ветчина,16.83
2025-01-17,sup2,cat4,Яйцо куриное Д1 (10шт.),4.98
2025-01-17,sup6,cat10,Булочка с маком (1шт.),1.49
2025-01-17,sup1,cat6,Шашлык,26.37
2025-01-17,sup8,cat2,Лук репчатый,0.21
2025-01-17,sup8,cat2,Огурец,3.75
2025-01-17,sup5,cat8,Макароны (900г.),1.49
2025-01-17,sup3,cat3,Сыр голландский (200г.),5.02
2025-01-17,sup3,cat3,Масло сливочное (180г.),4.59
2025-01-17,sup3,cat3,Творог (200г.),7.32
2025-01-17,sup9,cat1,Банан,9.88
2025-01-17,sup6,cat10,Лаваш (300г.),2.89
2025-01-17,sup7,cat10,Хлеб ржаной (450г.),1.50
2025-01-17,sup6,cat10,Багет (200г.),2.49
2025-01-17,sup2,cat11,Колбаса вареная (400г.),4.98
2025-01-17,sup5,cat8,Спагетти (400г.),1.76
2025-01-17,sup5,cat12,Чай холодный (0.5л.),3.59
2025-01-17,sup5,cat12,Квас светлый (1л.),2.65
2025-01-17,sup1,cat6,Фарш,21.36
2025-01-17,sup5,cat12,Вода негаз. (0.5л.),1.98
2025-01-17,sup2,cat4,Яйцо куриное С1 (10шт.),3.81
2025-01-17,sup6,cat10,Хлеб светлый (400г.),1.20
2025-01-17,sup7,cat10,Багет (200г.),2.49
2025-01-17,sup2,cat4,Яйцо куриное Д1 (10шт.),4.98
2025-01-17,sup8,cat2,Лук репчатый,0.20
2025-01-17,sup4,cat7,Форель (200г.),18.25
2025-01-17,sup6,cat10,Булочка с маком (1шт.),4.47
2025-01-17,sup5,cat8,Крупа гречневая (700г.),2.07
2025-01-17,sup1,cat11,Колбаски охотничьи (500г.),9.20
2025-01-17,sup5,cat8,Масло подсолнечное (0.8л.),2.02
2025-01-17,sup5,cat12,Чай холодный (0.5л.),3.59
2025-01-17,sup3,cat3,Масло сливочное (180г.),4.59
2025-01-17,sup2,cat6,Колбаски,10.54
2025-01-17,sup2,cat6,Фарш,30.18
2025-01-17,sup1,cat6,Шашлык,22.81
2025-01-17,sup7,cat10,Сушки (500г.),3.99
2025-01-17,sup9,cat2,Огурец,7.77
2025-01-17,sup9,cat1,Банан,4.87
2025-01-17,sup3,cat3,Сыр сливочный (200г.),5.41
2025-01-17,sup5,cat8,Кофе мол. (250г.),39.98
2025-01-17,sup5,cat9,Печенье овсяное (400г.),4.33
2025-01-17,sup1,cat11,Сервелат (400г.),8.51
2025-01-17,sup7,cat10,Батон нарезной (240г.),1.22
2025-01-17,sup1,cat6,Шашлык,52.48
2025-01-17,sup2,cat6,Голубцы,17.47
2025-01-17,sup2,cat4,Яйцо куриное С1 (10шт.),3.81
2025-01-17,sup3,cat3,Кефир (1л.),4.54
2025-01-17,sup3,cat3,Молоко (1.5л.),3.86
2025-01-17,sup3,cat3,Молоко (1л.),2.60
2025-01-17,sup2,cat11,Сосиски молочные,4.79
2025-01-17,sup3,cat3,Молоко (1.5л.),3.86
2025-01-17,sup8,cat2,Картофель,3.13
2025-01-17,sup7,cat10,Батон нарезной (240г.),1.22
2025-01-17,sup3,cat3,Масло сливочное (180г.),4.59
2025-01-17,sup8,cat2,Капуста,3.29
2025-01-17,sup3,cat3,Кефир (1л.),2.27
2025-01-17,sup2,cat6,Голубцы,33.80
2025-01-18,sup4,cat7,Креветки,23.58
2025-01-18,sup3,cat3,Кефир (1л.),2.27
2025-01-18,sup5,cat12,Сок апельсиновый (1л.),7.20
2025-01-18,sup8,cat2,Огурец,3.29
2025-01-18,sup2,cat4,Яйцо перепелиное (20шт.),4.65
2025-01-18,sup2,cat6,Фарш,30.85
2025-01-18,sup6,cat10,Лаваш (300г.),2.89
2025-01-18,sup2,cat5,Филе куриное,7.96
2025-01-18,sup8,cat1,Яблоко,1.62
2025-01-18,sup7,cat10,Батон нарезной (240г.),1.22
2025-01-18,sup7,cat10,Батон нарезной (240г.),1.22
2025-01-18,sup4,cat7,Форель (200г.),18.25
2025-01-18,sup10,cat2,Картофель,0.21
2025-01-18,sup2,cat4,Яйцо куриное Д1 (10шт.),4.98
2025-01-18,sup3,cat3,Кефир (1л.),2.27
2025-01-18,sup4,cat7,Хек,6.58
2025-01-18,sup8,cat2,Огурец,8.14
2025-01-18,sup2,cat6,Желудки куриные (550г.),4.98
2025-01-18,sup2,cat4,Яйцо перепелиное (10шт.),2.95
2025-01-18,sup6,cat10,Булочка с маком (1шт.),4.47
2025-01-18,sup6,cat10,Булочка с маком (1шт.),1.49
2025-01-18,sup2,cat4,Яйцо куриное С1 (10шт.),3.81
2025-01-18,sup10,cat2,Лук репчатый,1.37
2025-01-18,sup5,cat12,Чай холодный (0.5л.),3.59
2025-01-18,sup5,cat12,Вода негаз. (0.5л.),0.99
2025-01-18,sup3,cat3,Сметана (380г.),3.71
2025-01-18,sup8,cat2,Томат,16.51
2025-01-18,sup7,cat10,Хлеб светлый (400г.),1.20
2025-01-18,sup4,cat7,Хек,14.71
2025-01-18,sup1,cat5,Говядина,41.09
2025-01-18,sup1,cat6,Фарш,42.02
2025-01-18,sup2,cat4,Яйцо куриное С1 (15шт.),6.44
2025-01-18,sup5,cat8,Спагетти (400г.),1.76
2025-01-18,sup6,cat10,Хлеб ржаной (450г.),1.50
2025-01-18,sup5,cat9,Конфеты шоколадные,25.22
2025-01-18,sup8,cat2,Лук репчатый,1.36
2025-01-18,sup9,cat2,Огурец,5.62
2025-01-18,sup2,cat4,Яйцо куриное С1 (10шт.),3.81
2025-01-18,sup5,cat8,Соль (1кг.),1.46
2025-01-18,sup5,cat12,Квас светлый (1л.),2.65
2025-01-18,sup6,cat10,Батон нарезной (240г.),1.22
2025-01-18,sup9,cat1,Груша,4.82
2025-01-18,sup10,cat12,Сок яблочный (1л.),5.17
2025-01-18,sup1,cat11,Сосиски молочные,9.27
2025-01-18,sup6,cat10,Булочка с маком (1шт.),1.49
2025-01-18,sup3,cat3,Молоко (1л.),2.60
2025-01-18,sup1,cat6,Голубцы,20.04
2025-01-18,sup3,cat3,Молоко (1л.),2.60
2025-01-18,sup10,cat2,Картофель,4.84
2025-01-18,sup5,cat8,Макароны (900г.),1.49
2025-01-18,sup3,cat3,Творог (200г.),7.32
2025-01-18,sup2,cat11,Колбаса вареная (400г.),4.98
2025-01-18,sup5,cat8,Кофе мол. (250г.),39.98
2025-01-18,sup3,cat3,Молоко (1л.),2.60
2025-01-18,sup4,cat7,Хек,6.71
2025-01-18,sup1,cat11,Сосиски молочные,4.32
2025-01-18,sup9,cat2,Томат,15.53
2025-01-18,sup5,cat12,Вода негаз. (0.5л.),0.99
2025-01-18,sup3,cat3,Масло сливочное (180г.),4.59
2025-01-18,sup6,cat10,Хлеб ржаной (450г.),1.50
2025-01-18,sup3,cat3,Творог (200г.),2.44
2025-01-18,sup2,cat11,Сосиски молочные,8.12
2025-01-18,sup7,cat10,Багет (200г.),2.49
2025-01-18,sup5,cat9,Печенье овсяное (400г.),4.33
2025-01-18,sup1,cat5,Говядина,33.45
2025-01-18,sup7,cat10,Хлеб ржаной (450г.),1.50
2025-01-18,sup7,cat10,Батон нарезной (240г.),2.44
2025-01-19,sup5,cat9,Шоколад молочный (90г.),5.99
2025-01-19,sup5,cat12,Сок апельсиновый (1л.),7.20
2025-01-19,sup6,cat10,Сушки (500г.),3.99
2025-01-19,sup8,cat2,Картофель,5.96
2025-01-19,sup1,cat11,Сосиски молочные,6.26
2025-01-19,sup6,cat10,Батон нарезной (240г.),1.22
2025-01-19,sup1,cat5,Говядина,10.81
2025-01-19,sup8,cat2,Свекла,1.00
2025-01-19,sup1,cat11,Колбаса вареная (400г.),4.98
2025-01-19,sup10,cat2,Лук репчатый,0.79
2025-01-19,sup2,cat5,Филе куриное,8.98
2025-01-19,sup5,cat9,Конфеты шоколадные,20.40
2025-01-19,sup8,cat1,Груша,2.96
2025-01-19,sup2,cat4,Яйцо куриное Д1 (10шт.),4.98
2025-01-19,sup3,cat3,Масло сливочное (180г.),9.18
2025-01-19,sup10,cat2,Картофель,1.99
2025-01-19,sup1,cat11,Сервелат (400г.),8.51
2025-01-19,sup3,cat3,Сметана (380г.),7.42
2025-01-19,sup5,cat9,Печенье овсяное (400г.),4.33
2025-01-19,sup5,cat8,Крупа гречневая (700г.),2.07
2025-01-19,sup1,cat11,Сосиски молочные,9.70
2025-01-19,sup5,cat9,Конфеты шоколадные,26.43
2025-01-19,sup2,cat4,Яйцо куриное С1 (10шт.),3.81
2025-01-19,sup8,cat2,Томат,18.85
2025-01-19,sup6,cat10,Батон нарезной (240г.),1.22
2025-01-19,sup5,cat9,Зефир (230г.),8.79
2025-01-19,sup5,cat8,Сахар (1кг.),3.65
2025-01-19,sup5,cat8,Спагетти (400г.),1.76
2025-01-19,sup1,cat6,Котлеты,17.00
2025-01-19,sup2,cat4,Яйцо куриное С1 (10шт.),3.81
2025-01-19,sup3,cat3,Сметана (180г.),3.88
2025-01-19,sup2,cat4,Яйцо куриное С1 (10шт.),7.62
2025-01-19,sup5,cat8,Крупа гречневая (700г.),2.07
2025-01-19,sup8,cat2,Огурец,6.52
2025-01-19,sup12,cat12,Coca-Cola (1л.),3.07
2025-01-19,sup3,cat3,Сыр российский,15.49
2025-01-19,sup5,cat8,Крупа манная (1кг.),2.02
2025-01-19,sup3,cat3,Сметана (180г.),1.94
2025-01-19,sup10,cat12,Сок яблочный (1л.),5.17
2025-01-19,sup5,cat8,Рис (900г.),3.49
2025-01-19,sup2,cat11,Колбаса вареная (400г.),4.98
2025-01-19,sup7,cat10,Хлеб светлый (400г.),1.20
2025-01-19,sup10,cat12,Сок яблочный (1л.),5.17
2025-01-19,sup3,cat3,Кефир (1л.),2.27
2025-01-19,sup1,cat5,Говядина,9.47
2025-01-19,sup3,cat3,Молоко (1л.),2.60
2025-01-19,sup1,cat11,Сосиски молочные,5.83
2025-01-19,sup9,cat1,Груша,2.71
2025-01-19,sup1,cat11,Бекон (220г),9.99
2025-01-19,sup5,cat8,Мука (1кг.),1.64
2025-01-19,sup3,cat3,Кефир (1л.),2.27
2025-01-19,sup5,cat8,Пшено (900г.),2.35
2025-01-19,sup2,cat11,Сосиски молочные,8.23
2025-01-19,sup9,cat1,Банан,4.11
2025-01-20,sup10,cat1,Яблоко,11.10
2025-01-20,sup1,cat5,Говядина,14.06
2025-01-20,sup6,cat10,Батон нарезной (240г.),1.22
2025-01-20,sup3,cat3,Сметана (180г.),3.88
2025-01-20,sup3,cat3,Сметана (180г.),3.88
2025-01-20,sup7,cat10,Батон нарезной (240г.),1.22
2025-01-20,sup6,cat10,Батон нарезной (240г.),1.22
2025-01-20,sup6,cat10,Булочка с маком (1шт.),1.49
2025-01-20,sup1,cat11,Салями,21.08
2025-01-20,sup4,cat7,Скумбрия,19.41
2025-01-20,sup1,cat5,Свинина,19.63
2025-01-20,sup6,cat10,Булочка с маком (1шт.),4.47
2025-01-20,sup1,cat5,Свинина,15.90
2025-01-20,sup5,cat8,Спагетти (400г.),3.52
2025-01-20,sup3,cat3,Молоко (1л.),2.60
2025-01-20,sup9,cat2,Томат,4.68
2025-01-20,sup5,cat8,Мука (1кг.),1.64
2025-01-20,sup10,cat1,Яблоко,10.15
2025-01-20,sup4,cat7,Форель (200г.),18.25
2025-01-20,sup5,cat9,Вафли (143г.),2.76
2025-01-20,sup9,cat1,Груша,3.86
2025-01-20,sup7,cat10,Хлеб светлый (400г.),1.20
2025-01-20,sup1,cat11,Салями,21.68
2025-01-20,sup9,cat1,Мандарин,17.22
2025-01-20,sup4,cat7,Скумбрия,12.24
2025-01-20,sup5,cat9,Карамель,1.50
2025-01-20,sup3,cat3,Сыр российский,20.84
2025-01-20,sup2,cat11,Сосиски молочные,11.96
2025-01-20,sup5,cat12,Вода негаз. (0.5л.),0.99
2025-01-20,sup5,cat8,Крупа гречневая (700г.),4.14
2025-01-20,sup8,cat1,Груша,7.40
2025-01-20,sup5,cat9,Вафли (143г.),2.76
2025-01-20,sup5,cat9,Карамель,4.06
2025-01-20,sup6,cat10,Батон нарезной (240г.),1.22
2025-01-20,sup1,cat11,Сервелат (400г.),8.51
2025-01-20,sup9,cat2,Томат,16.29
2025-01-20,sup1,cat6,Фарш,12.15
2025-01-20,sup1,cat6,Колбаски,28.34
2025-01-20,sup6,cat10,Булочка с маком (1шт.),2.98
2025-01-20,sup4,cat7,Скумбрия,7.38
2025-01-20,sup5,cat8,Мука (1кг.),1.64
2025-01-20,sup2,cat6,Печень куриная (550г.),5.50
2025-01-20,sup3,cat3,Сметана (180г.),1.94
2025-01-20,sup3,cat3,Кефир (1л.),4.54
2025-01-20,sup5,cat8,Мука (2кг.),2.60
2025-01-20,sup9,cat1,Банан,14.81
2025-01-20,sup2,cat4,Яйцо куриное С1 (15шт.),6.44
2025-01-20,sup5,cat12,Вода негаз. (0.5л.),1.98
2025-01-20,sup2,cat11,Сосиски молочные,10.34
2025-01-20,sup6,cat10,Хлеб ржаной (450г.),1.50
2025-01-20,sup3,cat3,Масло сливочное (180г.),4.59
2025-01-20,sup6,cat10,Батон нарезной (240г.),1.22
2025-01-20,sup6,cat10,Батон нарезной (240г.),2.44
2025-01-21,sup6,cat10,Хлеб ржаной (450г.),1.50
2025-01-21,sup3,cat3,Масло сливочное (180г.),4.59
2025-01-21,sup7,cat10,Хлеб светлый (400г.),1.20
2025-01-21,sup2,cat5,Окорочка куриные,2.82
2025-01-21,sup7,cat10,Батон нарезной (240г.),1.22
2025-01-21,sup7,cat10,Батон нарезной (240г.),1.22
2025-01-21,sup6,cat10,Хлеб ржаной (450г.),1.50
2025-01-21,sup1,cat6,Котлеты,23.83
2025-01-21,sup5,cat9,Вафли (143г.),2.76
2025-01-21,sup1,cat5,Говядина,18.10
2025-01-21,sup5,cat9,Конфеты шоколадные,11.11
2025-01-21,sup6,cat10,Хлеб светлый (400г.),1.20
2025-01-21,sup10,cat2,Морковь,2.15
2025-01-21,sup9,cat1,Банан,4.16
2025-01-21,sup6,cat10,Хлеб светлый (400г.),1.20
2025-01-21,sup5,cat9,Вафли (143г.),5.52
2025-01-21,sup2,cat5,Окорочка куриные,8.44
2025-01-21,sup6,cat10,Багет (200г.),2.49
2025-01-21,sup12,cat12,Вода негаз. (0.5л.),1.98
2025-01-21,sup5,cat12,Квас светлый (1л.),2.65
2025-01-21,sup2,cat5,Окорочка куриные,4.56
2025-01-21,sup2,cat5,Окорочка куриные,13.11
2025-01-21,sup1,cat6,Фарш,21.83
2025-01-21,sup6,cat10,Батон нарезной (240г.),1.22
2025-01-21,sup7,cat10,Хлеб светлый (400г.),1.20
2025-01-21,sup6,cat10,Батон нарезной (240г.),1.22
2025-01-21,sup6,cat10,Лаваш (300г.),2.89
2025-01-21,sup2,cat5,Окорочка куриные,6.55
2025-01-21,sup2,cat5,Филе куриное,16.56
2025-01-21,sup2,cat4,Яйцо куриное С1 (10шт.),3.81
2025-01-21,sup9,cat1,Банан,5.70
2025-01-21,sup1,cat11,Сосиски молочные,11.63
2025-01-21,sup9,cat1,Мандарин,24.82
2025-01-21,sup3,cat3,Кефир (1л.),2.27
2025-01-21,sup5,cat12,Квас светлый (1л.),2.65
2025-01-21,sup6,cat10,Булочка с маком (1шт.),1.49
2025-01-21,sup2,cat4,Яйцо куриное Д1 (10шт.),4.98
2025-01-21,sup9,cat1,Мандарин,18.87
2025-01-21,sup4,cat7,Скумбрия,17.07
2025-01-21,sup2,cat5,Окорочка куриные,10.97
2025-01-21,sup11,cat2,Огурец,3.48
2025-01-21,sup6,cat10,Хлеб светлый (400г.),1.20
2025-01-21,sup5,cat9,Шоколад молочный (90г.),17.97
2025-01-21,sup3,cat3,Сыр голландский (200г.),10.04
2025-01-21,sup8,cat2,Морковь,2.65
2025-01-21,sup10,cat12,Сок яблочный (1л.),5.17
2025-01-21,sup9,cat2,Томат,19.88
2025-01-21,sup10,cat1,Яблоко,7.90
2025-01-22,sup10,cat2,Картофель,2.77
2025-01-22,sup7,cat10,Хлеб светлый (400г.),1.20
2025-01-22,sup3,cat3,Кефир (1л.),2.27
2025-01-22,sup5,cat9,Мармелад,3.94
2025-01-22,sup3,cat3,Кефир (1л.),2.27
2025-01-22,sup6,cat10,Сушки (500г.),3.99
2025-01-22,sup9,cat1,Мандарин,12.70
2025-01-22,sup1,cat6,Голубцы,33.55
2025-01-22,sup5,cat12,Сок апельсиновый (1л.),14.40
2025-01-22,sup5,cat12,Вода негаз. (0.5л.),1.98
2025-01-22,sup12,cat12,Вода негаз. (0.5л.),1.98
2025-01-22,sup9,cat1,Банан,9.91
2025-01-22,sup8,cat2,Огурец,5.30
2025-01-22,sup6,cat10,Лаваш (300г.),2.89
2025-01-22,sup5,cat12,Вода негаз. (0.5л.),0.99
2025-01-22,sup1,cat11,Сервелат (400г.),17.02
2025-01-22,sup5,cat8,Макароны (900г.),1.49
2025-01-22,sup1,cat11,Колбаски охотничьи (500г.),9.20
2025-01-22,sup9,cat1,Банан,3.03
2025-01-22,sup2,cat4,Яйцо куриное С1 (15шт.),6.44
2025-01-22,sup10,cat2,Картофель,1.88
2025-01-22,sup1,cat6,Голубцы,17.07
2025-01-22,sup8,cat2,Томат,15.98
2025-01-22,sup4,cat7,Форель (200г.),18.25
2025-01-22,sup3,cat3,Кефир (1л.),2.27
2025-01-22,sup6,cat10,Хлеб светлый (400г.),1.20
2025-01-22,sup5,cat9,Вафли (143г.),2.76
2025-01-22,sup3,cat3,Молоко (1л.),2.60
2025-01-22,sup5,cat12,Лимонад (2л.),5.35
2025-01-22,sup10,cat2,Морковь,2.36
2025-01-22,sup1,cat5,Говядина,18.63
2025-01-22,sup5,cat12,Вода негаз. (0.5л.),0.99
2025-01-22,sup2,cat4,Яйцо куриное С1 (10шт.),3.81
2025-01-22,sup2,cat4,Яйцо куриное С1 (15шт.),6.44
2025-01-22,sup10,cat2,Картофель,3.38
2025-01-22,sup3,cat3,Молоко (1л.),2.60
2025-01-22,sup2,cat11,Сосиски молочные,11.14
2025-01-22,sup12,cat12,Coca-Cola (1л.),3.07
2025-01-22,sup2,cat6,Фарш,33.64
2025-01-22,sup3,cat3,Сметана (380г.),3.71
2025-01-22,sup5,cat8,Кофе раств. (95г.),44.97
2025-01-22,sup3,cat3,Сыр сливочный (200г.),5.41
2025-01-22,sup4,cat7,Паста рыбная (150г.),2.95
2025-01-22,sup2,cat4,Яйцо куриное Д1 (10шт.),4.98
2025-01-22,sup5,cat9,Карамель,6.72
2025-01-22,sup2,cat6,Фарш,22.95
2025-01-22,sup12,cat12,Coca-Cola (1л.),3.07
2025-01-22,sup10,cat2,Морковь,1.59
2025-01-22,sup2,cat4,Яйцо куриное С1 (10шт.),3.81
2025-01-22,sup1,cat11,Колбаса вареная (400г.),4.98
2025-01-22,sup5,cat8,Рис (900г.),3.49
2025-01-23,sup2,cat4,Яйцо куриное С1 (10шт.),3.81
2025-01-23,sup3,cat3,Кефир (1л.),2.27
2025-01-23,sup5,cat9,Конфеты шоколадные,15.04
2025-01-23,sup2,cat6,Печень куриная (550г.),5.50
2025-01-23,sup6,cat10,Хлеб светлый (400г.),1.20
2025-01-23,sup2,cat5,Окорочка куриные,5.25
2025-01-23,sup6,cat10,Лаваш (300г.),2.89
2025-01-23,sup5,cat9,Карамель,7.29
2025-01-23,sup5,cat12,Сок апельсиновый (1л.),7.20
2025-01-23,sup3,cat3,Сметана (180г.),3.88
2025-01-23,sup3,cat3,Молоко (1л.),2.60
2025-01-23,sup9,cat2,Огурец,3.01
2025-01-23,sup1,cat5,Свинина,34.37
2025-01-23,sup10,cat2,Лук репчатый,0.91
2025-01-23,sup3,cat3,Кефир (1л.),2.27
2025-01-23,sup5,cat8,Макароны (900г.),1.49
2025-01-23,sup5,cat8,Пшено (900г.),2.35
2025-01-23,sup6,cat10,Батон нарезной (240г.),2.44
2025-01-23,sup1,cat5,Говядина,13.71
2025-01-23,sup1,cat11,Сосиски молочные,5.73
2025-01-23,sup1,cat5,Свинина,24.18
2025-01-23,sup10,cat2,Картофель,2.44
2025-01-23,sup5,cat8,Крупа гречневая (700г.),2.07
2025-01-23,sup3,cat3,Кефир (1л.),2.27
2025-01-23,sup9,cat1,Мандарин,5.62
2025-01-23,sup1,cat11,Ветчина,17.55
2025-01-23,sup8,cat2,Томат,16.41
2025-01-23,sup3,cat3,Молоко (1л.),2.60
2025-01-23,sup5,cat12,Вода негаз. (0.5л.),0.99
2025-01-23,sup1,cat11,Бекон (220г),9.99
2025-01-23,sup3,cat3,Кефир (1л.),2.27
2025-01-23,sup5,cat8,Спагетти (400г.),1.76
2025-01-23,sup8,cat2,Морковь,0.57
2025-01-23,sup5,cat8,Пшено (900г.),2.35
2025-01-23,sup8,cat1,Яблоко,2.26
2025-01-23,sup2,cat4,Яйцо куриное Д1 (10шт.),4.98
2025-01-23,sup6,cat10,Батон нарезной (240г.),1.22
2025-01-23,sup1,cat11,Сосиски молочные,11.26
2025-01-23,sup6,cat10,Батон нарезной (240г.),1.22
2025-01-23,sup6,cat10,Батон нарезной (240г.),1.22
2025-01-23,sup6,cat10,Хлеб светлый (400г.),1.20
2025-01-23,sup3,cat3,Творог (200г.),4.88
2025-01-23,sup10,cat2,Морковь,0.81
2025-01-23,sup4,cat7,Минтай,1.00
2025-01-23,sup10,cat12,Сок яблочный (1л.),5.17
2025-01-23,sup1,cat11,Бекон (220г),9.99
2025-01-23,sup6,cat10,Лаваш (300г.),2.89
2025-01-23,sup8,cat2,Лук репчатый,1.39
2025-01-23,sup9,cat2,Томат,17.81
2025-01-23,sup8,cat2,Картофель,0.71
2025-01-23,sup5,cat8,Сахар (1кг.),0.73
2025-01-23,sup10,cat2,Лук репчатый,0.25
2025-01-23,sup1,cat5,Говядина,19.99
2025-01-24,sup10,cat2,Морковь,0.69
2025-01-24,sup10,cat1,Груша,13.17
2025-01-24,sup5,cat8,Кофе мол. (250г.),19.99
2025-01-24,sup6,cat10,Лаваш (300г.),5.78
2025-01-24,sup5,cat9,Карамель,5.77
2025-01-24,sup12,cat12,Вода негаз. (0.5л.),0.99
2025-01-24,sup5,cat12,Вода негаз. (0.5л.),0.99
2025-01-24,sup9,cat1,Банан,1.86
2025-01-24,sup3,cat3,Молоко (1л.),2.60
2025-01-24,sup2,cat6,Фарш,44.43
2025-01-24,sup9,cat1,Мандарин,6.25
2025-01-24,sup8,cat2,Лук репчатый,1.97
2025-01-24,sup5,cat8,Масло распсовое (0.8л.),4.99
2025-01-24,sup10,cat2,Картофель,4.65
2025-01-24,sup1,cat5,Свинина,17.45
2025-01-24,sup2,cat4,Яйцо куриное Д1 (10шт.),4.98
2025-01-24,sup2,cat4,Яйцо куриное С1 (15шт.),6.44
2025-01-24,sup2,cat11,Сосиски молочные,4.90
2025-01-24,sup6,cat10,Лаваш (300г.),2.89
2025-01-24,sup2,cat6,Голубцы,21.16
2025-01-24,sup12,cat12,Coca-Cola (1л.),3.07
2025-01-24,sup1,cat11,Ветчина,5.72
2025-01-24,sup5,cat8,Мука (1кг.),1.64
2025-01-24,sup1,cat6,Фарш,38.66
2025-01-24,sup6,cat10,Лаваш (300г.),2.89
2025-01-24,sup10,cat2,Лук репчатый,0.85
2025-01-24,sup1,cat6,Фарш,27.07
2025-01-24,sup4,cat7,Хек,8.25
2025-01-24,sup5,cat8,Кофе мол. (250г.),19.99
2025-01-24,sup6,cat10,Хлеб светлый (400г.),1.20
2025-01-24,sup5,cat9,Карамель,7.61
2025-01-24,sup1,cat11,Сосиски молочные,12.07
2025-01-24,sup8,cat2,Лук репчатый,1.21
2025-01-24,sup3,cat3,Молоко (1л.),2.60
2025-01-24,sup6,cat10,Лаваш (300г.),2.89
2025-01-24,sup5,cat12,Вода негаз. (0.5л.),0.99
2025-01-24,sup2,cat11,Колбаса вареная (400г.),4.98
2025-01-24,sup3,cat3,Молоко (1л.),5.20
2025-01-24,sup2,cat11,Сосиски молочные,10.99
2025-01-24,sup3,cat3,Молоко (1.5л.),7.72
2025-01-24,sup6,cat10,Лаваш (300г.),2.89
2025-01-24,sup3,cat3,Кефир (1л.),2.27
2025-01-24,sup2,cat5,Окорочка куриные,12.65
2025-01-24,sup3,cat3,Молоко (1.5л.),7.72
2025-01-24,sup5,cat8,Крупа гречневая (700г.),2.07
2025-01-24,sup5,cat9,Печенье овсяное (400г.),4.33
2025-01-24,sup3,cat3,Масло сливочное (180г.),4.59
2025-01-24,sup3,cat3,Творог (200г.),2.44
2025-01-24,sup3,cat3,Молоко (1.5л.),3.86
2025-01-24,sup6,cat10,Хлеб светлый (400г.),1.20
2025-01-24,sup8,cat2,Томат,3.61
2025-01-24,sup4,cat7,Паста рыбная (150г.),2.95
2025-01-24,sup3,cat3,Кефир (1л.),2.27
2025-01-24,sup7,cat10,Хлеб светлый (400г.),1.20
2025-01-24,sup2,cat5,Филе куриное,13.96
2025-01-24,sup11,cat2,Огурец,3.01
2025-01-24,sup3,cat3,Сыр российский,18.55
2025-01-24,sup6,cat10,Батон нарезной (240г.),2.44
2025-01-24,sup8,cat2,Свекла,0.44
2025-01-24,sup9,cat1,Банан,2.89
2025-01-24,sup3,cat3,Молоко (1.5л.),3.86
2025-01-24,sup3,cat3,Кефир (1л.),2.27
2025-01-24,sup1,cat6,Фарш,14.88
2025-01-24,sup6,cat10,Хлеб светлый (400г.),1.20
2025-01-24,sup5,cat8,Кофе мол. (250г.),19.99
2025-01-24,sup3,cat3,Творог (200г.),2.44
2025-01-24,sup12,cat12,Coca-Cola (1л.),3.07
2025-01-24,sup6,cat10,Батон нарезной (240г.),1.22
2025-01-24,sup1,cat5,Говядина,16.97
2025-01-25,sup9,cat2,Огурец,1.49
2025-01-25,sup5,cat8,Крупа гречневая (700г.),2.07
2025-01-25,sup2,cat5,Филе куриное,10.17
2025-01-25,sup1,cat6,Колбаски,9.62
2025-01-25,sup7,cat10,Батон нарезной (240г.),1.22
2025-01-25,sup6,cat10,Хлеб светлый (400г.),1.20
2025-01-25,sup5,cat12,Вода мин. газ. (1л.),1.59
2025-01-25,sup5,cat9,Карамель,1.94
2025-01-25,sup11,cat2,Огурец,7.90
2025-01-25,sup3,cat3,Молоко (1л.),2.60
2025-01-25,sup3,cat3,Творог (200г.),2.44
2025-01-25,sup5,cat12,Квас светлый (1л.),2.65
2025-01-25,sup3,cat3,Кефир (1л.),2.27
2025-01-25,sup6,cat10,Хлеб ржаной (450г.),1.50
2025-01-25,sup5,cat8,Масло подсолнечное (0.8л.),2.02
2025-01-25,sup2,cat4,Яйцо куриное С1 (15шт.),6.44
2025-01-25,sup6,cat10,Булочка с маком (1шт.),2.98
2025-01-25,sup8,cat2,Капуста,2.70
2025-01-25,sup2,cat4,Яйцо куриное Д1 (10шт.),4.98
2025-01-25,sup3,cat3,Кефир (1л.),2.27
2025-01-25,sup9,cat2,Томат,10.30
2025-01-25,sup3,cat3,Сметана (380г.),3.71
2025-01-25,sup10,cat2,Лук репчатый,1.62
2025-01-25,sup5,cat12,Сок апельсиновый (1л.),7.20
2025-01-25,sup6,cat10,Хлеб светлый (400г.),1.20
2025-01-25,sup3,cat3,Масло сливочное (180г.),4.59
2025-01-25,sup5,cat8,Крупа гречневая (700г.),2.07
2025-01-25,sup3,cat3,Сметана (180г.),3.88
2025-01-25,sup7,cat10,Батон нарезной (240г.),1.22
2025-01-25,sup4,cat7,Форель (200г.),18.25
2025-01-25,sup2,cat4,Яйцо куриное С1 (15шт.),6.44
2025-01-25,sup1,cat11,Колбаса вареная (400г.),4.98
2025-01-25,sup5,cat8,Пшено (900г.),2.35
2025-01-25,sup3,cat3,Молоко (1.5л.),3.86
2025-01-25,sup5,cat9,Мармелад,4.37
2025-01-25,sup3,cat3,Сметана (380г.),3.71
2025-01-25,sup5,cat8,Крупа манная (1кг.),2.02
2025-01-25,sup7,cat10,Батон нарезной (240г.),1.22
2025-01-25,sup2,cat5,Окорочка куриные,10.84
2025-01-25,sup1,cat11,Сосиски молочные,9.79
2025-01-25,sup2,cat4,Яйцо куриное С1 (10шт.),3.81
2025-01-25,sup3,cat3,Творог (200г.),2.44
2025-01-25,sup3,cat3,Сыр сливочный (200г.),5.41
2025-01-25,sup1,cat11,Колбаски охотничьи (500г.),9.20
2025-01-25,sup1,cat6,Колбаски,22.54
2025-01-25,sup5,cat12,Сок апельсиновый (1л.),7.20
2025-01-25,sup9,cat1,Мандарин,20.08
2025-01-25,sup1,cat6,Голубцы,14.04
2025-01-25,sup9,cat1,Груша,18.47
2025-01-25,sup6,cat10,Булочка с маком (1шт.),2.98
2025-01-25,sup3,cat3,Творог (200г.),2.44
2025-01-25,sup6,cat10,Плетенка (450г.),4.04
2025-01-25,sup1,cat5,Говядина,18.53
2025-01-25,sup7,cat10,Батон нарезной (240г.),2.44
2025-01-25,sup5,cat8,Масло подсолнечное (0.8л.),2.02
2025-01-25,sup4,cat7,Креветки,40.93
2025-01-25,sup6,cat10,Плетенка (450г.),4.04
2025-01-25,sup5,cat12,Сок апельсиновый (1л.),7.20
2025-01-25,sup5,cat8,Масло подсолнечное (0.8л.),2.02
2025-01-25,sup2,cat4,Яйцо куриное Д1 (10шт.),4.98
2025-01-25,sup5,cat8,Крупа манная (1кг.),2.02
2025-01-25,sup2,cat6,Колбаски,9.21
2025-01-25,sup9,cat1,Мандарин,26.69
2025-01-25,sup4,cat7,Скумбрия,13.08
2025-01-25,sup6,cat10,Багет (200г.),2.49
2025-01-25,sup3,cat3,Молоко (1.5л.),3.86
2025-01-25,sup8,cat1,Груша,3.31
2025-01-25,sup5,cat8,Спагетти (400г.),1.76
2025-01-26,sup1,cat5,Свинина,23.72
2025-01-26,sup7,cat10,Батон нарезной (240г.),2.44
2025-01-26,sup9,cat2,Томат,10.55
2025-01-26,sup5,cat12,Вода негаз. (0.5л.),0.99
2025-01-26,sup11,cat2,Огурец,4.40
2025-01-26,sup9,cat1,Яблоко,11.85
2025-01-26,sup9,cat1,Банан,14.29
2025-01-26,sup2,cat4,Яйцо куриное Д1 (10шт.),4.98
2025-01-26,sup1,cat5,Свинина,12.91
2025-01-26,sup9,cat1,Мандарин,7.75
2025-01-26,sup2,cat11,Сосиски молочные,8.16
2025-01-26,sup5,cat12,Вода негаз. (0.5л.),0.99
2025-01-26,sup6,cat10,Батон нарезной (240г.),1.22
2025-01-26,sup2,cat6,Печень куриная (550г.),11.00
2025-01-26,sup2,cat4,Яйцо куриное Д1 (10шт.),4.98
2025-01-26,sup5,cat12,Лимонад (2л.),5.35
2025-01-26,sup2,cat4,Яйцо куриное С1 (10шт.),3.81
2025-01-26,sup5,cat8,Рис (900г.),3.49
2025-01-26,sup5,cat8,Масло подсолнечное (0.8л.),6.06
2025-01-26,sup2,cat5,Окорочка куриные,3.42
2025-01-26,sup1,cat11,Салями,20.22
2025-01-26,sup1,cat6,Колбаски,23.12
2025-01-26,sup1,cat5,Говядина,16.73
2025-01-26,sup5,cat9,Мармелад,5.78
2025-01-26,sup8,cat2,Лук репчатый,1.38
2025-01-26,sup5,cat8,Кофе раств. (95г.),14.99
2025-01-26,sup5,cat8,Мука (1кг.),1.64
2025-01-26,sup3,cat3,Кефир (1л.),2.27
2025-01-26,sup4,cat7,Икра лососевая (140г.),32.99
2025-01-26,sup2,cat4,Яйцо куриное Д1 (10шт.),4.98
2025-01-26,sup6,cat10,Батон нарезной (240г.),1.22
2025-01-26,sup2,cat6,Печень куриная (550г.),5.50
2025-01-26,sup9,cat1,Мандарин,18.71
2025-01-26,sup5,cat12,Вода негаз. (0.5л.),0.99
2025-01-26,sup10,cat2,Свекла,1.32
2025-01-26,sup9,cat1,Банан,3.58
2025-01-26,sup3,cat3,Молоко (1л.),2.60
2025-01-26,sup8,cat2,Огурец,5.57
2025-01-26,sup6,cat10,Хлеб светлый (400г.),1.20
2025-01-26,sup4,cat7,Минтай,1.28
2025-01-26,sup5,cat9,Зефир (230г.),17.58
2025-01-26,sup12,cat12,Coca-Cola (1л.),3.07
2025-01-26,sup8,cat2,Свекла,0.28
2025-01-26,sup5,cat12,Лимонад (2л.),5.35
2025-01-26,sup5,cat12,Квас светлый (1л.),2.65
2025-01-26,sup3,cat3,Молоко (1л.),2.60
2025-01-26,sup7,cat10,Батон нарезной (240г.),2.44
2025-01-26,sup5,cat8,Макароны (900г.),1.49
2025-01-26,sup7,cat10,Батон нарезной (240г.),1.22
2025-01-26,sup3,cat3,Молоко (1л.),2.60
2025-01-26,sup5,cat9,Конфеты шоколадные,10.28
2025-01-26,sup2,cat4,Яйцо куриное Д1 (10шт.),4.98
2025-01-26,sup6,cat10,Батон нарезной (240г.),1.22
2025-01-26,sup5,cat8,Кофе раств. (95г.),14.99
2025-01-26,sup7,cat10,Батон нарезной (240г.),1.22
2025-01-26,sup1,cat11,Бекон (220г),9.99
2025-01-26,sup10,cat2,Лук репчатый,1.52
2025-01-27,sup5,cat8,Крупа гречневая (700г.),2.07
2025-01-27,sup8,cat2,Морковь,1.50
2025-01-27,sup5,cat12,Сок яблочный (1л.),5.17
2025-01-27,sup10,cat2,Лук репчатый,0.64
2025-01-27,sup5,cat12,Сок апельсиновый (1л.),7.20
2025-01-27,sup6,cat10,Батон нарезной (240г.),1.22
2025-01-27,sup4,cat7,Сельдь (250г.),11.98
2025-01-27,sup9,cat1,Банан,12.75
2025-01-27,sup1,cat11,Сервелат (400г.),8.51
2025-01-27,sup3,cat3,Творог (200г.),4.88
2025-01-27,sup2,cat6,Фарш,37.97
2025-01-27,sup2,cat4,Яйцо куриное С1 (15шт.),6.44
2025-01-27,sup8,cat2,Томат,19.39
2025-01-27,sup5,cat8,Сахар (1кг.),1.46
2025-01-27,sup7,cat10,Батон нарезной (240г.),2.44
2025-01-27,sup12,cat12,Coca-Cola (1л.),3.07
2025-01-27,sup5,cat8,Мука (2кг.),2.60
2025-01-27,sup8,cat2,Томат,13.96
2025-01-27,sup10,cat2,Морковь,2.36
2025-01-27,sup2,cat4,Яйцо куриное С1 (15шт.),6.44
2025-01-27,sup5,cat9,Печенье овсяное (400г.),4.33
2025-01-27,sup3,cat3,Молоко (1.5л.),3.86
2025-01-27,sup1,cat5,Говядина,10.40
2025-01-27,sup2,cat4,Яйцо куриное Д1 (10шт.),4.98
2025-01-27,sup8,cat2,Капуста,3.94
2025-01-27,sup8,cat2,Томат,14.60
2025-01-27,sup2,cat4,Яйцо куриное С1 (15шт.),6.44
2025-01-27,sup3,cat3,Сыр сливочный (200г.),5.41
2025-01-27,sup8,cat2,Томат,15.11
2025-01-27,sup8,cat2,Морковь,1.84
2025-01-27,sup5,cat12,Сок апельсиновый (1л.),7.20
2025-01-27,sup5,cat8,Спагетти (400г.),1.76
2025-01-27,sup1,cat11,Колбаски охотничьи (500г.),9.20
2025-01-27,sup5,cat12,Сок апельсиновый (1л.),7.20
2025-01-27,sup5,cat8,Пшено (900г.),2.35
2025-01-27,sup1,cat11,Сервелат (400г.),17.02
2025-01-27,sup10,cat2,Лук репчатый,1.60
2025-01-27,sup5,cat12,Сок яблочный (1л.),10.34
2025-01-27,sup2,cat6,Печень куриная (550г.),5.50
2025-01-27,sup6,cat10,Батон нарезной (240г.),1.22
2025-01-27,sup8,cat2,Капуста,4.22
2025-01-27,sup9,cat1,Яблоко,5.15
2025-01-27,sup5,cat8,Сахар (1кг.),0.73
2025-01-27,sup12,cat12,Coca-Cola (1л.),6.14
2025-01-27,sup6,cat10,Батон нарезной (240г.),1.22
2025-01-27,sup10,cat2,Картофель,1.22
2025-01-27,sup6,cat10,Лаваш (300г.),2.89
2025-01-27,sup2,cat11,Сосиски молочные,10.15
2025-01-27,sup3,cat3,Кефир (1л.),2.27
2025-01-27,sup2,cat5,Окорочка куриные,4.33
2025-01-27,sup9,cat1,Мандарин,22.89
2025-01-28,sup5,cat8,Спагетти (400г.),1.76
2025-01-28,sup2,cat4,Яйцо куриное С1 (10шт.),3.81
2025-01-28,sup8,cat2,Огурец,7.52
2025-01-28,sup2,cat6,Фарш,28.06
2025-01-28,sup6,cat10,Багет (200г.),2.49
2025-01-28,sup6,cat10,Булочка с маком (1шт.),1.49
2025-01-28,sup10,cat2,Лук репчатый,1.00
2025-01-28,sup11,cat2,Томат,11.39
2025-01-28,sup5,cat12,Сок яблочный (1л.),5.17
2025-01-28,sup3,cat3,Масло сливочное (180г.),4.59
2025-01-28,sup3,cat3,Молоко (1л.),2.60
2025-01-28,sup5,cat8,Крупа перловая (1кг.),1.44
2025-01-28,sup5,cat9,Конфеты шоколадные,20.87
2025-01-28,sup2,cat4,Яйцо куриное С1 (15шт.),6.44
2025-01-28,sup2,cat5,Филе куриное,5.13
2025-01-28,sup5,cat8,Крупа манная (1кг.),2.02
2025-01-28,sup5,cat8,Кофе раств. (95г.),14.99
2025-01-28,sup5,cat8,Крупа перловая (1кг.),1.44
2025-01-28,sup5,cat8,Масло подсолнечное (0.8л.),4.04
2025-01-28,sup5,cat8,Спагетти (400г.),1.76
2025-01-28,sup3,cat3,Масло сливочное (180г.),4.59
2025-01-28,sup3,cat3,Кефир (1л.),2.27
2025-01-28,sup7,cat10,Батон нарезной (240г.),1.22
2025-01-28,sup5,cat8,Пшено (900г.),2.35
2025-01-28,sup1,cat11,Салями,21.23
2025-01-28,sup10,cat2,Свекла,0.38
2025-01-28,sup2,cat5,Филе куриное,11.91
2025-01-28,sup5,cat8,Крупа перловая (1кг.),1.44
2025-01-28,sup2,cat5,Филе куриное,9.40
2025-01-28,sup2,cat11,Ветчина,6.37
2025-01-28,sup3,cat3,Творог (200г.),2.44
2025-01-28,sup5,cat8,Макароны (900г.),1.49
2025-01-28,sup8,cat2,Картофель,5.79
2025-01-28,sup2,cat5,Окорочка куриные,10.31
2025-01-28,sup1,cat6,Котлеты,10.16
2025-01-28,sup8,cat2,Лук репчатый,1.51
2025-01-28,sup5,cat9,Конфеты шоколадные,30.06
2025-01-28,sup5,cat12,Лимонад (2л.),5.35
2025-01-28,sup8,cat2,Томат,14.94
2025-01-28,sup5,cat12,Сок апельсиновый (1л.),14.40
2025-01-28,sup3,cat3,Молоко (1л.),2.60
2025-01-28,sup3,cat3,Масло сливочное (1кг.),30.73
2025-01-28,sup6,cat10,Лаваш (300г.),2.89
2025-01-28,sup3,cat3,Кефир (1л.),2.27
2025-01-28,sup3,cat3,Кефир (1л.),4.54
2025-01-28,sup7,cat10,Хлеб ржаной (450г.),1.50
2025-01-28,sup7,cat10,Багет (200г.),2.49
2025-01-28,sup5,cat12,Вода мин. газ. (1л.),1.59
2025-01-28,sup1,cat5,Говядина,37.22
2025-01-28,sup6,cat10,Хлеб светлый (400г.),1.20
2025-01-28,sup7,cat10,Батон нарезной (240г.),1.22
2025-01-28,sup5,cat12,Вода негаз. (0.5л.),0.99
2025-01-29,sup1,cat6,Фарш,25.45
2025-01-29,sup7,cat10,Багет (200г.),2.49
2025-01-29,sup6,cat10,Батон нарезной (240г.),1.22
2025-01-29,sup6,cat10,Батон нарезной (240г.),1.22
2025-01-29,sup10,cat2,Морковь,1.64
2025-01-29,sup1,cat11,Сосиски молочные,11.03
2025-01-29,sup1,cat5,Говядина,36.43
2025-01-29,sup1,cat11,Колбаски охотничьи (500г.),18.40
2025-01-29,sup10,cat2,Свекла,0.54
2025-01-29,sup3,cat3,Молоко (1л.),2.60
2025-01-29,sup6,cat10,Булочка с маком (1шт.),2.98
2025-01-29,sup5,cat9,Конфеты шоколадные,7.07
2025-01-29,sup12,cat12,Вода негаз. (0.5л.),0.99
2025-01-29,sup9,cat1,Банан,5.50
2025-01-29,sup5,cat8,Макароны (900г.),1.49
2025-01-29,sup3,cat3,Сыр голландский (200г.),5.02
2025-01-29,sup7,cat10,Хлеб ржаной (450г.),1.50
2025-01-29,sup8,cat2,Капуста,3.00
2025-01-29,sup6,cat10,Батон нарезной (240г.),2.44
2025-01-29,sup2,cat5,Окорочка куриные,12.95
2025-01-29,sup12,cat12,Coca-Cola (1л.),3.07
2025-01-29,sup7,cat10,Батон нарезной (240г.),1.22
2025-01-29,sup1,cat5,Говядина,37.93
2025-01-29,sup1,cat11,Сервелат (400г.),8.51
2025-01-29,sup10,cat2,Лук репчатый,1.83
2025-01-29,sup5,cat8,Масло подсолнечное (0.8л.),6.06
2025-01-29,sup9,cat1,Банан,9.20
2025-01-29,sup7,cat10,Багет (200г.),2.49
2025-01-29,sup6,cat10,Булочка с маком (1шт.),2.98
2025-01-29,sup2,cat4,Яйцо куриное С1 (10шт.),3.81
2025-01-29,sup2,cat5,Окорочка куриные,5.33
2025-01-29,sup4,cat7,Форель (200г.),36.50
2025-01-29,sup5,cat12,Сок яблочный (1л.),5.17
2025-01-29,sup5,cat8,Крупа перловая (1кг.),1.44
2025-01-29,sup4,cat7,Сельдь (250г.),5.99
2025-01-29,sup7,cat10,Батон нарезной (240г.),1.22
2025-01-29,sup6,cat10,Хлеб ржаной (450г.),1.50
2025-01-29,sup3,cat3,Творог (200г.),4.88
2025-01-29,sup5,cat8,Спагетти (400г.),3.52
2025-01-29,sup10,cat2,Морковь,1.81
2025-01-29,sup2,cat6,Фарш,44.09
2025-01-29,sup3,cat3,Масло сливочное (180г.),4.59
2025-01-29,sup3,cat3,Молоко (1л.),2.60
2025-01-29,sup1,cat11,Сосиски молочные,7.61
2025-01-29,sup5,cat8,Мука (1кг.),1.64
2025-01-29,sup1,cat11,Салями,21.01
2025-01-29,sup2,cat4,Яйцо куриное С1 (15шт.),6.44
2025-01-29,sup12,cat12,Вода негаз. (0.5л.),1.98
2025-01-29,sup1,cat11,Бекон (220г),19.98
2025-01-29,sup5,cat8,Кофе мол. (250г.),19.99
2025-01-30,sup3,cat3,Сметана (180г.),3.88
2025-01-30,sup10,cat2,Картофель,3.84
2025-01-30,sup4,cat7,Креветки,41.99
2025-01-30,sup2,cat5,Окорочка куриные,11.85
2025-01-30,sup3,cat3,Творог (200г.),2.44
2025-01-30,sup6,cat10,Батон нарезной (240г.),1.22
2025-01-30,sup7,cat10,Батон нарезной (240г.),1.22
2025-01-30,sup5,cat12,Сок яблочный (1л.),5.17
2025-01-30,sup5,cat9,Конфеты шоколадные,10.05
2025-01-30,sup1,cat5,Говядина,13.10
2025-01-30,sup2,cat5,Филе куриное,19.65
2025-01-30,sup1,cat11,Колбаса вареная (400г.),4.98
2025-01-30,sup5,cat9,Шоколад молочный (90г.),5.99
2025-01-30,sup1,cat11,Сосиски молочные,11.25
2025-01-30,sup8,cat2,Томат,16.56
2025-01-30,sup3,cat3,Масло сливочное (180г.),4.59
2025-01-30,sup3,cat3,Сыр сливочный (200г.),5.41
2025-01-30,sup1,cat5,Говядина,25.01
2025-01-30,sup3,cat3,Кефир (1л.),2.27
2025-01-30,sup6,cat10,Булочка с маком (1шт.),4.47
2025-01-30,sup8,cat2,Лук репчатый,0.86
2025-01-30,sup3,cat3,Молоко (1л.),2.60
2025-01-30,sup10,cat2,Картофель,0.75
2025-01-30,sup2,cat11,Колбаса вареная (400г.),4.98
2025-01-30,sup5,cat9,Конфеты шоколадные,21.70
2025-01-30,sup3,cat3,Молоко (1.5л.),3.86
2025-01-30,sup2,cat6,Фарш,24.83
2025-01-30,sup5,cat12,Квас светлый (1л.),2.65
2025-01-30,sup5,cat8,Мука (1кг.),1.64
2025-01-30,sup8,cat2,Картофель,4.79
2025-01-30,sup9,cat2,Томат,22.14
2025-01-30,sup5,cat12,Вода негаз. (0.5л.),0.99
2025-01-30,sup5,cat12,Сок яблочный (1л.),5.17
2025-01-30,sup2,cat4,Яйцо куриное С1 (10шт.),3.81
2025-01-30,sup4,cat7,Креветки,26.89
2025-01-30,sup7,cat10,Багет (200г.),2.49
2025-01-30,sup3,cat3,Сметана (180г.),3.88
2025-01-30,sup12,cat12,Coca-Cola (1л.),3.07
2025-01-30,sup2,cat5,Окорочка куриные,8.37
2025-01-30,sup2,cat11,Сосиски молочные,7.56
2025-01-30,sup9,cat1,Банан,2.75
2025-01-30,sup3,cat3,Молоко (1л.),2.60
2025-01-30,sup6,cat10,Батон нарезной (240г.),1.22
2025-01-30,sup8,cat2,Морковь,0.38
2025-01-30,sup3,cat3,Молоко (1.5л.),3.86
2025-01-30,sup4,cat7,Хек,13.24
2025-01-30,sup2,cat4,Яйцо перепелиное (10шт.),2.95
2025-01-30,sup1,cat11,Бекон (220г),9.99
2025-01-30,sup6,cat10,Батон нарезной (240г.),2.44
2025-01-30,sup11,cat2,Огурец,3.93
2025-01-30,sup5,cat8,Мука (1кг.),1.64
2025-01-30,sup9,cat1,Мандарин,13.31
2025-01-31,sup5,cat9,Конфеты шоколадные,15.63
2025-01-31,sup10,cat2,Лук репчатый,0.98
2025-01-31,sup2,cat4,Яйцо куриное С1 (10шт.),3.81
2025-01-31,sup5,cat8,Мука (1кг.),1.64
2025-01-31,sup5,cat9,Зефир (230г.),8.79
2025-01-31,sup1,cat5,Говядина,23.86
2025-01-31,sup11,cat2,Огурец,7.13
2025-01-31,sup8,cat1,Груша,15.44
2025-01-31,sup9,cat1,Мандарин,4.81
2025-01-31,sup4,cat7,Форель (200г.),18.25
2025-01-31,sup5,cat9,Карамель,5.16
2025-01-31,sup2,cat4,Яйцо куриное Д1 (10шт.),4.98
2025-01-31,sup4,cat7,Хек,16.66
2025-01-31,sup5,cat12,Вода негаз. (0.5л.),1.98
2025-01-31,sup12,cat12,Coca-Cola (1л.),3.07
2025-01-31,sup7,cat10,Хлеб ржаной (450г.),1.50
2025-01-31,sup3,cat3,Молоко (1л.),2.60
2025-01-31,sup8,cat2,Огурец,2.98
2025-01-31,sup5,cat12,Лимонад (2л.),10.70
2025-01-31,sup6,cat10,Хлеб светлый (400г.),1.20
2025-01-31,sup8,cat2,Морковь,0.83
2025-01-31,sup5,cat8,Сахар (1кг.),0.73
2025-01-31,sup5,cat9,Зефир (230г.),8.79
2025-01-31,sup2,cat4,Яйцо куриное С1 (10шт.),3.81
2025-01-31,sup5,cat8,Масло подсолнечное (0.8л.),8.08
2025-01-31,sup6,cat10,Батон нарезной (240г.),1.22
2025-01-31,sup5,cat8,Кофе мол. (250г.),19.99
2025-01-31,sup3,cat3,Молоко (1.5л.),3.86
2025-01-31,sup1,cat5,Свинина,14.10
2025-01-31,sup5,cat9,Карамель,4.67
2025-01-31,sup9,cat2,Огурец,1.30
2025-01-31,sup8,cat2,Свекла,0.27
2025-01-31,sup5,cat9,Конфеты шоколадные,19.56
2025-01-31,sup6,cat10,Хлеб светлый (400г.),1.20
2025-01-31,sup2,cat6,Шашлык,36.02
2025-01-31,sup5,cat9,Вафли (143г.),2.76
2025-01-31,sup5,cat8,Сахар (1кг.),0.73
2025-01-31,sup10,cat2,Морковь,1.94
2025-01-31,sup5,cat8,Пшено (900г.),2.35
2025-01-31,sup2,cat4,Яйцо перепелиное (10шт.),2.95
2025-01-31,sup5,cat8,Спагетти (400г.),3.52
2025-01-31,sup8,cat2,Капуста,3.79
2025-01-31,sup3,cat3,Кефир (1л.),2.27
2025-01-31,sup12,cat12,Coca-Cola (1л.),3.07
2025-01-31,sup6,cat10,Булочка с маком (1шт.),2.98
2025-01-31,sup2,cat4,Яйцо перепелиное (10шт.),2.95
2025-01-31,sup7,cat10,Батон нарезной (240г.),1.22
2025-01-31,sup2,cat5,Окорочка куриные,6.64
2025-01-31,sup1,cat6,Фарш,38.57
2025-01-31,sup2,cat5,Окорочка куриные,8.84
2025-01-31,sup6,cat10,Хлеб светлый (400г.),1.20
2025-01-31,sup9,cat2,Томат,2.00
2025-01-31,sup7,cat10,Багет (200г.),2.49
2025-01-31,sup2,cat4,Яйцо куриное С1 (15шт.),6.44
2025-01-31,sup3,cat3,Масло сливочное (180г.),4.59
2025-01-31,sup3,cat3,Кефир (1л.),2.27
2025-01-31,sup10,cat1,Груша,13.06
2025-01-31,sup5,cat12,Лимонад (2л.),5.35
2025-01-31,sup3,cat3,Кефир (1л.),4.54
2025-01-31,sup5,cat8,Крупа перловая (1кг.),1.44
2025-01-31,sup3,cat3,Молоко (1л.),2.60
2025-01-31,sup3,cat3,Молоко (1л.),2.60
2025-01-31,sup6,cat10,Хлеб ржаной (450г.),1.50
2025-01-31,sup9,cat2,Томат,3.56
2025-01-31,sup3,cat3,Масло сливочное (180г.),4.59
2025-01-31,sup12,cat12,Вода негаз. (0.5л.),0.99
2025-01-31,sup6,cat10,Хлеб ржаной (450г.),1.50
2025-01-31,sup3,cat3,Кефир (1л.),2.27
2025-02-01,sup3,cat3,Масло сливочное (180г.),4.59
2025-02-01,sup10,cat2,Картофель,3.47
2025-02-01,sup3,cat3,Сметана (180г.),1.94
2025-02-01,sup5,cat9,Карамель,4.01
2025-02-01,sup2,cat5,Окорочка куриные,7.87
2025-02-01,sup1,cat6,Голубцы,17.88
2025-02-01,sup1,cat11,Сервелат (400г.),8.51
2025-02-01,sup3,cat3,Сметана (380г.),3.71
2025-02-01,sup4,cat7,Скумбрия,8.85
2025-02-01,sup6,cat10,Хлеб светлый (400г.),1.20
2025-02-01,sup2,cat4,Яйцо куриное С1 (10шт.),7.62
2025-02-01,sup9,cat2,Томат,14.89
2025-02-01,sup3,cat3,Молоко (1л.),2.60
2025-02-01,sup3,cat3,Творог (200г.),2.44
2025-02-01,sup8,cat2,Томат,11.76
2025-02-01,sup1,cat11,Колбаса вареная (400г.),4.98
2025-02-01,sup10,cat2,Лук репчатый,1.63
2025-02-01,sup1,cat5,Говядина,20.87
2025-02-01,sup2,cat6,Шашлык,50.97
2025-02-01,sup1,cat11,Колбаса вареная (400г.),4.98
2025-02-01,sup5,cat12,Вода негаз. (0.5л.),0.99
2025-02-01,sup3,cat3,Сметана (180г.),3.88
2025-02-01,sup1,cat5,Свинина,31.51
2025-02-01,sup1,cat11,Ветчина,8.30
2025-02-01,sup3,cat3,Сметана (380г.),3.71
2025-02-01,sup5,cat9,Печенье овсяное (400г.),8.66
2025-02-01,sup2,cat11,Сосиски молочные,5.12
2025-02-01,sup5,cat8,Макароны (900г.),1.49
2025-02-01,sup8,cat2,Морковь,2.61
2025-02-01,sup5,cat8,Мука (1кг.),1.64
2025-02-01,sup10,cat2,Морковь,1.67
2025-02-01,sup6,cat10,Булочка с маком (1шт.),1.49
2025-02-01,sup2,cat4,Яйцо куриное Д1 (10шт.),4.98
2025-02-01,sup4,cat7,Креветки,12.14
2025-02-01,sup2,cat6,Котлеты,18.10
2025-02-01,sup10,cat2,Свекла,0.65
2025-02-01,sup2,cat6,Шашлык,22.19
2025-02-01,sup8,cat2,Капуста,4.40
2025-02-01,sup2,cat11,Колбаса вареная (400г.),4.98
2025-02-01,sup4,cat7,Форель (200г.),18.25
2025-02-01,sup3,cat3,Масло сливочное (360г.),9.49
2025-02-01,sup8,cat1,Груша,11.36
2025-02-01,sup6,cat10,Булочка с маком (1шт.),1.49
2025-02-01,sup6,cat10,Лаваш (300г.),2.89
2025-02-01,sup1,cat11,Сосиски молочные,4.17
2025-02-01,sup5,cat12,Вода мин. газ. (1л.),3.18
2025-02-01,sup12,cat12,Coca-Cola (1л.),3.07
2025-02-01,sup6,cat10,Лаваш (300г.),2.89
2025-02-01,sup1,cat11,Колбаски охотничьи (500г.),9.20
2025-02-01,sup5,cat9,Зефир (230г.),8.79
2025-02-01,sup3,cat3,Молоко (1л.),2.60
2025-02-01,sup6,cat10,Батон нарезной (240г.),1.22
2025-02-01,sup5,cat8,Пшено (900г.),2.35
2025-02-01,sup5,cat12,Вода негаз. (0.5л.),0.99
2025-02-01,sup1,cat6,Котлеты,15.94
2025-02-01,sup5,cat9,Вафли (143г.),2.76
2025-02-01,sup1,cat6,Котлеты,18.45
2025-02-01,sup6,cat10,Батон нарезной (240г.),1.22
2025-02-01,sup6,cat10,Хлеб светлый (400г.),1.20
2025-02-01,sup12,cat12,Вода негаз. (0.5л.),0.99
2025-02-01,sup9,cat2,Огурец,5.13
2025-02-01,sup8,cat2,Томат,1.40
2025-02-01,sup1,cat11,Сервелат (400г.),8.51
2025-02-01,sup3,cat3,Кефир (1л.),2.27
2025-02-01,sup1,cat11,Сосиски молочные,9.71
2025-02-02,sup1,cat11,Ветчина,4.79
2025-02-02,sup5,cat8,Кофе мол. (250г.),39.98
2025-02-02,sup4,cat7,Паста рыбная (150г.),2.95
2025-02-02,sup3,cat3,Кефир (1л.),2.27
2025-02-02,sup3,cat3,Масло сливочное (180г.),4.59
2025-02-02,sup7,cat10,Хлеб светлый (400г.),1.20
2025-02-02,sup5,cat9,Конфеты шоколадные,30.40
2025-02-02,sup2,cat6,Желудки куриные (550г.),4.98
2025-02-02,sup11,cat2,Огурец,0.86
2025-02-02,sup3,cat3,Сметана (180г.),1.94
2025-02-02,sup5,cat9,Конфеты шоколадные,9.47
2025-02-02,sup6,cat10,Батон нарезной (240г.),1.22
2025-02-02,sup3,cat3,Масло сливочное (180г.),4.59
2025-02-02,sup1,cat11,Сосиски молочные,11.06
2025-02-02,sup5,cat8,Пшено (900г.),2.35
2025-02-02,sup1,cat6,Колбаски,38.72
2025-02-02,sup10,cat2,Лук репчатый,0.18
2025-02-02,sup10,cat2,Картофель,4.01
2025-02-02,sup3,cat3,Сметана (180г.),3.88
2025-02-02,sup5,cat12,Вода негаз. (0.5л.),0.99
2025-02-02,sup1,cat11,Сосиски молочные,7.44
2025-02-02,sup5,cat8,Мука (1кг.),1.64
2025-02-02,sup1,cat11,Ветчина,12.97
2025-02-02,sup10,cat12,Сок яблочный (1л.),5.17
2025-02-02,sup5,cat8,Сахар (1кг.),0.73
2025-02-02,sup1,cat11,Бекон (220г),9.99
2025-02-02,sup5,cat12,Вода негаз. (0.5л.),0.99
2025-02-02,sup12,cat12,Вода негаз. (0.5л.),0.99
2025-02-02,sup5,cat12,Сок апельсиновый (1л.),7.20
2025-02-02,sup5,cat12,Вода негаз. (0.5л.),0.99
2025-02-02,sup8,cat1,Груша,8.07
2025-02-02,sup2,cat11,Колбаса вареная (400г.),4.98
2025-02-02,sup5,cat8,Масло подсолнечное (0.8л.),2.02
2025-02-02,sup3,cat3,Сметана (380г.),3.71
2025-02-02,sup6,cat10,Батон нарезной (240г.),2.44
2025-02-02,sup1,cat11,Сосиски молочные,9.99
2025-02-02,sup8,cat2,Томат,17.18
2025-02-02,sup2,cat5,Окорочка куриные,9.87
2025-02-02,sup5,cat8,Рис (900г.),3.49
2025-02-02,sup12,cat12,Coca-Cola (1л.),3.07
2025-02-02,sup3,cat3,Сметана (180г.),3.88
2025-02-02,sup5,cat8,Масло подсолнечное (0.8л.),2.02
2025-02-02,sup3,cat3,Кефир (1л.),2.27
2025-02-02,sup4,cat7,Минтай,1.00
2025-02-02,sup1,cat11,Сосиски молочные,8.10
2025-02-02,sup2,cat4,Яйцо куриное С1 (10шт.),3.81
2025-02-02,sup7,cat10,Батон нарезной (240г.),1.22
2025-02-02,sup11,cat2,Огурец,1.65
2025-02-02,sup3,cat3,Сметана (180г.),1.94
2025-02-02,sup10,cat2,Свекла,0.25
2025-02-02,sup3,cat3,Молоко (1.5л.),3.86
2025-02-02,sup1,cat11,Колбаса вареная (400г.),4.98
2025-02-02,sup10,cat1,Яблоко,13.52
2025-02-02,sup5,cat8,Крупа манная (1кг.),2.02
2025-02-02,sup7,cat10,Сушки (500г.),3.99
2025-02-02,sup5,cat12,Лимонад (2л.),5.35
2025-02-02,sup3,cat3,Сыр сливочный (200г.),5.41
2025-02-02,sup3,cat3,Сыр сливочный (200г.),10.82
2025-02-03,sup8,cat2,Огурец,3.12
2025-02-03,sup7,cat10,Батон нарезной (240г.),1.22
2025-02-03,sup5,cat9,Печенье овсяное (400г.),4.33
2025-02-03,sup1,cat11,Салями,21.54
2025-02-03,sup9,cat1,Банан,12.78
2025-02-03,sup10,cat2,Картофель,3.16
2025-02-03,sup3,cat3,Кефир (1л.),2.27
2025-02-03,sup3,cat3,Молоко (1л.),2.60
2025-02-03,sup8,cat1,Груша,15.64
2025-02-03,sup10,cat2,Картофель,2.97
2025-02-03,sup6,cat10,Булочка с маком (1шт.),7.45
2025-02-03,sup5,cat8,Рис (900г.),3.49
2025-02-03,sup8,cat2,Лук репчатый,1.57
2025-02-03,sup5,cat8,Крупа гречневая (700г.),2.07
2025-02-03,sup11,cat2,Томат,3.46
2025-02-03,sup5,cat8,Мука (2кг.),2.60
2025-02-03,sup1,cat6,Голубцы,31.60
2025-02-03,sup3,cat3,Творог (200г.),2.44
2025-02-03,sup1,cat11,Сервелат (400г.),17.02
2025-02-03,sup1,cat5,Говядина,17.71
2025-02-03,sup3,cat3,Молоко (1л.),2.60
2025-02-03,sup1,cat5,Свинина,40.70
2025-02-03,sup3,cat3,Молоко (1л.),2.60
2025-02-03,sup3,cat3,Творог (200г.),4.88
2025-02-03,sup3,cat3,Молоко (1л.),2.60
2025-02-03,sup2,cat4,Яйцо куриное С1 (10шт.),7.62
2025-02-03,sup4,cat7,Форель (200г.),18.25
2025-02-03,sup6,cat10,Сушки (500г.),3.99
2025-02-03,sup8,cat2,Капуста,2.50
2025-02-03,sup6,cat10,Батон нарезной (240г.),1.22
2025-02-03,sup5,cat9,Печенье овсяное (400г.),8.66
2025-02-03,sup6,cat10,Багет (200г.),2.49
2025-02-03,sup5,cat8,Крупа гречневая (700г.),2.07
2025-02-03,sup3,cat3,Молоко (1л.),2.60
2025-02-03,sup6,cat10,Сушки (500г.),3.99
2025-02-03,sup1,cat6,Колбаски,27.12
2025-02-03,sup6,cat10,Булочка с маком (1шт.),1.49
2025-02-03,sup8,cat2,Капуста,3.93
2025-02-03,sup2,cat4,Яйцо куриное С1 (10шт.),7.62
2025-02-03,sup2,cat4,Яйцо куриное С1 (10шт.),7.62
2025-02-03,sup1,cat11,Салями,21.46
2025-02-03,sup2,cat4,Яйцо куриное С1 (15шт.),6.44
2025-02-03,sup5,cat12,Сок апельсиновый (1л.),7.20
2025-02-03,sup10,cat2,Картофель,2.66
2025-02-03,sup6,cat10,Батон нарезной (240г.),2.44
2025-02-03,sup11,cat2,Томат,14.45
2025-02-03,sup3,cat3,Молоко (1л.),2.60
2025-02-03,sup7,cat10,Багет (200г.),2.49
2025-02-03,sup1,cat6,Колбаски,13.92
2025-02-03,sup1,cat11,Сервелат (400г.),8.51
2025-02-03,sup5,cat8,Крупа перловая (1кг.),2.88
2025-02-04,sup6,cat10,Батон нарезной (240г.),2.44
2025-02-04,sup5,cat8,Крупа манная (1кг.),2.02
2025-02-04,sup3,cat3,Молоко (1л.),2.60
2025-02-04,sup1,cat5,Свинина,20.05
2025-02-04,sup6,cat10,Булочка с маком (1шт.),2.98
2025-02-04,sup5,cat12,Вода негаз. (0.5л.),0.99
2025-02-04,sup3,cat3,Сыр российский,14.30
2025-02-04,sup1,cat11,Сосиски молочные,5.66
2025-02-04,sup5,cat9,Мармелад,1.53
2025-02-04,sup7,cat10,Хлеб светлый (400г.),1.20
2025-02-04,sup6,cat10,Батон нарезной (240г.),1.22
2025-02-04,sup2,cat5,Окорочка куриные,5.21
2025-02-04,sup1,cat5,Свинина,13.93
2025-02-04,sup2,cat5,Окорочка куриные,4.67
2025-02-04,sup3,cat3,Творог (200г.),2.44
2025-02-04,sup5,cat9,Конфеты шоколадные,17.53
2025-02-04,sup7,cat10,Батон нарезной (240г.),1.22
2025-02-04,sup3,cat3,Молоко (1л.),2.60
2025-02-04,sup9,cat1,Мандарин,8.49
2025-02-04,sup2,cat6,Голубцы,13.72
2025-02-04,sup12,cat12,Вода негаз. (0.5л.),0.99
2025-02-04,sup8,cat2,Морковь,0.89
2025-02-04,sup2,cat4,Яйцо куриное С1 (15шт.),6.44
2025-02-04,sup5,cat9,Конфеты шоколадные,28.18
2025-02-04,sup8,cat2,Томат,10.18
2025-02-04,sup8,cat2,Томат,10.11
2025-02-04,sup3,cat3,Масло сливочное (180г.),4.59
2025-02-04,sup3,cat3,Молоко (1.5л.),7.72
2025-02-04,sup2,cat4,Яйцо куриное Д1 (10шт.),4.98
2025-02-04,sup1,cat5,Говядина,27.74
2025-02-04,sup3,cat3,Сметана (380г.),3.71
2025-02-04,sup6,cat10,Хлеб ржаной (450г.),1.50
2025-02-04,sup11,cat2,Томат,19.86
2025-02-04,sup3,cat3,Сыр голландский (200г.),5.02
2025-02-04,sup5,cat8,Мука (2кг.),2.60
2025-02-04,sup12,cat12,Coca-Cola (1л.),3.07
2025-02-04,sup5,cat12,Вода негаз. (0.5л.),0.99
2025-02-04,sup7,cat10,Батон нарезной (240г.),1.22
2025-02-04,sup5,cat9,Конфеты шоколадные,11.97
2025-02-04,sup11,cat2,Томат,15.14
2025-02-04,sup5,cat8,Чай пак. (25шт.),3.80
2025-02-04,sup12,cat12,Вода негаз. (0.5л.),0.99
2025-02-04,sup2,cat5,Филе куриное,10.15
2025-02-04,sup2,cat6,Желудки куриные (550г.),4.98
2025-02-04,sup8,cat2,Картофель,5.69
2025-02-04,sup3,cat3,Творог (200г.),7.32
2025-02-04,sup3,cat3,Кефир (1л.),2.27
2025-02-04,sup12,cat12,Coca-Cola (1л.),3.07
2025-02-04,sup11,cat2,Томат,15.46
2025-02-04,sup5,cat8,Спагетти (400г.),3.52
2025-02-05,sup1,cat6,Колбаски,15.92
2025-02-05,sup4,cat7,Сельдь (250г.),5.99
2025-02-05,sup3,cat3,Молоко (1л.),2.60
2025-02-05,sup12,cat12,Coca-Cola (1л.),3.07
2025-02-05,sup6,cat10,Багет (200г.),2.49
2025-02-05,sup2,cat4,Яйцо куриное С1 (15шт.),6.44
2025-02-05,sup5,cat8,Чай пак. (25шт.),3.80
2025-02-05,sup10,cat2,Картофель,2.97
2025-02-05,sup5,cat8,Крупа манная (1кг.),2.02
2025-02-05,sup5,cat12,Чай холодный (0.5л.),3.59
2025-02-05,sup4,cat7,Кальмар,41.88
2025-02-05,sup1,cat11,Колбаса вареная (400г.),4.98
2025-02-05,sup2,cat4,Яйцо перепелиное (20шт.),4.65
2025-02-05,sup5,cat9,Конфеты шоколадные,23.54
2025-02-05,sup2,cat4,Яйцо куриное С1 (10шт.),3.81
2025-02-05,sup3,cat3,Кефир (1л.),2.27
2025-02-05,sup3,cat3,Молоко (1л.),2.60
2025-02-05,sup9,cat2,Огурец,4.71
2025-02-05,sup8,cat2,Капуста,3.08
2025-02-05,sup6,cat10,Лаваш (300г.),5.78
2025-02-05,sup3,cat3,Кефир (1л.),2.27
2025-02-05,sup7,cat10,Батон нарезной (240г.),1.22
2025-02-05,sup9,cat1,Мандарин,2.43
2025-02-05,sup9,cat1,Мандарин,28.24
2025-02-05,sup5,cat12,Вода негаз. (0.5л.),0.99
2025-02-05,sup2,cat4,Яйцо перепелиное (10шт.),2.95
2025-02-05,sup3,cat3,Молоко (1л.),2.60
2025-02-05,sup5,cat9,Конфеты шоколадные,9.19
2025-02-05,sup1,cat11,Бекон (220г),9.99
2025-02-05,sup6,cat10,Батон нарезной (240г.),1.22
2025-02-05,sup1,cat5,Говядина,30.04
2025-02-05,sup9,cat1,Мандарин,18.61
2025-02-05,sup7,cat10,Хлеб светлый (400г.),1.20
2025-02-05,sup3,cat3,Молоко (1л.),2.60
2025-02-05,sup5,cat9,Конфеты шоколадные,30.77
2025-02-05,sup5,cat8,Масло подсолнечное (0.8л.),6.06
2025-02-05,sup12,cat12,Вода негаз. (0.5л.),0.99
2025-02-05,sup2,cat11,Сосиски молочные,6.80
2025-02-05,sup1,cat6,Котлеты,17.35
2025-02-05,sup5,cat12,Вода негаз. (0.5л.),0.99
2025-02-05,sup6,cat10,Хлеб светлый (400г.),1.20
2025-02-05,sup6,cat10,Булочка с маком (1шт.),2.98
2025-02-05,sup5,cat9,Карамель,7.15
2025-02-05,sup1,cat6,Фарш,47.14
2025-02-05,sup6,cat10,Хлеб ржаной (450г.),1.50
2025-02-05,sup5,cat8,Рис (900г.),3.49
2025-02-05,sup5,cat8,Мука (1кг.),1.64
2025-02-05,sup5,cat8,Кофе мол. (250г.),19.99
2025-02-05,sup5,cat12,Вода мин. газ. (1л.),1.59
2025-02-05,sup3,cat3,Кефир (1л.),2.27
2025-02-05,sup2,cat11,Ветчина,10.73
2025-02-05,sup6,cat10,Лаваш (300г.),2.89
2025-02-06,sup6,cat10,Булочка с маком (1шт.),4.47
2025-02-06,sup7,cat10,Батон нарезной (240г.),1.22
2025-02-06,sup6,cat10,Булочка с маком (1шт.),2.98
2025-02-06,sup3,cat3,Молоко (1л.),2.60
2025-02-06,sup6,cat10,Батон нарезной (240г.),1.22
2025-02-06,sup4,cat7,Сельдь (250г.),5.99
2025-02-06,sup10,cat2,Морковь,1.87
2025-02-06,sup8,cat2,Картофель,4.02
2025-02-06,sup6,cat10,Сушки (500г.),3.99
2025-02-06,sup6,cat10,Хлеб ржаной (450г.),1.50
2025-02-06,sup7,cat10,Сушки (500г.),3.99
2025-02-06,sup6,cat10,Лаваш (300г.),2.89
2025-02-06,sup5,cat9,Печенье овсяное (400г.),8.66
2025-02-06,sup2,cat11,Колбаса вареная (400г.),4.98
2025-02-06,sup9,cat1,Банан,9.91
2025-02-06,sup5,cat8,Пшено (900г.),2.35
2025-02-06,sup7,cat10,Батон нарезной (240г.),1.22
2025-02-06,sup4,cat7,Скумбрия,15.26
2025-02-06,sup5,cat8,Масло распсовое (0.8л.),4.99
2025-02-06,sup3,cat3,Масло сливочное (180г.),4.59
2025-02-06,sup5,cat9,Печенье овсяное (400г.),4.33
2025-02-06,sup2,cat5,Окорочка куриные,6.14
2025-02-06,sup1,cat11,Колбаски охотничьи (500г.),9.20
2025-02-06,sup5,cat8,Спагетти (400г.),1.76
2025-02-06,sup3,cat3,Масло сливочное (180г.),9.18
2025-02-06,sup8,cat2,Картофель,4.00
2025-02-06,sup5,cat12,Квас светлый (1л.),2.65
2025-02-06,sup5,cat12,Вода мин. газ. (1л.),3.18
2025-02-06,sup5,cat8,Крупа манная (1кг.),2.02
2025-02-06,sup9,cat2,Огурец,8.27
2025-02-06,sup5,cat8,Макароны (900г.),1.49
2025-02-06,sup3,cat3,Кефир (1л.),2.27
2025-02-06,sup3,cat3,Молоко (1л.),2.60
2025-02-06,sup3,cat3,Творог (200г.),4.88
2025-02-06,sup1,cat6,Котлеты,19.49
2025-02-06,sup3,cat3,Молоко (1.5л.),3.86
2025-02-06,sup9,cat1,Мандарин,26.00
2025-02-06,sup12,cat12,Вода негаз. (0.5л.),1.98
2025-02-06,sup1,cat11,Сервелат (400г.),17.02
2025-02-06,sup2,cat4,Яйцо перепелиное (10шт.),2.95
2025-02-06,sup5,cat12,Вода мин. газ. (1л.),1.59
2025-02-06,sup3,cat3,Кефир (1л.),2.27
2025-02-06,sup1,cat11,Колбаски охотничьи (500г.),9.20
2025-02-06,sup2,cat11,Колбаса вареная (400г.),4.98
2025-02-06,sup9,cat1,Банан,5.90
2025-02-06,sup10,cat1,Груша,7.19
2025-02-06,sup5,cat8,Рис (900г.),6.98
2025-02-06,sup2,cat4,Яйцо куриное С1 (15шт.),6.44
2025-02-06,sup6,cat10,Хлеб ржаной (450г.),1.50
2025-02-06,sup10,cat2,Картофель,5.41
2025-02-06,sup1,cat6,Голубцы,17.59
2025-02-06,sup2,cat11,Колбаса вареная (400г.),4.98
2025-02-06,sup9,cat2,Томат,9.14
2025-02-07,sup6,cat10,Батон нарезной (240г.),1.22
2025-02-07,sup1,cat5,Говядина,9.13
2025-02-07,sup2,cat5,Филе куриное,3.18
2025-02-07,sup1,cat5,Свинина,34.74
2025-02-07,sup3,cat3,Сметана (180г.),1.94
2025-02-07,sup3,cat3,Кефир (1л.),2.27
2025-02-07,sup3,cat3,Молоко (1л.),2.60
2025-02-07,sup6,cat10,Батон нарезной (240г.),1.22
2025-02-07,sup12,cat12,Вода негаз. (0.5л.),1.98
2025-02-07,sup5,cat8,Кофе мол. (250г.),39.98
2025-02-07,sup9,cat1,Мандарин,22.64
2025-02-07,sup3,cat3,Сыр сливочный (200г.),5.41
2025-02-07,sup3,cat3,Кефир (1л.),2.27
2025-02-07,sup5,cat8,Крупа гречневая (700г.),2.07
2025-02-07,sup9,cat2,Томат,14.44
2025-02-07,sup12,cat12,Coca-Cola (1л.),3.07
2025-02-07,sup3,cat3,Молоко (1л.),2.60
2025-02-07,sup5,cat12,Сок апельсиновый (1л.),7.20
2025-02-07,sup5,cat8,Крупа гречневая (700г.),2.07
2025-02-07,sup3,cat3,Творог (200г.),2.44
2025-02-07,sup6,cat10,Булочка с маком (1шт.),7.45
2025-02-07,sup2,cat6,Печень куриная (550г.),5.50
2025-02-07,sup6,cat10,Плетенка (450г.),4.04
2025-02-07,sup2,cat4,Яйцо перепелиное (10шт.),2.95
2025-02-07,sup5,cat12,Вода негаз. (0.5л.),1.98
2025-02-07,sup2,cat11,Сосиски молочные,6.80
2025-02-07,sup7,cat10,Батон нарезной (240г.),2.44
2025-02-07,sup6,cat10,Булочка с маком (1шт.),1.49
2025-02-07,sup3,cat3,Кефир (1л.),2.27
2025-02-07,sup8,cat2,Томат,10.86
2025-02-07,sup5,cat8,Крупа манная (1кг.),2.02
2025-02-07,sup1,cat5,Говядина,9.67
2025-02-07,sup8,cat2,Картофель,1.16
2025-02-07,sup2,cat5,Филе куриное,13.33
2025-02-07,sup1,cat5,Говядина,38.89
2025-02-07,sup10,cat1,Груша,7.36
2025-02-07,sup1,cat5,Говядина,22.40
2025-02-07,sup5,cat8,Чай пак. (25шт.),3.80
2025-02-07,sup3,cat3,Молоко (1.5л.),3.86
2025-02-07,sup8,cat1,Яблоко,2.07
2025-02-07,sup6,cat10,Хлеб ржаной (450г.),1.50
2025-02-07,sup10,cat12,Сок яблочный (1л.),10.34
2025-02-07,sup1,cat6,Голубцы,11.25
2025-02-07,sup4,cat7,Сельдь (250г.),5.99
2025-02-07,sup10,cat2,Свекла,1.23
2025-02-07,sup5,cat9,Конфеты шоколадные,17.72
2025-02-07,sup6,cat10,Булочка с маком (1шт.),2.98
2025-02-07,sup3,cat3,Молоко (1л.),2.60
2025-02-07,sup10,cat1,Яблоко,10.39
2025-02-07,sup1,cat11,Сосиски молочные,4.08
2025-02-07,sup7,cat10,Батон нарезной (240г.),1.22
2025-02-07,sup2,cat11,Сосиски молочные,7.89
2025-02-07,sup10,cat2,Лук репчатый,1.46
2025-02-07,sup3,cat3,Сметана (380г.),3.71
2025-02-07,sup2,cat5,Филе куриное,14.49
2025-02-07,sup6,cat10,Хлеб светлый (400г.),1.20
2025-02-07,sup1,cat5,Говядина,31.58
2025-02-07,sup3,cat3,Молоко (1.5л.),3.86
2025-02-07,sup8,cat2,Лук репчатый,0.59
2025-02-07,sup7,cat10,Батон нарезной (240г.),1.22
2025-02-07,sup2,cat6,Фарш,22.34
2025-02-07,sup2,cat4,Яйцо куриное С1 (10шт.),3.81
2025-02-07,sup3,cat3,Творог (200г.),4.88
2025-02-07,sup1,cat11,Сосиски молочные,11.63
2025-02-07,sup6,cat10,Батон нарезной (240г.),1.22
2025-02-07,sup7,cat10,Багет (200г.),2.49
2025-02-07,sup6,cat10,Хлеб светлый (400г.),1.20
2025-02-07,sup10,cat1,Груша,2.08
2025-02-07,sup12,cat12,Coca-Cola (1л.),3.07
2025-02-08,sup6,cat10,Батон нарезной (240г.),1.22
2025-02-08,sup3,cat3,Сыр сливочный (200г.),10.82
2025-02-08,sup4,cat7,Форель (200г.),18.25
2025-02-08,sup5,cat12,Чай холодный (0.5л.),3.59
2025-02-08,sup3,cat3,Сыр сливочный (200г.),10.82
2025-02-08,sup6,cat10,Хлеб светлый (400г.),1.20
2025-02-08,sup9,cat2,Томат,18.42
2025-02-08,sup5,cat12,Квас светлый (1л.),2.65
2025-02-08,sup5,cat12,Лимонад (2л.),5.35
2025-02-08,sup2,cat6,Шашлык,54.84
2025-02-08,sup5,cat9,Печенье овсяное (400г.),4.33
2025-02-08,sup6,cat10,Хлеб ржаной (450г.),1.50
2025-02-08,sup2,cat5,Филе куриное,10.62
2025-02-08,sup2,cat4,Яйцо куриное С1 (10шт.),3.81
2025-02-08,sup1,cat6,Шашлык,32.64
2025-02-08,sup7,cat10,Хлеб светлый (400г.),1.20
2025-02-08,sup8,cat1,Яблоко,19.06
2025-02-08,sup5,cat9,Мармелад,2.58
2025-02-08,sup1,cat11,Бекон (220г),9.99
2025-02-08,sup8,cat2,Картофель,4.60
2025-02-08,sup3,cat3,Кефир (1л.),2.27
2025-02-08,sup1,cat6,Котлеты,21.51
2025-02-08,sup3,cat3,Сметана (180г.),1.94
2025-02-08,sup5,cat12,Чай холодный (0.5л.),3.59
2025-02-08,sup1,cat6,Фарш,13.47
2025-02-08,sup6,cat10,Хлеб ржаной (450г.),1.50
2025-02-08,sup1,cat6,Колбаски,8.45
2025-02-08,sup6,cat10,Батон нарезной (240г.),2.44
2025-02-08,sup2,cat5,Филе куриное,7.96
2025-02-08,sup2,cat6,Печень куриная (550г.),5.50
2025-02-08,sup6,cat10,Хлеб светлый (400г.),1.20
2025-02-08,sup10,cat2,Свекла,0.43
2025-02-08,sup5,cat9,Конфеты шоколадные,31.19
2025-02-08,sup9,cat2,Огурец,6.37
2025-02-08,sup6,cat10,Батон нарезной (240г.),1.22
2025-02-08,sup5,cat9,Конфеты шоколадные,8.38
2025-02-08,sup6,cat10,Лаваш (300г.),2.89
2025-02-08,sup3,cat3,Кефир (1л.),2.27
2025-02-08,sup6,cat10,Хлеб ржаной (450г.),1.50
2025-02-08,sup5,cat9,Шоколад молочный (90г.),5.99
2025-02-08,sup6,cat10,Батон нарезной (240г.),1.22
2025-02-08,sup3,cat3,Кефир (1л.),2.27
2025-02-08,sup6,cat10,Булочка с маком (1шт.),4.47
2025-02-08,sup5,cat9,Конфеты шоколадные,15.37
2025-02-08,sup10,cat2,Картофель,5.14
2025-02-08,sup5,cat8,Кофе раств. (95г.),29.98
2025-02-08,sup2,cat5,Окорочка куриные,8.94
2025-02-08,sup1,cat5,Говядина,9.71
2025-02-08,sup2,cat4,Яйцо куриное С1 (15шт.),6.44
2025-02-08,sup2,cat11,Ветчина,2.36
2025-02-08,sup8,cat2,Картофель,1.38
2025-02-08,sup11,cat2,Огурец,4.68
2025-02-08,sup6,cat10,Батон нарезной (240г.),1.22
2025-02-08,sup3,cat3,Сметана (380г.),3.71
2025-02-08,sup1,cat5,Говядина,20.27
2025-02-08,sup8,cat2,Картофель,1.62
2025-02-08,sup3,cat3,Молоко (1л.),2.60
2025-02-08,sup3,cat3,Молоко (1.5л.),7.72
2025-02-08,sup1,cat11,Сервелат (400г.),17.02
2025-02-08,sup5,cat8,Чай пак. (25шт.),3.80
2025-02-08,sup1,cat11,Колбаса вареная (400г.),4.98
2025-02-08,sup9,cat1,Яблоко,5.19
2025-02-08,sup3,cat3,Масло сливочное (180г.),4.59
2025-02-08,sup10,cat2,Лук репчатый,2.01
2025-02-08,sup10,cat2,Лук репчатый,0.63
2025-02-08,sup5,cat12,Сок апельсиновый (1л.),7.20
2025-02-08,sup9,cat2,Томат,9.12
2025-02-08,sup7,cat10,Хлеб ржаной (450г.),1.50
2025-02-08,sup3,cat3,Молоко (1л.),2.60
2025-02-09,sup12,cat12,Вода негаз. (0.5л.),0.99
2025-02-09,sup6,cat10,Батон нарезной (240г.),1.22
2025-02-09,sup5,cat9,Печенье овсяное (400г.),4.33
2025-02-09,sup3,cat3,Молоко (1л.),2.60
2025-02-09,sup3,cat3,Кефир (1л.),2.27
2025-02-09,sup4,cat7,Сельдь (250г.),5.99
2025-02-09,sup4,cat7,Кальмар,39.50
2025-02-09,sup6,cat10,Хлеб светлый (400г.),1.20
2025-02-09,sup3,cat3,Молоко (1.5л.),3.86
2025-02-09,sup6,cat10,Хлеб светлый (400г.),1.20
2025-02-09,sup6,cat10,Сушки (500г.),3.99
2025-02-09,sup8,cat2,Томат,4.87
2025-02-09,sup2,cat4,Яйцо куриное С1 (10шт.),7.62
2025-02-09,sup10,cat2,Лук репчатый,0.50
2025-02-09,sup3,cat3,Сметана (180г.),1.94
2025-02-09,sup5,cat12,Вода негаз. (0.5л.),0.99
2025-02-09,sup5,cat8,Сахар (1кг.),0.73
2025-02-09,sup5,cat8,Крупа гречневая (700г.),2.07
2025-02-09,sup5,cat8,Спагетти (400г.),1.76
2025-02-09,sup2,cat11,Колбаса вареная (400г.),4.98
2025-02-09,sup3,cat3,Сметана (180г.),3.88
2025-02-09,sup3,cat3,Кефир (1л.),2.27
2025-02-09,sup8,cat1,Яблоко,8.93
2025-02-09,sup8,cat2,Лук репчатый,0.38
2025-02-09,sup5,cat8,Соль (1кг.),0.73
2025-02-09,sup1,cat11,Бекон (220г),9.99
2025-02-09,sup3,cat3,Сметана (380г.),7.42
2025-02-09,sup4,cat7,Икра лососевая (140г.),32.99
2025-02-09,sup8,cat2,Капуста,4.23
2025-02-09,sup2,cat5,Окорочка куриные,7.96
2025-02-09,sup2,cat6,Фарш,20.41
2025-02-09,sup6,cat10,Батон нарезной (240г.),1.22
2025-02-09,sup2,cat6,Котлеты,8.85
2025-02-09,sup12,cat12,Coca-Cola (1л.),3.07
2025-02-09,sup1,cat11,Сервелат (400г.),8.51
2025-02-09,sup1,cat6,Голубцы,19.90
2025-02-09,sup2,cat4,Яйцо куриное Д1 (10шт.),4.98
2025-02-09,sup5,cat8,Макароны (900г.),1.49
2025-02-09,sup9,cat2,Томат,12.84
2025-02-09,sup5,cat8,Чай пак. (25шт.),7.60
2025-02-09,sup1,cat11,Сосиски молочные,6.22
2025-02-09,sup5,cat8,Рис (900г.),3.49
2025-02-09,sup9,cat1,Банан,10.49
2025-02-09,sup3,cat3,Сметана (180г.),1.94
2025-02-09,sup3,cat3,Молоко (1л.),2.60
2025-02-09,sup5,cat8,Мука (2кг.),2.60
2025-02-09,sup2,cat4,Яйцо куриное С1 (10шт.),3.81
2025-02-09,sup2,cat5,Окорочка куриные,6.40
2025-02-09,sup2,cat11,Колбаса вареная (400г.),4.98
2025-02-09,sup8,cat2,Лук репчатый,1.89
2025-02-09,sup2,cat5,Окорочка куриные,6.26
2025-02-09,sup7,cat10,Батон нарезной (240г.),1.22
2025-02-09,sup7,cat10,Батон нарезной (240г.),1.22
2025-02-09,sup5,cat9,Вафли (143г.),2.76
2025-02-10,sup2,cat6,Фарш,32.62
2025-02-10,sup8,cat2,Лук репчатый,1.68
2025-02-10,sup3,cat3,Кефир (1л.),2.27
2025-02-10,sup8,cat2,Лук репчатый,0.27
2025-02-10,sup5,cat12,Квас светлый (1л.),2.65
2025-02-10,sup2,cat5,Филе куриное,8.04
2025-02-10,sup5,cat12,Вода мин. газ. (1л.),4.77
2025-02-10,sup1,cat11,Сервелат (400г.),8.51
2025-02-10,sup5,cat12,Вода негаз. (0.5л.),0.99
2025-02-10,sup2,cat4,Яйцо куриное С1 (15шт.),6.44
2025-02-10,sup6,cat10,Хлеб ржаной (450г.),1.50
2025-02-10,sup10,cat2,Морковь,2.59
2025-02-10,sup1,cat5,Говядина,29.14
2025-02-10,sup2,cat5,Окорочка куриные,8.67
2025-02-10,sup3,cat3,Творог (200г.),2.44
2025-02-10,sup3,cat3,Сыр голландский (200г.),10.04
2025-02-10,sup3,cat3,Молоко (1л.),2.60
2025-02-10,sup5,cat8,Чай пак. (25шт.),3.80
2025-02-10,sup6,cat10,Лаваш (300г.),2.89
2025-02-10,sup1,cat5,Говядина,15.93
2025-02-10,sup1,cat5,Свинина,33.54
2025-02-10,sup3,cat3,Молоко (1л.),2.60
2025-02-10,sup9,cat1,Мандарин,17.13
2025-02-10,sup1,cat11,Колбаса вареная (400г.),4.98
2025-02-10,sup3,cat3,Сыр российский,22.11
2025-02-10,sup10,cat2,Картофель,3.16
2025-02-10,sup6,cat10,Батон нарезной (240г.),2.44
2025-02-10,sup7,cat10,Сушки (500г.),3.99
2025-02-10,sup5,cat12,Вода мин. газ. (1л.),3.18
2025-02-10,sup9,cat1,Мандарин,19.31
2025-02-10,sup2,cat4,Яйцо куриное С1 (10шт.),7.62
2025-02-10,sup6,cat10,Батон нарезной (240г.),1.22
2025-02-10,sup8,cat2,Картофель,4.95
2025-02-10,sup7,cat10,Хлеб ржаной (450г.),1.50
2025-02-10,sup10,cat1,Груша,13.03
2025-02-10,sup1,cat11,Салями,20.36
2025-02-10,sup3,cat3,Сыр сливочный (200г.),5.41
2025-02-10,sup7,cat10,Батон нарезной (240г.),2.44
2025-02-10,sup5,cat9,Карамель,0.83
2025-02-10,sup10,cat2,Лук репчатый,1.85
2025-02-10,sup5,cat9,Печенье овсяное (400г.),4.33
2025-02-10,sup8,cat2,Томат,3.31
2025-02-10,sup1,cat6,Фарш,41.74
2025-02-10,sup2,cat5,Филе куриное,20.55
2025-02-10,sup7,cat10,Хлеб светлый (400г.),1.20
2025-02-10,sup2,cat6,Фарш,42.53
2025-02-10,sup5,cat9,Конфеты шоколадные,10.20
2025-02-10,sup3,cat3,Сыр российский,4.10
2025-02-10,sup8,cat2,Картофель,2.56
2025-02-10,sup5,cat8,Масло распсовое (0.8л.),4.99
2025-02-10,sup2,cat5,Окорочка куриные,9.54
2025-02-10,sup5,cat9,Печенье овсяное (400г.),4.33
2025-02-10,sup9,cat1,Банан,14.67
2025-02-11,sup1,cat6,Голубцы,21.59
2025-02-11,sup3,cat3,Творог (200г.),7.32
2025-02-11,sup11,cat2,Томат,6.57
2025-02-11,sup1,cat5,Говядина,27.28
2025-02-11,sup8,cat1,Груша,4.61
2025-02-11,sup10,cat2,Картофель,0.83
2025-02-11,sup9,cat1,Банан,9.22
2025-02-11,sup10,cat2,Картофель,4.01
2025-02-11,sup3,cat3,Сыр сливочный (200г.),5.41
2025-02-11,sup12,cat12,Вода негаз. (0.5л.),0.99
2025-02-11,sup3,cat3,Молоко (1л.),2.60
2025-02-11,sup2,cat5,Окорочка куриные,4.87
2025-02-11,sup9,cat1,Банан,5.18
2025-02-11,sup1,cat11,Сосиски молочные,7.17
2025-02-11,sup5,cat8,Крупа перловая (1кг.),1.44
2025-02-11,sup2,cat4,Яйцо куриное С1 (10шт.),3.81
2025-02-11,sup10,cat2,Морковь,0.57
2025-02-11,sup5,cat8,Крупа манная (1кг.),2.02
2025-02-11,sup5,cat8,Соль (1кг.),0.73
2025-02-11,sup2,cat11,Сосиски молочные,10.58
2025-02-11,sup1,cat5,Говядина,8.55
2025-02-11,sup5,cat12,Квас светлый (1л.),2.65
2025-02-11,sup3,cat3,Масло сливочное (1кг.),30.73
2025-02-11,sup5,cat8,Макароны (900г.),1.49
2025-02-11,sup7,cat10,Батон нарезной (240г.),1.22
2025-02-11,sup8,cat1,Яблоко,13.12
2025-02-11,sup4,cat7,Креветки,44.19
2025-02-11,sup5,cat12,Лимонад (2л.),5.35
2025-02-11,sup1,cat6,Голубцы,24.39
2025-02-11,sup10,cat12,Сок яблочный (1л.),10.34
2025-02-11,sup10,cat1,Груша,8.57
2025-02-11,sup5,cat12,Лимонад (2л.),5.35
2025-02-11,sup2,cat6,Фарш,15.64
2025-02-11,sup2,cat11,Сосиски молочные,11.13
2025-02-11,sup12,cat12,Вода негаз. (0.5л.),1.98
2025-02-11,sup10,cat2,Лук репчатый,1.17
2025-02-11,sup10,cat2,Картофель,3.63
2025-02-11,sup3,cat3,Кефир (1л.),2.27
2025-02-11,sup3,cat3,Молоко (1.5л.),7.72
2025-02-11,sup5,cat12,Сок апельсиновый (1л.),7.20
2025-02-11,sup6,cat10,Булочка с маком (1шт.),1.49
2025-02-11,sup2,cat4,Яйцо куриное С1 (15шт.),6.44
2025-02-11,sup5,cat9,Конфеты шоколадные,25.45
2025-02-11,sup2,cat4,Яйцо куриное С1 (10шт.),3.81
2025-02-11,sup8,cat2,Огурец,6.26
2025-02-11,sup1,cat5,Говядина,33.67
2025-02-11,sup2,cat4,Яйцо куриное С1 (15шт.),6.44
2025-02-11,sup6,cat10,Хлеб ржаной (450г.),1.50
2025-02-11,sup2,cat6,Фарш,16.00
2025-02-12,sup6,cat10,Плетенка (450г.),4.04
2025-02-12,sup5,cat12,Вода негаз. (0.5л.),0.99
2025-02-12,sup3,cat3,Кефир (1л.),2.27
2025-02-12,sup1,cat11,Сосиски молочные,11.15
2025-02-12,sup3,cat3,Кефир (1л.),2.27
2025-02-12,sup10,cat2,Морковь,2.39
2025-02-12,sup10,cat2,Лук репчатый,0.27
2025-02-12,sup9,cat1,Мандарин,13.63
2025-02-12,sup10,cat2,Картофель,4.13
2025-02-12,sup6,cat10,Батон нарезной (240г.),1.22
2025-02-12,sup11,cat2,Томат,2.38
2025-02-12,sup6,cat10,Лаваш (300г.),2.89
2025-02-12,sup5,cat8,Мука (1кг.),1.64
2025-02-12,sup7,cat10,Хлеб светлый (400г.),1.20
2025-02-12,sup5,cat8,Спагетти (400г.),1.76
2025-02-12,sup5,cat8,Мука (1кг.),1.64
2025-02-12,sup1,cat11,Сосиски молочные,4.43
2025-02-12,sup3,cat3,Сметана (180г.),3.88
2025-02-12,sup1,cat11,Бекон (220г),9.99
2025-02-12,sup1,cat11,Ветчина,4.42
2025-02-12,sup6,cat10,Булочка с маком (1шт.),2.98
2025-02-12,sup3,cat3,Сметана (380г.),7.42
2025-02-12,sup7,cat10,Батон нарезной (240г.),1.22
2025-02-12,sup10,cat2,Картофель,4.73
2025-02-12,sup9,cat1,Груша,3.40
2025-02-12,sup2,cat4,Яйцо куриное С1 (10шт.),7.62
2025-02-12,sup5,cat8,Кофе мол. (250г.),19.99
2025-02-12,sup5,cat8,Макароны (900г.),1.49
2025-02-12,sup9,cat1,Яблоко,14.33
2025-02-12,sup3,cat3,Сыр российский,17.35
2025-02-12,sup5,cat9,Карамель,2.50
2025-02-12,sup2,cat4,Яйцо куриное С1 (10шт.),3.81
2025-02-12,sup5,cat9,Зефир (230г.),8.79
2025-02-12,sup5,cat8,Сахар (1кг.),2.19
2025-02-12,sup2,cat11,Сосиски молочные,10.84
2025-02-12,sup9,cat2,Огурец,3.45
2025-02-12,sup1,cat5,Говядина,16.51
2025-02-12,sup9,cat1,Банан,14.18
2025-02-12,sup3,cat3,Сметана (180г.),1.94
2025-02-12,sup6,cat10,Батон нарезной (240г.),1.22
2025-02-12,sup5,cat9,Конфеты шоколадные,19.03
2025-02-12,sup6,cat10,Батон нарезной (240г.),2.44
2025-02-12,sup6,cat10,Багет (200г.),2.49
2025-02-12,sup1,cat11,Сервелат (400г.),8.51
2025-02-12,sup5,cat8,Пшено (900г.),2.35
2025-02-12,sup12,cat12,Вода негаз. (0.5л.),0.99
2025-02-12,sup1,cat11,Сосиски молочные,11.97
2025-02-12,sup9,cat1,Груша,17.97
2025-02-12,sup6,cat10,Багет (200г.),2.49
2025-02-12,sup6,cat10,Батон нарезной (240г.),1.22
2025-02-12,sup3,cat3,Молоко (1л.),2.60
2025-02-12,sup6,cat10,Хлеб светлый (400г.),1.20
2025-02-12,sup2,cat4,Яйцо куриное Д1 (10шт.),4.98
2025-02-13,sup5,cat8,Мука (2кг.),2.60
2025-02-13,sup8,cat2,Огурец,7.90
2025-02-13,sup1,cat11,Колбаса вареная (400г.),4.98
2025-02-13,sup3,cat3,Молоко (1л.),2.60
2025-02-13,sup6,cat10,Хлеб светлый (400г.),1.20
2025-02-13,sup5,cat8,Макароны (900г.),2.98
2025-02-13,sup8,cat1,Яблоко,6.90
2025-02-13,sup6,cat10,Лаваш (300г.),5.78
2025-02-13,sup2,cat6,Фарш,43.80
2025-02-13,sup2,cat4,Яйцо куриное С1 (15шт.),6.44
2025-02-13,sup3,cat3,Молоко (1л.),2.60
2025-02-13,sup1,cat11,Сервелат (400г.),17.02
2025-02-13,sup1,cat11,Ветчина,7.30
2025-02-13,sup10,cat1,Яблоко,6.86
2025-02-13,sup6,cat10,Хлеб ржаной (450г.),1.50
2025-02-13,sup9,cat1,Банан,3.95
2025-02-13,sup3,cat3,Молоко (1л.),2.60
2025-02-13,sup5,cat12,Лимонад (2л.),5.35
2025-02-13,sup8,cat2,Капуста,2.46
2025-02-13,sup8,cat2,Лук репчатый,1.92
2025-02-13,sup9,cat1,Груша,17.73
2025-02-13,sup2,cat5,Окорочка куриные,11.24
2025-02-13,sup1,cat11,Колбаса вареная (400г.),4.98
2025-02-13,sup5,cat12,Вода негаз. (0.5л.),0.99
2025-02-13,sup3,cat3,Молоко (1л.),2.60
2025-02-13,sup5,cat8,Сахар (1кг.),0.73
2025-02-13,sup5,cat8,Мука (1кг.),1.64
2025-02-13,sup6,cat10,Хлеб светлый (400г.),1.20
2025-02-13,sup5,cat8,Спагетти (400г.),1.76
2025-02-13,sup2,cat6,Печень куриная (550г.),11.00
2025-02-13,sup1,cat11,Сосиски молочные,8.09
2025-02-13,sup2,cat5,Филе куриное,9.43
2025-02-13,sup4,cat7,Скумбрия,17.44
2025-02-13,sup11,cat2,Томат,12.24
2025-02-13,sup1,cat6,Колбаски,23.48
2025-02-13,sup1,cat5,Говядина,29.31
2025-02-13,sup4,cat7,Кальмар,36.36
2025-02-13,sup1,cat11,Колбаса вареная (400г.),4.98
2025-02-13,sup3,cat3,Молоко (1.5л.),3.86
2025-02-13,sup5,cat8,Пшено (900г.),2.35
2025-02-13,sup5,cat12,Сок яблочный (1л.),5.17
2025-02-13,sup12,cat12,Вода негаз. (0.5л.),1.98
2025-02-13,sup3,cat3,Молоко (1.5л.),7.72
2025-02-13,sup5,cat8,Чай пак. (25шт.),3.80
2025-02-13,sup5,cat9,Конфеты шоколадные,21.40
2025-02-13,sup7,cat10,Батон нарезной (240г.),1.22
2025-02-13,sup5,cat8,Кофе мол. (250г.),59.97
2025-02-13,sup6,cat10,Булочка с маком (1шт.),1.49
2025-02-13,sup1,cat6,Фарш,25.65
2025-02-13,sup6,cat10,Булочка с маком (1шт.),1.49
2025-02-13,sup8,cat2,Морковь,0.45
2025-02-14,sup4,cat7,Хек,4.78
2025-02-14,sup3,cat3,Молоко (1л.),2.60
2025-02-14,sup1,cat5,Свинина,46.97
2025-02-14,sup3,cat3,Молоко (1л.),2.60
2025-02-14,sup5,cat8,Кофе раств. (95г.),14.99
2025-02-14,sup9,cat1,Мандарин,19.59
2025-02-14,sup3,cat3,Молоко (1л.),2.60
2025-02-14,sup7,cat10,Батон нарезной (240г.),2.44
2025-02-14,sup3,cat3,Кефир (1л.),2.27
2025-02-14,sup5,cat8,Крупа перловая (1кг.),1.44
2025-02-14,sup5,cat8,Рис (900г.),3.49
2025-02-14,sup5,cat12,Сок яблочный (1л.),5.17
2025-02-14,sup5,cat9,Печенье овсяное (400г.),4.33
2025-02-14,sup4,cat7,Сельдь (250г.),5.99
2025-02-14,sup5,cat12,Квас светлый (1л.),2.65
2025-02-14,sup5,cat8,Макароны (900г.),1.49
2025-02-14,sup6,cat10,Булочка с маком (1шт.),1.49
2025-02-14,sup8,cat2,Капуста,3.50
2025-02-14,sup9,cat1,Банан,4.05
2025-02-14,sup7,cat10,Хлеб светлый (400г.),1.20
2025-02-14,sup12,cat12,Вода негаз. (0.5л.),0.99
2025-02-14,sup7,cat10,Батон нарезной (240г.),2.44
2025-02-14,sup1,cat5,Говядина,8.71
2025-02-14,sup11,cat2,Томат,6.86
2025-02-14,sup2,cat6,Фарш,23.64
2025-02-14,sup6,cat10,Лаваш (300г.),2.89
2025-02-14,sup3,cat3,Сыр голландский (200г.),5.02
2025-02-14,sup3,cat3,Кефир (1л.),2.27
2025-02-14,sup1,cat11,Ветчина,8.21
2025-02-14,sup6,cat10,Батон нарезной (240г.),1.22
2025-02-14,sup6,cat10,Булочка с маком (1шт.),2.98
2025-02-14,sup2,cat11,Сосиски молочные,4.55
2025-02-14,sup10,cat2,Картофель,5.03
2025-02-14,sup2,cat6,Фарш,22.12
2025-02-14,sup8,cat2,Картофель,3.53
2025-02-14,sup1,cat5,Говядина,33.66
2025-02-14,sup1,cat5,Говядина,20.12
2025-02-14,sup11,cat2,Огурец,5.06
2025-02-14,sup3,cat3,Творог (200г.),2.44
2025-02-14,sup3,cat3,Сметана (180г.),1.94
2025-02-14,sup5,cat9,Печенье овсяное (400г.),4.33
2025-02-14,sup10,cat2,Картофель,0.57
2025-02-14,sup5,cat12,Сок апельсиновый (1л.),7.20
2025-02-14,sup5,cat12,Вода мин. газ. (1л.),4.77
2025-02-14,sup7,cat10,Батон нарезной (240г.),1.22
2025-02-14,sup2,cat5,Окорочка куриные,3.95
2025-02-14,sup5,cat12,Сок апельсиновый (1л.),7.20
2025-02-14,sup1,cat11,Колбаса вареная (400г.),4.98
2025-02-14,sup1,cat5,Говядина,9.05
2025-02-14,sup6,cat10,Лаваш (300г.),2.89
2025-02-14,sup5,cat8,Макароны (900г.),1.49
2025-02-14,sup2,cat4,Яйцо куриное С1 (10шт.),7.62
2025-02-14,sup3,cat3,Сыр голландский (200г.),5.02
2025-02-14,sup5,cat8,Рис (900г.),3.49
2025-02-14,sup3,cat3,Творог (200г.),4.88
2025-02-14,sup1,cat11,Колбаса вареная (400г.),4.98
2025-02-14,sup7,cat10,Батон нарезной (240г.),1.22
2025-02-14,sup3,cat3,Творог (200г.),2.44
2025-02-14,sup8,cat2,Томат,6.42
2025-02-14,sup3,cat3,Молоко (1л.),2.60
2025-02-14,sup8,cat2,Картофель,4.71
2025-02-14,sup8,cat2,Лук репчатый,0.18
2025-02-14,sup6,cat10,Хлеб светлый (400г.),1.20
2025-02-14,sup4,cat7,Форель (200г.),18.25
2025-02-14,sup3,cat3,Сметана (180г.),1.94
2025-02-14,sup3,cat3,Молоко (1.5л.),3.86
2025-02-14,sup3,cat3,Сметана (380г.),7.42
2025-02-14,sup4,cat7,Сельдь (250г.),5.99
2025-02-15,sup4,cat7,Сельдь (250г.),5.99
2025-02-15,sup6,cat10,Батон нарезной (240г.),1.22
2025-02-15,sup3,cat3,Творог (200г.),2.44
2025-02-15,sup5,cat8,Мука (1кг.),1.64
2025-02-15,sup2,cat6,Печень куриная (550г.),5.50
2025-02-15,sup6,cat10,Хлеб ржаной (450г.),1.50
2025-02-15,sup2,cat6,Голубцы,18.16
2025-02-15,sup10,cat2,Картофель,3.67
2025-02-15,sup2,cat11,Ветчина,7.44
2025-02-15,sup6,cat10,Батон нарезной (240г.),2.44
2025-02-15,sup8,cat2,Капуста,3.49
2025-02-15,sup7,cat10,Батон нарезной (240г.),1.22
2025-02-15,sup5,cat8,Чай пак. (25шт.),3.80
2025-02-15,sup5,cat12,Квас светлый (1л.),2.65
2025-02-15,sup1,cat5,Говядина,13.62
2025-02-15,sup5,cat8,Масло подсолнечное (0.8л.),2.02
2025-02-15,sup3,cat3,Кефир (1л.),2.27
2025-02-15,sup2,cat5,Филе куриное,6.46
2025-02-15,sup5,cat12,Лимонад (2л.),5.35
2025-02-15,sup6,cat10,Батон нарезной (240г.),1.22
2025-02-15,sup3,cat3,Молоко (1л.),5.20
2025-02-15,sup6,cat10,Батон нарезной (240г.),2.44
2025-02-15,sup7,cat10,Хлеб светлый (400г.),1.20
2025-02-15,sup1,cat11,Сосиски молочные,4.88
2025-02-15,sup5,cat12,Вода негаз. (0.5л.),1.98
2025-02-15,sup1,cat5,Говядина,22.55
2025-02-15,sup2,cat4,Яйцо куриное С1 (10шт.),3.81
2025-02-15,sup1,cat6,Фарш,18.58
2025-02-15,sup3,cat3,Молоко (1л.),2.60
2025-02-15,sup3,cat3,Молоко (1л.),2.60
2025-02-15,sup3,cat3,Творог (200г.),2.44
2025-02-15,sup2,cat4,Яйцо куриное С1 (15шт.),6.44
2025-02-15,sup6,cat10,Батон нарезной (240г.),2.44
2025-02-15,sup3,cat3,Молоко (1.5л.),7.72
2025-02-15,sup6,cat10,Хлеб ржаной (450г.),1.50
2025-02-15,sup8,cat2,Лук репчатый,0.32
2025-02-15,sup5,cat9,Печенье овсяное (400г.),4.33
2025-02-15,sup10,cat2,Картофель,0.22
2025-02-15,sup5,cat12,Лимонад (2л.),5.35
2025-02-15,sup12,cat12,Вода негаз. (0.5л.),0.99
2025-02-15,sup1,cat6,Шашлык,20.54
2025-02-15,sup3,cat3,Молоко (1л.),2.60
2025-02-15,sup8,cat1,Груша,8.14
2025-02-15,sup1,cat6,Колбаски,28.95
2025-02-15,sup2,cat11,Ветчина,16.82
2025-02-15,sup6,cat10,Хлеб ржаной (450г.),1.50
2025-02-15,sup6,cat10,Батон нарезной (240г.),1.22
2025-02-15,sup1,cat11,Салями,20.04
2025-02-15,sup6,cat10,Булочка с маком (1шт.),1.49
2025-02-15,sup3,cat3,Творог (200г.),2.44
2025-02-15,sup2,cat4,Яйцо куриное С1 (10шт.),7.62
2025-02-15,sup5,cat8,Крупа манная (1кг.),2.02
2025-02-15,sup6,cat10,Хлеб ржаной (450г.),1.50
2025-02-15,sup2,cat5,Окорочка куриные,5.20
2025-02-15,sup11,cat2,Томат,15.22
2025-02-15,sup7,cat10,Сушки (500г.),3.99
2025-02-15,sup9,cat1,Банан,3.64
2025-02-15,sup2,cat4,Яйцо куриное С1 (10шт.),7.62
2025-02-15,sup5,cat12,Вода мин. газ. (1л.),1.59
2025-02-15,sup3,cat3,Молоко (1л.),5.20
2025-02-15,sup4,cat7,Кальмар,26.33
2025-02-15,sup6,cat10,Булочка с маком (1шт.),1.49
2025-02-15,sup5,cat8,Крупа перловая (1кг.),1.44
2025-02-15,sup5,cat9,Печенье овсяное (400г.),4.33
2025-02-15,sup3,cat3,Молоко (1л.),2.60
2025-02-16,sup9,cat1,Банан,14.42
2025-02-16,sup11,cat2,Огурец,7.43
2025-02-16,sup3,cat3,Молоко (1.5л.),3.86
2025-02-16,sup5,cat12,Сок апельсиновый (1л.),14.40
2025-02-16,sup12,cat12,Coca-Cola (1л.),3.07
2025-02-16,sup2,cat4,Яйцо перепелиное (10шт.),2.95
2025-02-16,sup5,cat8,Крупа манная (1кг.),2.02
2025-02-16,sup10,cat12,Сок яблочный (1л.),5.17
2025-02-16,sup5,cat8,Масло подсолнечное (0.8л.),2.02
2025-02-16,sup9,cat1,Банан,14.54
2025-02-16,sup2,cat5,Окорочка куриные,13.08
2025-02-16,sup10,cat2,Картофель,3.48
2025-02-16,sup5,cat9,Печенье овсяное (400г.),8.66
2025-02-16,sup5,cat12,Лимонад (2л.),5.35
2025-02-16,sup5,cat9,Карамель,2.98
2025-02-16,sup6,cat10,Батон нарезной (240г.),1.22
2025-02-16,sup8,cat1,Груша,9.55
2025-02-16,sup5,cat9,Конфеты шоколадные,23.01
2025-02-16,sup7,cat10,Батон нарезной (240г.),1.22
2025-02-16,sup3,cat3,Кефир (1л.),2.27
2025-02-16,sup2,cat4,Яйцо перепелиное (10шт.),2.95
2025-02-16,sup5,cat8,Сахар (1кг.),1.46
2025-02-16,sup5,cat12,Лимонад (2л.),5.35
2025-02-16,sup8,cat2,Огурец,5.28
2025-02-16,sup2,cat4,Яйцо куриное Д1 (10шт.),4.98
2025-02-16,sup9,cat1,Мандарин,14.44
2025-02-16,sup5,cat12,Лимонад (2л.),5.35
2025-02-16,sup7,cat10,Хлеб светлый (400г.),1.20
2025-02-16,sup5,cat12,Лимонад (2л.),5.35
2025-02-16,sup1,cat11,Колбаса вареная (400г.),4.98
2025-02-16,sup3,cat3,Сметана (180г.),3.88
2025-02-16,sup3,cat3,Кефир (1л.),2.27
2025-02-16,sup1,cat5,Свинина,12.46
2025-02-16,sup5,cat12,Чай холодный (0.5л.),3.59
2025-02-16,sup11,cat2,Огурец,5.55
2025-02-16,sup7,cat10,Батон нарезной (240г.),1.22
2025-02-16,sup8,cat1,Груша,11.60
2025-02-16,sup8,cat2,Огурец,3.59
2025-02-16,sup2,cat5,Филе куриное,13.55
2025-02-16,sup5,cat12,Чай холодный (0.5л.),3.59
2025-02-16,sup7,cat10,Батон нарезной (240г.),1.22
2025-02-16,sup1,cat5,Свинина,47.97
2025-02-16,sup5,cat8,Крупа гречневая (700г.),2.07
2025-02-16,sup9,cat2,Томат,7.30
2025-02-16,sup2,cat5,Окорочка куриные,3.04
2025-02-16,sup1,cat5,Говядина,20.76
2025-02-16,sup8,cat2,Томат,11.50
2025-02-16,sup5,cat8,Соль (1кг.),0.73
2025-02-16,sup2,cat11,Ветчина,10.66
2025-02-16,sup2,cat6,Голубцы,12.13
2025-02-16,sup9,cat1,Мандарин,19.10
2025-02-16,sup3,cat3,Молоко (1л.),2.60
2025-02-16,sup1,cat11,Салями,21.70
2025-02-16,sup5,cat12,Вода негаз. (0.5л.),0.99
2025-02-16,sup9,cat1,Банан,2.18
2025-02-16,sup2,cat4,Яйцо куриное С1 (10шт.),3.81
2025-02-16,sup9,cat1,Банан,14.63
2025-02-17,sup5,cat9,Шоколад молочный (90г.),5.99
2025-02-17,sup12,cat12,Coca-Cola (1л.),6.14
2025-02-17,sup5,cat12,Сок яблочный (1л.),5.17
2025-02-17,sup3,cat3,Сметана (180г.),1.94
2025-02-17,sup7,cat10,Хлеб ржаной (450г.),1.50
2025-02-17,sup1,cat5,Свинина,30.79
2025-02-17,sup10,cat2,Лук репчатый,0.68
2025-02-17,sup2,cat5,Окорочка куриные,10.40
2025-02-17,sup7,cat10,Батон нарезной (240г.),1.22
2025-02-17,sup8,cat2,Картофель,3.84
2025-02-17,sup1,cat5,Говядина,17.12
2025-02-17,sup1,cat6,Колбаски,37.75
2025-02-17,sup2,cat4,Яйцо куриное С1 (10шт.),7.62
2025-02-17,sup11,cat2,Томат,6.41
2025-02-17,sup9,cat1,Мандарин,12.09
2025-02-17,sup3,cat3,Молоко (1л.),2.60
2025-02-17,sup1,cat5,Говядина,29.16
2025-02-17,sup9,cat2,Томат,9.91
2025-02-17,sup5,cat8,Масло подсолнечное (0.8л.),6.06
2025-02-17,sup4,cat7,Паста рыбная (150г.),2.95
2025-02-17,sup3,cat3,Сметана (180г.),1.94
2025-02-17,sup5,cat9,Зефир (230г.),8.79
2025-02-17,sup7,cat10,Батон нарезной (240г.),1.22
2025-02-17,sup5,cat8,Спагетти (400г.),1.76
2025-02-17,sup8,cat2,Морковь,0.80
2025-02-17,sup11,cat2,Томат,10.69
2025-02-17,sup1,cat11,Сервелат (400г.),8.51
2025-02-17,sup3,cat3,Кефир (1л.),2.27
2025-02-17,sup5,cat9,Зефир (230г.),8.79
2025-02-17,sup2,cat11,Колбаса вареная (400г.),4.98
2025-02-17,sup5,cat12,Лимонад (2л.),5.35
2025-02-17,sup9,cat2,Огурец,5.73
2025-02-17,sup1,cat11,Сосиски молочные,4.20
2025-02-17,sup6,cat10,Хлеб ржаной (450г.),1.50
2025-02-17,sup3,cat3,Сметана (380г.),3.71
2025-02-17,sup3,cat3,Творог (200г.),2.44
2025-02-17,sup6,cat10,Багет (200г.),2.49
2025-02-17,sup2,cat4,Яйцо перепелиное (10шт.),2.95
2025-02-17,sup6,cat10,Лаваш (300г.),2.89
2025-02-17,sup3,cat3,Молоко (1л.),2.60
2025-02-17,sup3,cat3,Масло сливочное (180г.),4.59
2025-02-17,sup2,cat6,Желудки куриные (550г.),4.98
2025-02-17,sup7,cat10,Батон нарезной (240г.),1.22
2025-02-17,sup1,cat5,Говядина,16.25
2025-02-17,sup9,cat2,Томат,9.17
2025-02-17,sup5,cat12,Квас светлый (1л.),2.65
2025-02-17,sup3,cat3,Кефир (1л.),2.27
2025-02-17,sup4,cat7,Скумбрия,19.05
2025-02-17,sup3,cat3,Молоко (1л.),2.60
2025-02-17,sup3,cat3,Сыр голландский (200г.),5.02
2025-02-17,sup11,cat2,Томат,23.38
2025-02-17,sup3,cat3,Молоко (1.5л.),3.86
2025-02-18,sup2,cat4,Яйцо куриное С1 (15шт.),6.44
2025-02-18,sup4,cat7,Креветки,44.06
2025-02-18,sup8,cat1,Груша,5.63
2025-02-18,sup3,cat3,Кефир (1л.),2.27
2025-02-18,sup5,cat8,Кофе раств. (95г.),14.99
2025-02-18,sup1,cat11,Сосиски молочные,8.00
2025-02-18,sup4,cat7,Форель (200г.),36.50
2025-02-18,sup2,cat4,Яйцо куриное С1 (10шт.),7.62
2025-02-18,sup8,cat2,Огурец,1.64
2025-02-18,sup12,cat12,Вода негаз. (0.5л.),1.98
2025-02-18,sup6,cat10,Батон нарезной (240г.),1.22
2025-02-18,sup2,cat5,Окорочка куриные,6.30
2025-02-18,sup6,cat10,Хлеб светлый (400г.),1.20
2025-02-18,sup2,cat11,Ветчина,8.27
2025-02-18,sup12,cat12,Вода негаз. (0.5л.),1.98
2025-02-18,sup1,cat11,Колбаса вареная (400г.),4.98
2025-02-18,sup3,cat3,Сметана (380г.),3.71
2025-02-18,sup8,cat2,Лук репчатый,1.09
2025-02-18,sup9,cat1,Мандарин,15.83
2025-02-18,sup2,cat6,Колбаски,13.97
2025-02-18,sup8,cat2,Лук репчатый,0.36
2025-02-18,sup12,cat12,Coca-Cola (1л.),6.14
2025-02-18,sup3,cat3,Молоко (1л.),2.60
2025-02-18,sup8,cat2,Картофель,0.76
2025-02-18,sup5,cat12,Вода негаз. (0.5л.),1.98
2025-02-18,sup3,cat3,Молоко (1л.),2.60
2025-02-18,sup2,cat11,Сосиски молочные,4.47
2025-02-18,sup5,cat12,Сок апельсиновый (1л.),7.20
2025-02-18,sup2,cat5,Окорочка куриные,10.22
2025-02-18,sup6,cat10,Плетенка (450г.),4.04
2025-02-18,sup6,cat10,Хлеб ржаной (450г.),1.50
2025-02-18,sup7,cat10,Батон нарезной (240г.),1.22
2025-02-18,sup10,cat2,Картофель,4.18
2025-02-18,sup2,cat5,Окорочка куриные,3.92
2025-02-18,sup10,cat2,Лук репчатый,0.71
2025-02-18,sup6,cat10,Булочка с маком (1шт.),1.49
2025-02-18,sup3,cat3,Масло сливочное (180г.),4.59
2025-02-18,sup3,cat3,Сыр сливочный (200г.),5.41
2025-02-18,sup3,cat3,Молоко (1л.),2.60
2025-02-18,sup3,cat3,Сыр российский,2.27
2025-02-18,sup10,cat2,Лук репчатый,1.29
2025-02-18,sup6,cat10,Булочка с маком (1шт.),1.49
2025-02-18,sup2,cat11,Сосиски молочные,11.67
2025-02-18,sup1,cat5,Говядина,10.13
2025-02-18,sup6,cat10,Батон нарезной (240г.),1.22
2025-02-18,sup5,cat9,Шоколад молочный (90г.),5.99
2025-02-18,sup1,cat5,Свинина,13.56
2025-02-18,sup1,cat5,Говядина,40.65
2025-02-19,sup2,cat4,Яйцо перепелиное (10шт.),2.95
2025-02-19,sup6,cat10,Булочка с маком (1шт.),2.98
2025-02-19,sup12,cat12,Coca-Cola (1л.),3.07
2025-02-19,sup2,cat4,Яйцо куриное С1 (10шт.),3.81
2025-02-19,sup1,cat5,Свинина,32.59
2025-02-19,sup3,cat3,Творог (200г.),7.32
2025-02-19,sup10,cat12,Сок яблочный (1л.),5.17
2025-02-19,sup2,cat4,Яйцо куриное С1 (15шт.),6.44
2025-02-19,sup8,cat2,Морковь,1.94
2025-02-19,sup2,cat11,Сосиски молочные,9.08
2025-02-19,sup2,cat4,Яйцо куриное Д1 (10шт.),4.98
2025-02-19,sup10,cat1,Груша,12.08
2025-02-19,sup5,cat9,Печенье овсяное (400г.),4.33
2025-02-19,sup5,cat8,Масло подсолнечное (0.8л.),8.08
2025-02-19,sup10,cat2,Лук репчатый,1.61
2025-02-19,sup1,cat6,Фарш,30.63
2025-02-19,sup2,cat4,Яйцо куриное С1 (10шт.),3.81
2025-02-19,sup3,cat3,Творог (200г.),2.44
2025-02-19,sup6,cat10,Батон нарезной (240г.),1.22
2025-02-19,sup7,cat10,Батон нарезной (240г.),1.22
2025-02-19,sup1,cat11,Сосиски молочные,4.09
2025-02-19,sup3,cat3,Масло сливочное (180г.),4.59
2025-02-19,sup7,cat10,Багет (200г.),2.49
2025-02-19,sup6,cat10,Хлеб светлый (400г.),1.20
2025-02-19,sup3,cat3,Сметана (180г.),3.88
2025-02-19,sup6,cat10,Хлеб ржаной (450г.),1.50
2025-02-19,sup8,cat2,Огурец,6.29
2025-02-19,sup3,cat3,Молоко (1л.),2.60
2025-02-19,sup5,cat9,Зефир (230г.),8.79
2025-02-19,sup5,cat8,Мука (1кг.),1.64
2025-02-19,sup6,cat10,Батон нарезной (240г.),2.44
2025-02-19,sup5,cat9,Печенье овсяное (400г.),4.33
2025-02-19,sup3,cat3,Творог (200г.),2.44
2025-02-19,sup5,cat8,Масло подсолнечное (0.8л.),6.06
2025-02-19,sup2,cat4,Яйцо куриное Д1 (10шт.),4.98
2025-02-19,sup6,cat10,Плетенка (450г.),4.04
2025-02-19,sup5,cat12,Чай холодный (0.5л.),3.59
2025-02-19,sup2,cat4,Яйцо куриное Д1 (10шт.),4.98
2025-02-19,sup2,cat5,Филе куриное,8.35
2025-02-19,sup5,cat8,Крупа гречневая (700г.),2.07
2025-02-19,sup3,cat3,Молоко (1л.),2.60
2025-02-19,sup10,cat2,Картофель,0.34
2025-02-19,sup7,cat10,Батон нарезной (240г.),2.44
2025-02-19,sup5,cat12,Квас светлый (1л.),2.65
2025-02-19,sup2,cat4,Яйцо куриное С1 (15шт.),6.44
2025-02-19,sup10,cat1,Груша,15.56
2025-02-19,sup7,cat10,Батон нарезной (240г.),1.22
2025-02-19,sup1,cat5,Говядина,40.09
2025-02-19,sup5,cat8,Макароны (900г.),1.49
2025-02-19,sup2,cat6,Печень куриная (550г.),11.00
2025-02-20,sup3,cat3,Кефир (1л.),2.27
2025-02-20,sup5,cat9,Конфеты шоколадные,29.41
2025-02-20,sup6,cat10,Булочка с маком (1шт.),1.49
2025-02-20,sup5,cat9,Конфеты шоколадные,4.46
2025-02-20,sup5,cat8,Чай пак. (25шт.),3.80
2025-02-20,sup5,cat8,Чай пак. (25шт.),3.80
2025-02-20,sup5,cat8,Мука (1кг.),1.64
2025-02-20,sup2,cat11,Колбаса вареная (400г.),4.98
2025-02-20,sup5,cat9,Конфеты шоколадные,32.60
2025-02-20,sup1,cat11,Бекон (220г),9.99
2025-02-20,sup3,cat3,Молоко (1л.),2.60
2025-02-20,sup3,cat3,Сыр российский,6.79
2025-02-20,sup3,cat3,Кефир (1л.),2.27
2025-02-20,sup5,cat8,Мука (1кг.),1.64
2025-02-20,sup3,cat3,Молоко (1л.),2.60
2025-02-20,sup5,cat8,Макароны (900г.),1.49
2025-02-20,sup3,cat3,Творог (200г.),2.44
2025-02-20,sup3,cat3,Сметана (180г.),1.94
2025-02-20,sup6,cat10,Булочка с маком (1шт.),4.47
2025-02-20,sup1,cat11,Ветчина,6.51
2025-02-20,sup3,cat3,Молоко (1л.),5.20
2025-02-20,sup7,cat10,Батон нарезной (240г.),1.22
2025-02-20,sup3,cat3,Сметана (180г.),3.88
2025-02-20,sup9,cat1,Мандарин,1.27
2025-02-20,sup7,cat10,Батон нарезной (240г.),2.44
2025-02-20,sup8,cat2,Огурец,2.00
2025-02-20,sup11,cat2,Огурец,2.92
2025-02-20,sup3,cat3,Молоко (1л.),2.60
2025-02-20,sup2,cat11,Колбаса вареная (400г.),4.98
2025-02-20,sup7,cat10,Батон нарезной (240г.),1.22
2025-02-20,sup2,cat4,Яйцо перепелиное (20шт.),4.65
2025-02-20,sup1,cat5,Говядина,36.47
2025-02-20,sup2,cat4,Яйцо куриное С1 (15шт.),6.44
2025-02-20,sup5,cat9,Конфеты шоколадные,24.53
2025-02-20,sup4,cat7,Форель (200г.),36.50
2025-02-20,sup8,cat2,Томат,7.37
2025-02-20,sup3,cat3,Молоко (1л.),2.60
2025-02-20,sup5,cat9,Карамель,1.51
2025-02-20,sup3,cat3,Молоко (1.5л.),3.86
2025-02-20,sup12,cat12,Вода негаз. (0.5л.),0.99
2025-02-20,sup3,cat3,Творог (200г.),4.88
2025-02-20,sup3,cat3,Молоко (1л.),2.60
2025-02-20,sup2,cat6,Печень куриная (550г.),5.50
2025-02-20,sup6,cat10,Плетенка (450г.),4.04
2025-02-20,sup4,cat7,Хек,15.93
2025-02-20,sup1,cat11,Сосиски молочные,4.94
2025-02-20,sup2,cat6,Желудки куриные (550г.),4.98
2025-02-20,sup10,cat1,Груша,4.07
2025-02-20,sup5,cat9,Печенье овсяное (400г.),4.33
2025-02-20,sup5,cat12,Квас светлый (1л.),2.65
2025-02-20,sup5,cat8,Крупа манная (1кг.),2.02
2025-02-20,sup3,cat3,Творог (200г.),2.44
2025-02-21,sup2,cat5,Филе куриное,15.75
2025-02-21,sup10,cat2,Морковь,2.31
2025-02-21,sup5,cat9,Конфеты шоколадные,20.85
2025-02-21,sup9,cat2,Огурец,6.01
2025-02-21,sup8,cat2,Огурец,1.16
2025-02-21,sup7,cat10,Батон нарезной (240г.),1.22
2025-02-21,sup3,cat3,Кефир (1л.),2.27
2025-02-21,sup8,cat2,Лук репчатый,0.18
2025-02-21,sup5,cat9,Зефир (230г.),8.79
2025-02-21,sup9,cat2,Огурец,6.90
2025-02-21,sup6,cat10,Булочка с маком (1шт.),2.98
2025-02-21,sup5,cat8,Кофе мол. (250г.),19.99
2025-02-21,sup2,cat6,Желудки куриные (550г.),4.98
2025-02-21,sup5,cat9,Конфеты шоколадные,6.09
2025-02-21,sup6,cat10,Батон нарезной (240г.),1.22
2025-02-21,sup5,cat9,Конфеты шоколадные,14.00
2025-02-21,sup3,cat3,Молоко (1л.),2.60
2025-02-21,sup6,cat10,Лаваш (300г.),2.89
2025-02-21,sup3,cat3,Творог (200г.),2.44
2025-02-21,sup3,cat3,Творог (200г.),4.88
2025-02-21,sup11,cat2,Томат,12.81
2025-02-21,sup11,cat2,Огурец,8.01
2025-02-21,sup3,cat3,Сметана (380г.),3.71
2025-02-21,sup1,cat6,Фарш,19.72
2025-02-21,sup4,cat7,Минтай,1.35
2025-02-21,sup8,cat2,Капуста,3.45
2025-02-21,sup3,cat3,Сыр сливочный (200г.),5.41
2025-02-21,sup5,cat8,Чай пак. (25шт.),7.60
2025-02-21,sup2,cat4,Яйцо куриное С1 (10шт.),3.81
2025-02-21,sup6,cat10,Батон нарезной (240г.),1.22
2025-02-21,sup10,cat2,Морковь,0.90
2025-02-21,sup2,cat4,Яйцо куриное С1 (15шт.),6.44
2025-02-21,sup8,cat2,Свекла,1.53
2025-02-21,sup11,cat2,Томат,12.95
2025-02-21,sup5,cat8,Соль (1кг.),0.73
2025-02-21,sup5,cat8,Кофе мол. (250г.),19.99
2025-02-21,sup2,cat11,Сосиски молочные,7.87
2025-02-21,sup3,cat3,Молоко (1л.),5.20
2025-02-21,sup7,cat10,Батон нарезной (240г.),1.22
2025-02-21,sup5,cat8,Мука (1кг.),1.64
2025-02-21,sup5,cat8,Кофе мол. (250г.),19.99
2025-02-21,sup5,cat12,Сок апельсиновый (1л.),14.40
2025-02-21,sup2,cat5,Филе куриное,16.00
2025-02-21,sup8,cat2,Капуста,4.47
2025-02-21,sup3,cat3,Молоко (1л.),2.60
2025-02-21,sup8,cat2,Лук репчатый,0.60
2025-02-21,sup5,cat8,Мука (1кг.),1.64
2025-02-21,sup5,cat8,Спагетти (400г.),1.76
2025-02-21,sup1,cat11,Сервелат (400г.),8.51
2025-02-21,sup2,cat5,Окорочка куриные,7.61
2025-02-21,sup2,cat11,Сосиски молочные,8.59
2025-02-21,sup5,cat9,Печенье овсяное (400г.),4.33
2025-02-21,sup6,cat10,Хлеб светлый (400г.),1.20
2025-02-21,sup2,cat4,Яйцо куриное С1 (10шт.),3.81
2025-02-21,sup5,cat12,Вода негаз. (0.5л.),0.99
2025-02-21,sup1,cat11,Салями,20.55
2025-02-21,sup5,cat12,Вода мин. газ. (1л.),1.59
2025-02-21,sup3,cat3,Масло сливочное (180г.),9.18
2025-02-21,sup3,cat3,Сыр сливочный (200г.),5.41
2025-02-21,sup3,cat3,Сыр российский,5.02
2025-02-21,sup4,cat7,Сельдь (250г.),11.98
2025-02-21,sup11,cat2,Огурец,8.01
2025-02-21,sup2,cat4,Яйцо куриное С1 (10шт.),3.81
2025-02-21,sup5,cat9,Печенье овсяное (400г.),8.66
2025-02-21,sup3,cat3,Молоко (1л.),2.60
2025-02-21,sup1,cat5,Говядина,24.16
2025-02-21,sup6,cat10,Сушки (500г.),7.98
2025-02-21,sup5,cat12,Чай холодный (0.5л.),3.59
2025-02-22,sup5,cat9,Конфеты шоколадные,13.72
2025-02-22,sup5,cat8,Сахар (1кг.),1.46
2025-02-22,sup10,cat2,Свекла,1.54
2025-02-22,sup5,cat9,Карамель,1.75
2025-02-22,sup2,cat4,Яйцо куриное С1 (15шт.),6.44
2025-02-22,sup4,cat7,Форель (200г.),18.25
2025-02-22,sup7,cat10,Багет (200г.),2.49
2025-02-22,sup5,cat8,Крупа манная (1кг.),2.02
2025-02-22,sup9,cat2,Огурец,5.90
2025-02-22,sup5,cat8,Кофе мол. (250г.),19.99
2025-02-22,sup10,cat2,Морковь,2.31
2025-02-22,sup5,cat8,Рис (900г.),3.49
2025-02-22,sup5,cat8,Кофе мол. (250г.),19.99
2025-02-22,sup1,cat5,Говядина,25.10
2025-02-22,sup1,cat11,Колбаса вареная (400г.),4.98
2025-02-22,sup1,cat11,Колбаски охотничьи (500г.),9.20
2025-02-22,sup5,cat12,Вода негаз. (0.5л.),0.99
2025-02-22,sup4,cat7,Форель (200г.),18.25
2025-02-22,sup3,cat3,Молоко (1л.),2.60
2025-02-22,sup2,cat5,Окорочка куриные,6.14
2025-02-22,sup10,cat12,Сок яблочный (1л.),5.17
2025-02-22,sup5,cat8,Крупа гречневая (700г.),2.07
2025-02-22,sup5,cat8,Крупа гречневая (700г.),2.07
2025-02-22,sup1,cat11,Колбаса вареная (400г.),4.98
2025-02-22,sup5,cat8,Макароны (900г.),1.49
2025-02-22,sup2,cat4,Яйцо куриное С1 (15шт.),6.44
2025-02-22,sup3,cat3,Сыр сливочный (200г.),5.41
2025-02-22,sup2,cat11,Колбаса вареная (400г.),4.98
2025-02-22,sup12,cat12,Coca-Cola (1л.),3.07
2025-02-22,sup6,cat10,Батон нарезной (240г.),1.22
2025-02-22,sup5,cat8,Крупа гречневая (700г.),4.14
2025-02-22,sup3,cat3,Масло сливочное (180г.),4.59
2025-02-22,sup10,cat2,Лук репчатый,0.49
2025-02-22,sup5,cat8,Мука (1кг.),1.64
2025-02-22,sup4,cat7,Сельдь (250г.),11.98
2025-02-22,sup6,cat10,Булочка с маком (1шт.),1.49
2025-02-22,sup3,cat3,Молоко (1л.),2.60
2025-02-22,sup6,cat10,Хлеб светлый (400г.),1.20
2025-02-22,sup2,cat11,Колбаса вареная (400г.),4.98
2025-02-22,sup1,cat6,Фарш,16.62
2025-02-22,sup9,cat1,Банан,8.33
2025-02-22,sup4,cat7,Хек,2.82
2025-02-22,sup12,cat12,Coca-Cola (1л.),3.07
2025-02-22,sup12,cat12,Вода негаз. (0.5л.),0.99
2025-02-22,sup1,cat11,Колбаски охотничьи (500г.),27.60
2025-02-22,sup7,cat10,Батон нарезной (240г.),1.22
2025-02-22,sup5,cat12,Сок апельсиновый (1л.),7.20
2025-02-22,sup6,cat10,Плетенка (450г.),4.04
2025-02-22,sup5,cat8,Пшено (900г.),2.35
2025-02-22,sup5,cat12,Вода мин. газ. (1л.),1.59
2025-02-22,sup6,cat10,Лаваш (300г.),2.89
2025-02-22,sup1,cat6,Голубцы,23.83
2025-02-22,sup2,cat11,Колбаса вареная (400г.),4.98
2025-02-22,sup9,cat1,Банан,10.17
2025-02-22,sup5,cat8,Мука (2кг.),5.20
2025-02-22,sup8,cat1,Груша,3.83
2025-02-22,sup5,cat8,Масло подсолнечное (0.8л.),2.02
2025-02-22,sup7,cat10,Батон нарезной (240г.),1.22
2025-02-22,sup1,cat6,Фарш,24.20
2025-02-22,sup3,cat3,Сметана (380г.),3.71
2025-02-22,sup2,cat4,Яйцо куриное Д1 (10шт.),4.98
2025-02-22,sup2,cat4,Яйцо куриное Д1 (10шт.),4.98
2025-02-22,sup1,cat6,Фарш,40.72
2025-02-22,sup8,cat2,Лук репчатый,0.72
2025-02-22,sup3,cat3,Молоко (1л.),2.60
2025-02-22,sup1,cat6,Фарш,34.05
2025-02-22,sup2,cat4,Яйцо куриное С1 (10шт.),3.81
2025-02-22,sup5,cat9,Конфеты шоколадные,24.50
2025-02-22,sup2,cat6,Котлеты,16.21
2025-02-22,sup12,cat12,Coca-Cola (1л.),3.07
2025-02-22,sup1,cat6,Фарш,35.75
2025-02-22,sup6,cat10,Хлеб светлый (400г.),1.20
2025-02-22,sup8,cat2,Картофель,2.22
2025-02-22,sup3,cat3,Молоко (1л.),2.60
2025-02-22,sup7,cat10,Багет (200г.),2.49
2025-02-22,sup2,cat4,Яйцо куриное Д1 (10шт.),4.98
2025-02-22,sup5,cat8,Крупа перловая (1кг.),1.44
2025-02-22,sup3,cat3,Молоко (1л.),2.60
2025-02-22,sup11,cat2,Огурец,7.78
2025-02-22,sup6,cat10,Хлеб ржаной (450г.),1.50
2025-02-22,sup3,cat3,Молоко (1л.),2.60
2025-02-22,sup5,cat9,Конфеты шоколадные,9.18
2025-02-22,sup7,cat10,Батон нарезной (240г.),1.22
2025-02-22,sup4,cat7,Скумбрия,6.50
2025-02-22,sup1,cat5,Свинина,37.32
2025-02-22,sup2,cat4,Яйцо куриное Д1 (10шт.),4.98
2025-02-22,sup2,cat5,Окорочка куриные,2.74
2025-02-22,sup5,cat12,Квас светлый (1л.),2.65
2025-02-22,sup3,cat3,Творог (200г.),2.44
2025-02-22,sup3,cat3,Молоко (1л.),2.60
2025-02-22,sup9,cat2,Томат,4.67
2025-02-22,sup4,cat7,Креветки,35.49
2025-02-22,sup3,cat3,Кефир (1л.),4.54
2025-02-22,sup5,cat8,Макароны (900г.),1.49
2025-02-22,sup6,cat10,Багет (200г.),2.49
2025-02-22,sup1,cat11,Сосиски молочные,10.26
2025-02-22,sup3,cat3,Сметана (180г.),1.94
2025-02-22,sup1,cat11,Сосиски молочные,10.19
2025-02-22,sup3,cat3,Сыр российский,5.49
2025-02-22,sup5,cat8,Мука (1кг.),1.64
2025-02-22,sup1,cat11,Ветчина,13.11
2025-02-22,sup3,cat3,Кефир (1л.),2.27
2025-02-22,sup2,cat5,Окорочка куриные,3.66
2025-02-22,sup12,cat12,Coca-Cola (1л.),3.07
2025-02-22,sup5,cat9,Печенье овсяное (400г.),4.33
2025-02-22,sup6,cat10,Батон нарезной (240г.),1.22
2025-02-22,sup1,cat5,Говядина,22.67
2025-02-22,sup3,cat3,Творог (200г.),4.88
2025-02-22,sup2,cat11,Колбаса вареная (400г.),4.98
2025-02-22,sup5,cat8,Макароны (900г.),1.49
2025-02-22,sup2,cat11,Сосиски молочные,10.59
2025-02-22,sup5,cat12,Лимонад (2л.),5.35
2025-02-22,sup3,cat3,Кефир (1л.),2.27
2025-02-22,sup10,cat2,Свекла,1.00
2025-02-22,sup5,cat12,Квас светлый (1л.),2.65
2025-02-22,sup3,cat3,Сыр сливочный (200г.),10.82
2025-02-22,sup5,cat9,Печенье овсяное (400г.),4.33
2025-02-22,sup6,cat10,Багет (200г.),2.49
2025-02-22,sup5,cat8,Соль (1кг.),0.73
2025-02-23,sup5,cat8,Кофе раств. (95г.),29.98
2025-02-23,sup5,cat8,Мука (1кг.),1.64
2025-02-23,sup5,cat8,Рис (900г.),3.49
2025-02-23,sup8,cat2,Картофель,3.73
2025-02-23,sup3,cat3,Кефир (1л.),4.54
2025-02-23,sup8,cat2,Лук репчатый,1.04
2025-02-23,sup8,cat2,Огурец,2.36
2025-02-23,sup1,cat6,Колбаски,21.22
2025-02-23,sup1,cat6,Колбаски,23.85
2025-02-23,sup2,cat5,Окорочка куриные,12.61
2025-02-23,sup12,cat12,Вода негаз. (0.5л.),0.99
2025-02-23,sup10,cat2,Лук репчатый,0.19
2025-02-23,sup7,cat10,Батон нарезной (240г.),1.22
2025-02-23,sup1,cat11,Ветчина,4.04
2025-02-23,sup10,cat2,Лук репчатый,0.71
2025-02-23,sup3,cat3,Молоко (1л.),5.20
2025-02-23,sup2,cat4,Яйцо куриное С1 (10шт.),7.62
2025-02-23,sup6,cat10,Батон нарезной (240г.),1.22
2025-02-23,sup2,cat5,Филе куриное,12.60
2025-02-23,sup3,cat3,Сметана (180г.),1.94
2025-02-23,sup9,cat2,Томат,20.91
2025-02-23,sup1,cat11,Ветчина,9.98
2025-02-23,sup4,cat7,Сельдь (250г.),5.99
2025-02-23,sup2,cat5,Окорочка куриные,11.68
2025-02-23,sup3,cat3,Молоко (1л.),2.60
2025-02-23,sup9,cat2,Огурец,5.17
2025-02-23,sup5,cat9,Конфеты шоколадные,4.85
2025-02-23,sup4,cat7,Форель (200г.),18.25
2025-02-23,sup8,cat2,Огурец,1.83
2025-02-23,sup5,cat8,Масло подсолнечное (0.8л.),2.02
2025-02-23,sup5,cat8,Крупа гречневая (700г.),4.14
2025-02-23,sup5,cat9,Карамель,2.69
2025-02-23,sup6,cat10,Сушки (500г.),3.99
2025-02-23,sup1,cat6,Фарш,11.91
2025-02-23,sup2,cat6,Голубцы,27.90
2025-02-23,sup1,cat5,Свинина,26.10
2025-02-23,sup3,cat3,Сметана (180г.),3.88
2025-02-23,sup3,cat3,Сметана (380г.),3.71
2025-02-23,sup5,cat8,Крупа перловая (1кг.),1.44
2025-02-23,sup5,cat8,Сахар (1кг.),0.73
2025-02-23,sup9,cat1,Груша,2.92
2025-02-23,sup1,cat5,Свинина,21.90
2025-02-23,sup10,cat2,Лук репчатый,0.89
2025-02-23,sup1,cat5,Говядина,37.82
2025-02-23,sup3,cat3,Молоко (1л.),2.60
2025-02-23,sup2,cat6,Голубцы,13.30
2025-02-23,sup5,cat12,Сок апельсиновый (1л.),7.20
2025-02-23,sup5,cat9,Конфеты шоколадные,32.53
2025-02-23,sup5,cat12,Вода негаз. (0.5л.),0.99
2025-02-23,sup5,cat12,Вода негаз. (0.5л.),0.99
2025-02-23,sup8,cat2,Лук репчатый,1.47
2025-02-23,sup5,cat9,Карамель,2.46
2025-02-23,sup5,cat12,Лимонад (2л.),5.35
2025-02-23,sup3,cat3,Кефир (1л.),2.27
2025-02-23,sup9,cat2,Огурец,7.08
2025-02-23,sup8,cat2,Томат,6.93
2025-02-23,sup10,cat1,Груша,14.28
2025-02-24,sup5,cat12,Лимонад (2л.),5.35
2025-02-24,sup3,cat3,Молоко (1.5л.),3.86
2025-02-24,sup3,cat3,Сыр голландский (200г.),5.02
2025-02-24,sup1,cat11,Колбаски охотничьи (500г.),9.20
2025-02-24,sup4,cat7,Креветки,27.40
2025-02-24,sup1,cat11,Сервелат (400г.),8.51
2025-02-24,sup10,cat2,Картофель,5.40
2025-02-24,sup1,cat5,Свинина,46.77
2025-02-24,sup5,cat9,Конфеты шоколадные,15.20
2025-02-24,sup10,cat2,Лук репчатый,1.92
2025-02-24,sup8,cat2,Огурец,4.83
2025-02-24,sup9,cat1,Мандарин,5.40
2025-02-24,sup2,cat4,Яйцо перепелиное (20шт.),4.65
2025-02-24,sup5,cat12,Вода негаз. (0.5л.),0.99
2025-02-24,sup1,cat6,Голубцы,30.78
2025-02-24,sup6,cat10,Батон нарезной (240г.),2.44
2025-02-24,sup9,cat2,Томат,4.47
2025-02-24,sup1,cat11,Сосиски молочные,9.34
2025-02-24,sup3,cat3,Молоко (1л.),2.60
2025-02-24,sup3,cat3,Молоко (1л.),2.60
2025-02-24,sup2,cat5,Филе куриное,6.89
2025-02-24,sup3,cat3,Творог (200г.),2.44
2025-02-24,sup1,cat11,Сосиски молочные,5.80
2025-02-24,sup3,cat3,Молоко (1л.),2.60
2025-02-24,sup5,cat9,Конфеты шоколадные,9.40
2025-02-24,sup2,cat11,Колбаса вареная (400г.),4.98
2025-02-24,sup2,cat11,Колбаса вареная (400г.),4.98
2025-02-24,sup5,cat12,Сок апельсиновый (1л.),7.20
2025-02-24,sup9,cat2,Огурец,6.86
2025-02-24,sup6,cat10,Батон нарезной (240г.),1.22
2025-02-24,sup1,cat5,Говядина,27.85
2025-02-24,sup1,cat6,Фарш,26.31
2025-02-24,sup5,cat8,Мука (1кг.),1.64
2025-02-24,sup4,cat7,Креветки,18.92
2025-02-24,sup6,cat10,Хлеб светлый (400г.),1.20
2025-02-24,sup10,cat2,Морковь,1.28
2025-02-24,sup8,cat2,Огурец,2.57
2025-02-24,sup7,cat10,Багет (200г.),2.49
2025-02-24,sup8,cat2,Огурец,7.57
2025-02-24,sup1,cat11,Сосиски молочные,4.24
2025-02-24,sup8,cat2,Огурец,7.85
2025-02-24,sup5,cat8,Масло подсолнечное (0.8л.),2.02
2025-02-24,sup10,cat2,Картофель,0.56
2025-02-24,sup5,cat9,Печенье овсяное (400г.),4.33
2025-02-24,sup8,cat2,Капуста,2.48
2025-02-24,sup8,cat2,Морковь,0.98
2025-02-24,sup2,cat11,Ветчина,15.36
2025-02-24,sup1,cat11,Сервелат (400г.),8.51
2025-02-24,sup3,cat3,Творог (200г.),2.44
2025-02-24,sup3,cat3,Молоко (1л.),5.20
2025-02-24,sup6,cat10,Булочка с маком (1шт.),2.98
2025-02-25,sup2,cat4,Яйцо куриное С1 (10шт.),7.62
2025-02-25,sup1,cat11,Сосиски молочные,8.69
2025-02-25,sup3,cat3,Сыр голландский (200г.),5.02
2025-02-25,sup6,cat10,Лаваш (300г.),2.89
2025-02-25,sup8,cat2,Томат,3.57
2025-02-25,sup3,cat3,Сметана (380г.),3.71
2025-02-25,sup5,cat8,Макароны (900г.),1.49
2025-02-25,sup5,cat9,Конфеты шоколадные,13.38
2025-02-25,sup6,cat10,Батон нарезной (240г.),1.22
2025-02-25,sup5,cat8,Крупа гречневая (700г.),2.07
2025-02-25,sup6,cat10,Батон нарезной (240г.),1.22
2025-02-25,sup5,cat8,Мука (1кг.),1.64
2025-02-25,sup11,cat2,Огурец,6.49
2025-02-25,sup5,cat12,Сок яблочный (1л.),10.34
2025-02-25,sup3,cat3,Молоко (1.5л.),3.86
2025-02-25,sup3,cat3,Кефир (1л.),2.27
2025-02-25,sup2,cat5,Окорочка куриные,9.74
2025-02-25,sup6,cat10,Батон нарезной (240г.),1.22
2025-02-25,sup10,cat12,Сок яблочный (1л.),5.17
2025-02-25,sup2,cat11,Сосиски молочные,11.77
2025-02-25,sup7,cat10,Багет (200г.),2.49
2025-02-25,sup9,cat1,Яблоко,11.16
2025-02-25,sup2,cat4,Яйцо куриное Д1 (10шт.),4.98
2025-02-25,sup11,cat2,Огурец,1.52
2025-02-25,sup1,cat5,Свинина,47.12
2025-02-25,sup6,cat10,Хлеб светлый (400г.),1.20
2025-02-25,sup5,cat9,Печенье овсяное (400г.),4.33
2025-02-25,sup2,cat4,Яйцо куриное С1 (10шт.),3.81
2025-02-25,sup1,cat11,Сосиски молочные,10.77
2025-02-25,sup10,cat2,Свекла,0.68
2025-02-25,sup4,cat7,Креветки,44.06
2025-02-25,sup5,cat9,Печенье овсяное (400г.),4.33
2025-02-25,sup3,cat3,Молоко (1л.),2.60
2025-02-25,sup10,cat2,Свекла,1.47
2025-02-25,sup10,cat2,Свекла,1.75
2025-02-25,sup8,cat2,Томат,16.51
2025-02-25,sup5,cat8,Сахар (1кг.),0.73
2025-02-25,sup6,cat10,Батон нарезной (240г.),2.44
2025-02-25,sup8,cat2,Свекла,1.36
2025-02-25,sup2,cat6,Желудки куриные (550г.),4.98
2025-02-25,sup5,cat8,Крупа гречневая (700г.),2.07
2025-02-25,sup12,cat12,Вода негаз. (0.5л.),0.99
2025-02-25,sup12,cat12,Вода негаз. (0.5л.),0.99
2025-02-25,sup12,cat12,Coca-Cola (1л.),6.14
2025-02-25,sup4,cat7,Форель (200г.),18.25
2025-02-25,sup5,cat8,Крупа гречневая (700г.),2.07
2025-02-25,sup5,cat8,Спагетти (400г.),1.76
2025-02-25,sup3,cat3,Молоко (1л.),2.60
2025-02-25,sup2,cat4,Яйцо куриное Д1 (10шт.),4.98
2025-02-25,sup10,cat2,Свекла,1.09
2025-02-25,sup2,cat11,Колбаса вареная (400г.),4.98
2025-02-25,sup2,cat6,Желудки куриные (550г.),4.98
2025-02-25,sup5,cat12,Сок апельсиновый (1л.),7.20
2025-02-26,sup6,cat10,Хлеб светлый (400г.),1.20
2025-02-26,sup5,cat9,Печенье овсяное (400г.),4.33
2025-02-26,sup8,cat2,Огурец,2.20
2025-02-26,sup6,cat10,Лаваш (300г.),2.89
2025-02-26,sup5,cat12,Сок апельсиновый (1л.),7.20
2025-02-26,sup3,cat3,Сыр российский,5.13
2025-02-26,sup2,cat4,Яйцо куриное Д1 (10шт.),4.98
2025-02-26,sup5,cat9,Вафли (143г.),2.76
2025-02-26,sup5,cat8,Масло подсолнечное (0.8л.),6.06
2025-02-26,sup1,cat5,Говядина,8.42
2025-02-26,sup4,cat7,Минтай,1.79
2025-02-26,sup6,cat10,Булочка с маком (1шт.),2.98
2025-02-26,sup3,cat3,Творог (200г.),4.88
2025-02-26,sup5,cat8,Мука (1кг.),1.64
2025-02-26,sup8,cat2,Картофель,1.45
2025-02-26,sup10,cat2,Картофель,0.88
2025-02-26,sup6,cat10,Плетенка (450г.),4.04
2025-02-26,sup7,cat10,Хлеб светлый (400г.),1.20
2025-02-26,sup8,cat2,Огурец,2.12
2025-02-26,sup6,cat10,Батон нарезной (240г.),1.22
2025-02-26,sup6,cat10,Лаваш (300г.),2.89
2025-02-26,sup2,cat4,Яйцо куриное С1 (15шт.),6.44
2025-02-26,sup5,cat8,Масло подсолнечное (0.8л.),4.04
2025-02-26,sup2,cat5,Филе куриное,14.55
2025-02-26,sup2,cat5,Окорочка куриные,8.80
2025-02-26,sup3,cat3,Сметана (380г.),3.71
2025-02-26,sup6,cat10,Батон нарезной (240г.),1.22
2025-02-26,sup5,cat8,Чай пак. (25шт.),3.80
2025-02-26,sup6,cat10,Батон нарезной (240г.),1.22
2025-02-26,sup5,cat8,Сахар (1кг.),3.65
2025-02-26,sup3,cat3,Молоко (1.5л.),3.86
2025-02-26,sup2,cat4,Яйцо куриное С1 (15шт.),6.44
2025-02-26,sup1,cat11,Сосиски молочные,6.22
2025-02-26,sup8,cat2,Томат,13.45
2025-02-26,sup7,cat10,Батон нарезной (240г.),1.22
2025-02-26,sup2,cat11,Колбаса вареная (400г.),4.98
2025-02-26,sup3,cat3,Молоко (1л.),2.60
2025-02-26,sup5,cat9,Карамель,1.82
2025-02-26,sup5,cat8,Мука (1кг.),1.64
2025-02-26,sup5,cat9,Зефир (230г.),8.79
2025-02-26,sup5,cat9,Конфеты шоколадные,5.77
2025-02-26,sup8,cat2,Огурец,8.22
2025-02-26,sup8,cat2,Томат,19.26
2025-02-26,sup3,cat3,Кефир (1л.),2.27
2025-02-26,sup1,cat11,Колбаски охотничьи (500г.),18.40
2025-02-26,sup7,cat10,Батон нарезной (240г.),1.22
2025-02-26,sup6,cat10,Батон нарезной (240г.),1.22
2025-02-26,sup2,cat4,Яйцо куриное С1 (15шт.),6.44
2025-02-26,sup11,cat2,Томат,4.65
2025-02-26,sup5,cat9,Конфеты шоколадные,32.77
2025-02-26,sup3,cat3,Кефир (1л.),2.27
2025-02-26,sup2,cat6,Фарш,20.87
2025-02-27,sup5,cat12,Вода негаз. (0.5л.),0.99
2025-02-27,sup1,cat5,Говядина,32.22
2025-02-27,sup5,cat8,Сахар (1кг.),1.46
2025-02-27,sup12,cat12,Coca-Cola (1л.),3.07
2025-02-27,sup1,cat6,Котлеты,20.49
2025-02-27,sup6,cat10,Плетенка (450г.),4.04
2025-02-27,sup2,cat4,Яйцо куриное С1 (15шт.),6.44
2025-02-27,sup3,cat3,Молоко (1л.),2.60
2025-02-27,sup8,cat2,Томат,16.41
2025-02-27,sup5,cat9,Шоколад молочный (90г.),5.99
2025-02-27,sup6,cat10,Сушки (500г.),7.98
2025-02-27,sup12,cat12,Coca-Cola (1л.),3.07
2025-02-27,sup1,cat11,Сервелат (400г.),17.02
2025-02-27,sup3,cat3,Масло сливочное (180г.),4.59
2025-02-27,sup3,cat3,Кефир (1л.),2.27
2025-02-27,sup7,cat10,Хлеб ржаной (450г.),1.50
2025-02-27,sup7,cat10,Сушки (500г.),3.99
2025-02-27,sup1,cat11,Сосиски молочные,8.50
2025-02-27,sup6,cat10,Хлеб светлый (400г.),1.20
2025-02-27,sup2,cat4,Яйцо куриное Д1 (10шт.),4.98
2025-02-27,sup6,cat10,Багет (200г.),2.49
2025-02-27,sup3,cat3,Творог (200г.),2.44
2025-02-27,sup5,cat12,Лимонад (2л.),5.35
2025-02-27,sup1,cat5,Свинина,35.22
2025-02-27,sup2,cat11,Сосиски молочные,10.64
2025-02-27,sup2,cat4,Яйцо куриное Д1 (10шт.),4.98
2025-02-27,sup5,cat8,Масло распсовое (0.8л.),4.99
2025-02-27,sup2,cat6,Котлеты,6.40
2025-02-27,sup2,cat6,Фарш,43.37
2025-02-27,sup6,cat10,Булочка с маком (1шт.),4.47
2025-02-27,sup6,cat10,Батон нарезной (240г.),1.22
2025-02-27,sup6,cat10,Булочка с маком (1шт.),1.49
2025-02-27,sup12,cat12,Вода негаз. (0.5л.),1.98
2025-02-27,sup1,cat6,Фарш,36.48
2025-02-27,sup1,cat11,Сосиски молочные,4.94
2025-02-27,sup6,cat10,Лаваш (300г.),2.89
2025-02-27,sup3,cat3,Масло сливочное (180г.),4.59
2025-02-27,sup12,cat12,Вода негаз. (0.5л.),0.99
2025-02-27,sup2,cat11,Ветчина,3.38
2025-02-27,sup5,cat8,Рис (900г.),3.49
2025-02-27,sup1,cat11,Колбаски охотничьи (500г.),18.40
2025-02-27,sup5,cat8,Рис (900г.),3.49
2025-02-27,sup2,cat4,Яйцо куриное Д1 (10шт.),4.98
2025-02-27,sup5,cat8,Кофе мол. (250г.),19.99
2025-02-27,sup3,cat3,Кефир (1л.),2.27
2025-02-27,sup5,cat12,Вода негаз. (0.5л.),1.98
2025-02-27,sup8,cat2,Картофель,2.45
2025-02-27,sup5,cat8,Сахар (1кг.),1.46
2025-02-27,sup12,cat12,Вода негаз. (0.5л.),1.98
2025-02-27,sup8,cat1,Груша,10.53
2025-02-27,sup5,cat12,Сок яблочный (1л.),10.34
2025-02-27,sup8,cat1,Яблоко,17.00
2025-02-28,sup4,cat7,Креветки,34.75
2025-02-28,sup4,cat7,Форель (200г.),36.50
2025-02-28,sup2,cat5,Окорочка куриные,8.88
2025-02-28,sup9,cat1,Яблоко,2.83
2025-02-28,sup10,cat2,Лук репчатый,1.71
2025-02-28,sup9,cat2,Томат,3.19
2025-02-28,sup10,cat2,Лук репчатый,1.38
2025-02-28,sup4,cat7,Хек,11.50
2025-02-28,sup8,cat2,Томат,4.92
2025-02-28,sup8,cat1,Груша,12.19
2025-02-28,sup2,cat5,Окорочка куриные,12.37
2025-02-28,sup3,cat3,Молоко (1л.),2.60
2025-02-28,sup3,cat3,Творог (200г.),2.44
2025-02-28,sup5,cat12,Чай холодный (0.5л.),3.59
2025-02-28,sup8,cat2,Томат,23.05
2025-02-28,sup1,cat5,Говядина,14.60
2025-02-28,sup2,cat6,Желудки куриные (550г.),4.98
2025-02-28,sup4,cat7,Кальмар,35.12
2025-02-28,sup9,cat1,Мандарин,16.79
2025-02-28,sup3,cat3,Кефир (1л.),2.27
2025-02-28,sup3,cat3,Кефир (1л.),2.27
2025-02-28,sup6,cat10,Батон нарезной (240г.),1.22
2025-02-28,sup5,cat9,Конфеты шоколадные,19.12
2025-02-28,sup12,cat12,Вода негаз. (0.5л.),0.99
2025-02-28,sup9,cat2,Огурец,7.12
2025-02-28,sup1,cat11,Сосиски молочные,7.84
2025-02-28,sup2,cat4,Яйцо куриное С1 (10шт.),7.62
2025-02-28,sup5,cat9,Печенье овсяное (400г.),4.33
2025-02-28,sup2,cat4,Яйцо куриное Д1 (10шт.),4.98
2025-02-28,sup1,cat11,Сервелат (400г.),8.51
2025-02-28,sup3,cat3,Кефир (1л.),2.27
2025-02-28,sup2,cat6,Фарш,21.55
2025-02-28,sup6,cat10,Батон нарезной (240г.),1.22
2025-02-28,sup6,cat10,Багет (200г.),2.49
2025-02-28,sup7,cat10,Хлеб светлый (400г.),1.20
2025-02-28,sup9,cat1,Мандарин,25.13
2025-02-28,sup3,cat3,Сметана (380г.),3.71
2025-02-28,sup2,cat6,Колбаски,26.02
2025-02-28,sup3,cat3,Масло сливочное (180г.),4.59
2025-02-28,sup5,cat9,Карамель,7.61
2025-02-28,sup9,cat1,Банан,5.30
2025-02-28,sup1,cat5,Свинина,23.08
2025-02-28,sup5,cat12,Чай холодный (0.5л.),3.59
2025-02-28,sup3,cat3,Сметана (180г.),1.94
2025-02-28,sup1,cat11,Сосиски молочные,11.25
2025-02-28,sup2,cat5,Окорочка куриные,13.45
2025-02-28,sup12,cat12,Coca-Cola (1л.),3.07
2025-02-28,sup3,cat3,Сыр голландский (200г.),5.02
2025-02-28,sup5,cat9,Печенье овсяное (400г.),4.33
2025-02-28,sup3,cat3,Масло сливочное (180г.),4.59
2025-02-28,sup2,cat4,Яйцо куриное С1 (10шт.),3.81
2025-02-28,sup10,cat2,Лук репчатый,0.79
2025-02-28,sup6,cat10,Плетенка (450г.),4.04
2025-02-28,sup9,cat1,Мандарин,19.78
2025-02-28,sup4,cat7,Креветки,20.57
2025-02-28,sup5,cat8,Мука (2кг.),2.60
2025-02-28,sup1,cat11,Бекон (220г),9.99
2025-02-28,sup9,cat1,Банан,2.25
2025-02-28,sup9,cat1,Мандарин,2.93
2025-02-28,sup9,cat2,Огурец,6.30
2025-02-28,sup2,cat6,Фарш,43.89
2025-02-28,sup6,cat10,Батон нарезной (240г.),1.22
2025-02-28,sup10,cat2,Морковь,1.04
2025-03-01,sup3,cat3,Масло сливочное (360г.),9.49
2025-03-01,sup9,cat2,Огурец,8.21
2025-03-01,sup6,cat10,Булочка с маком (1шт.),1.49
2025-03-01,sup1,cat6,Колбаски,26.86
2025-03-01,sup2,cat5,Окорочка куриные,3.29
2025-03-01,sup6,cat10,Хлеб светлый (400г.),1.20
2025-03-01,sup3,cat3,Молоко (1л.),2.60
2025-03-01,sup5,cat8,Спагетти (400г.),3.52
2025-03-01,sup5,cat9,Карамель,6.98
2025-03-01,sup12,cat12,Вода негаз. (0.5л.),1.98
2025-03-01,sup11,cat2,Томат,18.04
2025-03-01,sup3,cat3,Сыр голландский (200г.),5.02
2025-03-01,sup6,cat10,Плетенка (450г.),4.04
2025-03-01,sup6,cat10,Батон нарезной (240г.),1.22
2025-03-01,sup6,cat10,Булочка с маком (1шт.),4.47
2025-03-01,sup2,cat4,Яйцо куриное С1 (10шт.),7.62
2025-03-01,sup8,cat2,Томат,17.01
2025-03-01,sup3,cat3,Творог (200г.),2.44
2025-03-01,sup5,cat9,Печенье овсяное (400г.),4.33
2025-03-01,sup5,cat12,Лимонад (2л.),5.35
2025-03-01,sup5,cat8,Крупа манная (1кг.),2.02
2025-03-01,sup10,cat2,Лук репчатый,0.23
2025-03-01,sup5,cat9,Карамель,5.05
2025-03-01,sup5,cat8,Крупа гречневая (700г.),2.07
2025-03-01,sup1,cat5,Говядина,14.70
2025-03-01,sup2,cat4,Яйцо куриное С1 (10шт.),3.81
2025-03-01,sup3,cat3,Масло сливочное (180г.),9.18
2025-03-01,sup7,cat10,Батон нарезной (240г.),1.22
2025-03-01,sup10,cat1,Яблоко,4.52
2025-03-01,sup5,cat12,Сок апельсиновый (1л.),7.20
2025-03-01,sup10,cat2,Морковь,0.44
2025-03-01,sup6,cat10,Батон нарезной (240г.),1.22
2025-03-01,sup2,cat6,Фарш,39.20
2025-03-01,sup5,cat9,Печенье овсяное (400г.),4.33
2025-03-01,sup12,cat12,Coca-Cola (1л.),3.07
2025-03-01,sup5,cat9,Карамель,5.59
2025-03-01,sup7,cat10,Хлеб светлый (400г.),1.20
2025-03-01,sup3,cat3,Кефир (1л.),4.54
2025-03-01,sup2,cat4,Яйцо куриное С1 (15шт.),6.44
2025-03-01,sup5,cat9,Конфеты шоколадные,14.51
2025-03-01,sup5,cat12,Вода негаз. (0.5л.),0.99
2025-03-01,sup2,cat6,Печень куриная (550г.),5.50
2025-03-01,sup8,cat2,Картофель,0.56
2025-03-01,sup2,cat5,Филе куриное,9.66
2025-03-01,sup7,cat10,Багет (200г.),2.49
2025-03-01,sup5,cat8,Крупа гречневая (700г.),2.07
2025-03-01,sup1,cat5,Свинина,11.70
2025-03-01,sup6,cat10,Багет (200г.),2.49
2025-03-01,sup8,cat2,Лук репчатый,0.63
2025-03-01,sup1,cat11,Сервелат (400г.),8.51
2025-03-01,sup3,cat3,Молоко (1л.),2.60
2025-03-01,sup2,cat4,Яйцо куриное С1 (10шт.),3.81
2025-03-01,sup5,cat8,Масло подсолнечное (0.8л.),4.04
2025-03-01,sup8,cat2,Огурец,7.00
2025-03-01,sup12,cat12,Вода негаз. (0.5л.),0.99
2025-03-01,sup6,cat10,Хлеб ржаной (450г.),1.50
2025-03-01,sup8,cat2,Морковь,1.37
2025-03-01,sup1,cat6,Фарш,47.04
2025-03-01,sup8,cat2,Свекла,0.86
2025-03-01,sup1,cat5,Свинина,12.24
2025-03-01,sup6,cat10,Плетенка (450г.),4.04
2025-03-01,sup3,cat3,Молоко (1л.),2.60
2025-03-01,sup1,cat11,Колбаски охотничьи (500г.),27.60
2025-03-01,sup1,cat5,Говядина,11.81
2025-03-01,sup12,cat12,Вода негаз. (0.5л.),1.98
2025-03-01,sup9,cat2,Томат,6.89
2025-03-01,sup1,cat5,Свинина,37.34
2025-03-01,sup3,cat3,Молоко (1л.),2.60
2025-03-02,sup3,cat3,Кефир (1л.),2.27
2025-03-02,sup9,cat2,Огурец,3.36
2025-03-02,sup3,cat3,Кефир (1л.),2.27
2025-03-02,sup4,cat7,Креветки,16.24
2025-03-02,sup5,cat8,Крупа гречневая (700г.),2.07
2025-03-02,sup7,cat10,Батон нарезной (240г.),1.22
2025-03-02,sup1,cat5,Говядина,20.26
2025-03-02,sup3,cat3,Молоко (1л.),2.60
2025-03-02,sup5,cat12,Сок апельсиновый (1л.),7.20
2025-03-02,sup12,cat12,Coca-Cola (1л.),6.14
2025-03-02,sup8,cat2,Лук репчатый,0.69
2025-03-02,sup5,cat12,Вода негаз. (0.5л.),1.98
2025-03-02,sup1,cat11,Колбаса вареная (400г.),4.98
2025-03-02,sup5,cat9,Конфеты шоколадные,18.26
2025-03-02,sup7,cat10,Хлеб светлый (400г.),1.20
2025-03-02,sup3,cat3,Сметана (180г.),1.94
2025-03-02,sup5,cat9,Печенье овсяное (400г.),8.66
2025-03-02,sup2,cat6,Голубцы,31.60
2025-03-02,sup7,cat10,Батон нарезной (240г.),1.22
2025-03-02,sup3,cat3,Масло сливочное (180г.),4.59
2025-03-02,sup6,cat10,Хлеб светлый (400г.),1.20
2025-03-02,sup5,cat8,Мука (1кг.),1.64
2025-03-02,sup7,cat10,Батон нарезной (240г.),1.22
2025-03-02,sup6,cat10,Батон нарезной (240г.),1.22
2025-03-02,sup9,cat2,Огурец,5.71
2025-03-02,sup5,cat8,Макароны (900г.),1.49
2025-03-02,sup9,cat1,Груша,3.06
2025-03-02,sup3,cat3,Сметана (180г.),1.94
2025-03-02,sup10,cat2,Картофель,4.99
2025-03-02,sup7,cat10,Батон нарезной (240г.),1.22
2025-03-02,sup5,cat9,Печенье овсяное (400г.),8.66
2025-03-02,sup5,cat8,Пшено (900г.),2.35
2025-03-02,sup5,cat8,Мука (1кг.),1.64
2025-03-02,sup2,cat4,Яйцо куриное Д1 (10шт.),4.98
2025-03-02,sup2,cat4,Яйцо перепелиное (10шт.),2.95
2025-03-02,sup8,cat2,Морковь,2.05
2025-03-02,sup2,cat4,Яйцо куриное С1 (10шт.),3.81
2025-03-02,sup1,cat11,Колбаса вареная (400г.),4.98
2025-03-02,sup5,cat8,Кофе мол. (250г.),19.99
2025-03-02,sup12,cat12,Вода негаз. (0.5л.),0.99
2025-03-02,sup5,cat8,Крупа перловая (1кг.),1.44
2025-03-02,sup9,cat1,Банан,15.08
2025-03-02,sup3,cat3,Молоко (1л.),2.60
2025-03-02,sup5,cat8,Макароны (900г.),2.98
2025-03-02,sup5,cat8,Кофе мол. (250г.),19.99
2025-03-02,sup3,cat3,Сыр сливочный (200г.),10.82
2025-03-02,sup8,cat2,Огурец,2.86
2025-03-02,sup5,cat12,Вода негаз. (0.5л.),0.99
2025-03-02,sup2,cat5,Окорочка куриные,7.05
2025-03-02,sup12,cat12,Coca-Cola (1л.),3.07
2025-03-02,sup4,cat7,Скумбрия,13.74
2025-03-02,sup2,cat6,Фарш,21.89
2025-03-02,sup9,cat2,Томат,17.63
2025-03-02,sup1,cat11,Салями,20.48
2025-03-02,sup5,cat12,Вода негаз. (0.5л.),0.99
2025-03-02,sup5,cat8,Крупа манная (1кг.),2.02
2025-03-02,sup10,cat2,Картофель,5.23
2025-03-03,sup6,cat10,Батон нарезной (240г.),1.22
2025-03-03,sup12,cat12,Coca-Cola (1л.),3.07
2025-03-03,sup4,cat7,Креветки,25.75
2025-03-03,sup1,cat6,Фарш,41.39
2025-03-03,sup4,cat7,Форель (200г.),18.25
2025-03-03,sup8,cat2,Капуста,2.91
2025-03-03,sup2,cat4,Яйцо куриное С1 (10шт.),3.81
2025-03-03,sup5,cat8,Масло подсолнечное (0.8л.),8.08
2025-03-03,sup12,cat12,Вода негаз. (0.5л.),0.99
2025-03-03,sup5,cat12,Сок яблочный (1л.),10.34
2025-03-03,sup3,cat3,Молоко (1л.),2.60
2025-03-03,sup3,cat3,Молоко (1л.),2.60
2025-03-03,sup2,cat4,Яйцо куриное Д1 (10шт.),4.98
2025-03-03,sup11,cat2,Огурец,6.13
2025-03-03,sup1,cat5,Говядина,12.63
2025-03-03,sup10,cat2,Картофель,5.62
2025-03-03,sup5,cat9,Конфеты шоколадные,16.52
2025-03-03,sup7,cat10,Хлеб светлый (400г.),1.20
2025-03-03,sup6,cat10,Хлеб ржаной (450г.),1.50
2025-03-03,sup3,cat3,Молоко (1л.),2.60
2025-03-03,sup1,cat11,Колбаса вареная (400г.),4.98
2025-03-03,sup5,cat8,Макароны (900г.),1.49
2025-03-03,sup12,cat12,Вода негаз. (0.5л.),0.99
2025-03-03,sup5,cat8,Сахар (1кг.),0.73
2025-03-03,sup5,cat8,Крупа манная (1кг.),2.02
2025-03-03,sup4,cat7,Форель (200г.),18.25
2025-03-03,sup4,cat7,Кальмар,27.09
2025-03-03,sup5,cat8,Мука (1кг.),1.64
2025-03-03,sup1,cat11,Сервелат (400г.),17.02
2025-03-03,sup3,cat3,Молоко (1л.),2.60
2025-03-03,sup5,cat12,Сок яблочный (1л.),10.34
2025-03-03,sup4,cat7,Сельдь (250г.),5.99
2025-03-03,sup4,cat7,Сельдь (250г.),5.99
2025-03-03,sup2,cat4,Яйцо куриное С1 (10шт.),3.81
2025-03-03,sup5,cat8,Мука (1кг.),1.64
2025-03-03,sup2,cat11,Ветчина,15.99
2025-03-03,sup4,cat7,Креветки,30.22
2025-03-03,sup11,cat2,Огурец,3.57
2025-03-03,sup5,cat8,Пшено (900г.),2.35
2025-03-03,sup5,cat8,Крупа перловая (1кг.),1.44
2025-03-03,sup5,cat12,Чай холодный (0.5л.),3.59
2025-03-03,sup5,cat12,Квас светлый (1л.),2.65
2025-03-03,sup5,cat9,Шоколад молочный (90г.),5.99
2025-03-03,sup3,cat3,Молоко (1л.),2.60
2025-03-03,sup3,cat3,Сыр сливочный (200г.),5.41
2025-03-03,sup5,cat8,Пшено (900г.),2.35
2025-03-03,sup10,cat1,Груша,12.21
2025-03-03,sup5,cat8,Спагетти (400г.),1.76
2025-03-03,sup7,cat10,Багет (200г.),2.49
2025-03-03,sup7,cat10,Батон нарезной (240г.),1.22
2025-03-04,sup12,cat12,Вода негаз. (0.5л.),0.99
2025-03-04,sup1,cat11,Колбаски охотничьи (500г.),9.20
2025-03-04,sup2,cat6,Печень куриная (550г.),5.50
2025-03-04,sup4,cat7,Креветки,38.36
2025-03-04,sup5,cat12,Сок апельсиновый (1л.),7.20
2025-03-04,sup6,cat10,Булочка с маком (1шт.),2.98
2025-03-04,sup10,cat2,Лук репчатый,0.52
2025-03-04,sup3,cat3,Сметана (180г.),3.88
2025-03-04,sup10,cat2,Лук репчатый,0.40
2025-03-04,sup2,cat6,Голубцы,24.94
2025-03-04,sup10,cat2,Морковь,1.49
2025-03-04,sup12,cat12,Вода негаз. (0.5л.),0.99
2025-03-04,sup6,cat10,Хлеб светлый (400г.),1.20
2025-03-04,sup5,cat8,Кофе мол. (250г.),19.99
2025-03-04,sup2,cat4,Яйцо куриное С1 (15шт.),6.44
2025-03-04,sup9,cat2,Огурец,3.43
2025-03-04,sup1,cat5,Говядина,37.81
2025-03-04,sup5,cat12,Сок яблочный (1л.),10.34
2025-03-04,sup1,cat11,Колбаса вареная (400г.),4.98
2025-03-04,sup2,cat11,Сосиски молочные,11.02
2025-03-04,sup6,cat10,Лаваш (300г.),2.89
2025-03-04,sup3,cat3,Сыр российский,9.70
2025-03-04,sup6,cat10,Плетенка (450г.),4.04
2025-03-04,sup5,cat12,Лимонад (2л.),5.35
2025-03-04,sup1,cat11,Сосиски молочные,6.56
2025-03-04,sup5,cat12,Вода негаз. (0.5л.),0.99
2025-03-04,sup10,cat2,Свекла,1.42
2025-03-04,sup5,cat8,Крупа гречневая (700г.),4.14
2025-03-04,sup10,cat2,Морковь,0.87
2025-03-04,sup2,cat4,Яйцо куриное С1 (10шт.),3.81
2025-03-04,sup8,cat2,Картофель,4.06
2025-03-04,sup6,cat10,Булочка с маком (1шт.),2.98
2025-03-04,sup2,cat6,Колбаски,25.23
2025-03-04,sup2,cat5,Окорочка куриные,2.95
2025-03-04,sup2,cat11,Сосиски молочные,3.95
2025-03-04,sup4,cat7,Сельдь (250г.),5.99
2025-03-04,sup2,cat4,Яйцо перепелиное (20шт.),4.65
2025-03-04,sup1,cat11,Сосиски молочные,10.85
2025-03-04,sup8,cat2,Огурец,7.24
2025-03-04,sup5,cat8,Крупа гречневая (700г.),4.14
2025-03-04,sup1,cat11,Сервелат (400г.),8.51
2025-03-04,sup3,cat3,Молоко (1л.),2.60
2025-03-04,sup2,cat4,Яйцо куриное С1 (15шт.),6.44
2025-03-04,sup7,cat10,Батон нарезной (240г.),1.22
2025-03-04,sup10,cat1,Груша,8.36
2025-03-04,sup4,cat7,Сельдь (250г.),5.99
2025-03-04,sup1,cat11,Сосиски молочные,9.92
2025-03-04,sup1,cat5,Говядина,18.52
2025-03-04,sup6,cat10,Батон нарезной (240г.),1.22
2025-03-05,sup10,cat2,Лук репчатый,1.83
2025-03-05,sup4,cat7,Сельдь (250г.),5.99
2025-03-05,sup1,cat11,Колбаски охотничьи (500г.),9.20
2025-03-05,sup5,cat8,Кофе мол. (250г.),19.99
2025-03-05,sup11,cat2,Томат,16.38
2025-03-05,sup2,cat4,Яйцо куриное Д1 (10шт.),4.98
2025-03-05,sup5,cat8,Макароны (900г.),1.49
2025-03-05,sup2,cat4,Яйцо куриное С1 (15шт.),6.44
2025-03-05,sup3,cat3,Творог (200г.),4.88
2025-03-05,sup5,cat8,Спагетти (400г.),1.76
2025-03-05,sup4,cat7,Минтай,1.53
2025-03-05,sup5,cat8,Макароны (900г.),2.98
2025-03-05,sup3,cat3,Сметана (180г.),3.88
2025-03-05,sup6,cat10,Плетенка (450г.),4.04
2025-03-05,sup7,cat10,Батон нарезной (240г.),1.22
2025-03-05,sup3,cat3,Кефир (1л.),4.54
2025-03-05,sup5,cat8,Мука (1кг.),1.64
2025-03-05,sup6,cat10,Плетенка (450г.),4.04
2025-03-05,sup5,cat12,Вода негаз. (0.5л.),0.99
2025-03-05,sup5,cat12,Квас светлый (1л.),2.65
2025-03-05,sup3,cat3,Масло сливочное (360г.),9.49
2025-03-05,sup5,cat8,Масло подсолнечное (0.8л.),2.02
2025-03-05,sup2,cat5,Окорочка куриные,5.81
2025-03-05,sup5,cat8,Кофе мол. (250г.),19.99
2025-03-05,sup1,cat11,Бекон (220г),9.99
2025-03-05,sup5,cat8,Масло подсолнечное (0.8л.),6.06
2025-03-05,sup6,cat10,Батон нарезной (240г.),1.22
2025-03-05,sup6,cat10,Булочка с маком (1шт.),2.98
2025-03-05,sup1,cat11,Сосиски молочные,5.50
2025-03-05,sup8,cat1,Груша,17.02
2025-03-05,sup5,cat8,Крупа перловая (1кг.),1.44
2025-03-05,sup5,cat8,Кофе раств. (95г.),14.99
2025-03-05,sup3,cat3,Кефир (1л.),2.27
2025-03-05,sup12,cat12,Coca-Cola (1л.),3.07
2025-03-05,sup5,cat8,Рис (900г.),3.49
2025-03-05,sup2,cat6,Фарш,19.56
2025-03-05,sup8,cat2,Лук репчатый,0.32
2025-03-05,sup5,cat12,Лимонад (2л.),5.35
2025-03-05,sup9,cat1,Банан,2.37
2025-03-05,sup6,cat10,Батон нарезной (240г.),1.22
2025-03-05,sup2,cat4,Яйцо куриное С1 (15шт.),6.44
2025-03-05,sup1,cat11,Сосиски молочные,10.83
2025-03-05,sup6,cat10,Батон нарезной (240г.),1.22
2025-03-05,sup8,cat2,Огурец,1.70
2025-03-05,sup2,cat4,Яйцо перепелиное (20шт.),4.65
2025-03-05,sup3,cat3,Молоко (1л.),5.20
2025-03-05,sup4,cat7,Минтай,1.85
2025-03-05,sup5,cat9,Конфеты шоколадные,22.80
2025-03-05,sup6,cat10,Булочка с маком (1шт.),1.49
2025-03-05,sup1,cat11,Сосиски молочные,7.94
2025-03-05,sup2,cat5,Филе куриное,17.17
2025-03-05,sup1,cat11,Колбаса вареная (400г.),4.98
2025-03-06,sup3,cat3,Молоко (1л.),2.60
2025-03-06,sup8,cat1,Груша,7.41
2025-03-06,sup4,cat7,Минтай,1.07
2025-03-06,sup5,cat8,Масло подсолнечное (0.8л.),2.02
2025-03-06,sup1,cat5,Свинина,17.44
2025-03-06,sup3,cat3,Творог (200г.),2.44
2025-03-06,sup3,cat3,Молоко (1л.),2.60
2025-03-06,sup3,cat3,Молоко (1л.),2.60
2025-03-06,sup8,cat2,Картофель,3.58
2025-03-06,sup3,cat3,Творог (200г.),7.32
2025-03-06,sup5,cat12,Квас светлый (1л.),2.65
2025-03-06,sup1,cat6,Котлеты,19.28
2025-03-06,sup2,cat11,Сосиски молочные,10.28
2025-03-06,sup8,cat2,Картофель,4.94
2025-03-06,sup9,cat1,Банан,8.10
2025-03-06,sup5,cat8,Рис (900г.),3.49
2025-03-06,sup5,cat8,Спагетти (400г.),1.76
2025-03-06,sup1,cat11,Ветчина,12.31
2025-03-06,sup3,cat3,Сыр сливочный (200г.),5.41
2025-03-06,sup7,cat10,Хлеб светлый (400г.),1.20
2025-03-06,sup6,cat10,Батон нарезной (240г.),1.22
2025-03-06,sup3,cat3,Молоко (1л.),2.60
2025-03-06,sup5,cat8,Мука (2кг.),2.60
2025-03-06,sup5,cat12,Вода негаз. (0.5л.),0.99
2025-03-06,sup4,cat7,Кальмар,32.03
2025-03-06,sup2,cat6,Голубцы,22.20
2025-03-06,sup4,cat7,Хек,8.50
2025-03-06,sup2,cat4,Яйцо куриное С1 (10шт.),3.81
2025-03-06,sup5,cat8,Крупа манная (1кг.),2.02
2025-03-06,sup8,cat2,Огурец,0.89
2025-03-06,sup9,cat2,Огурец,4.50
2025-03-06,sup8,cat2,Морковь,0.93
2025-03-06,sup6,cat10,Булочка с маком (1шт.),1.49
2025-03-06,sup12,cat12,Coca-Cola (1л.),3.07
2025-03-06,sup8,cat2,Картофель,2.09
2025-03-06,sup2,cat4,Яйцо куриное С1 (15шт.),6.44
2025-03-06,sup8,cat2,Огурец,1.19
2025-03-06,sup5,cat8,Крупа манная (1кг.),2.02
2025-03-06,sup1,cat6,Фарш,35.47
2025-03-06,sup4,cat7,Сельдь (250г.),5.99
2025-03-06,sup6,cat10,Булочка с маком (1шт.),4.47
2025-03-06,sup5,cat12,Лимонад (2л.),5.35
2025-03-06,sup6,cat10,Хлеб светлый (400г.),1.20
2025-03-06,sup6,cat10,Батон нарезной (240г.),1.22
2025-03-06,sup3,cat3,Масло сливочное (180г.),4.59
2025-03-06,sup5,cat8,Мука (1кг.),1.64
2025-03-06,sup11,cat2,Томат,13.58
2025-03-06,sup2,cat6,Котлеты,7.94
2025-03-06,sup8,cat2,Картофель,1.59
2025-03-06,sup3,cat3,Масло сливочное (1кг.),30.73
2025-03-06,sup8,cat2,Картофель,5.37
2025-03-06,sup6,cat10,Батон нарезной (240г.),1.22
2025-03-06,sup10,cat12,Сок яблочный (1л.),10.34
2025-03-06,sup6,cat10,Булочка с маком (1шт.),7.45
2025-03-07,sup4,cat7,Креветки,18.29
2025-03-07,sup9,cat2,Огурец,7.50
2025-03-07,sup8,cat2,Картофель,1.86
2025-03-07,sup1,cat6,Голубцы,22.55
2025-03-07,sup5,cat8,Мука (1кг.),1.64
2025-03-07,sup6,cat10,Лаваш (300г.),2.89
2025-03-07,sup10,cat2,Картофель,0.32
2025-03-07,sup3,cat3,Творог (200г.),2.44
2025-03-07,sup10,cat2,Лук репчатый,1.40
2025-03-07,sup2,cat4,Яйцо куриное С1 (15шт.),6.44
2025-03-07,sup2,cat5,Окорочка куриные,11.82
2025-03-07,sup1,cat5,Говядина,8.98
2025-03-07,sup3,cat3,Творог (200г.),4.88
2025-03-07,sup3,cat3,Молоко (1л.),2.60
2025-03-07,sup3,cat3,Молоко (1л.),2.60
2025-03-07,sup2,cat11,Сосиски молочные,3.97
2025-03-07,sup8,cat1,Груша,18.94
2025-03-07,sup4,cat7,Кальмар,37.19
2025-03-07,sup3,cat3,Масло сливочное (180г.),4.59
2025-03-07,sup5,cat12,Сок апельсиновый (1л.),7.20
2025-03-07,sup5,cat8,Рис (900г.),3.49
2025-03-07,sup1,cat5,Говядина,11.74
2025-03-07,sup5,cat8,Мука (2кг.),2.60
2025-03-07,sup8,cat2,Морковь,2.68
2025-03-07,sup6,cat10,Багет (200г.),2.49
2025-03-07,sup10,cat2,Морковь,0.69
2025-03-07,sup8,cat1,Яблоко,1.35
2025-03-07,sup2,cat5,Окорочка куриные,10.22
2025-03-07,sup3,cat3,Молоко (1л.),2.60
2025-03-07,sup8,cat1,Груша,14.44
2025-03-07,sup5,cat9,Конфеты шоколадные,32.86
2025-03-07,sup3,cat3,Кефир (1л.),2.27
2025-03-07,sup12,cat12,Coca-Cola (1л.),3.07
2025-03-07,sup10,cat1,Яблоко,6.45
2025-03-07,sup5,cat8,Сахар (1кг.),1.46
2025-03-07,sup5,cat12,Вода негаз. (0.5л.),0.99
2025-03-07,sup5,cat9,Карамель,3.37
2025-03-07,sup8,cat1,Яблоко,13.15
2025-03-07,sup9,cat2,Томат,9.80
2025-03-07,sup7,cat10,Батон нарезной (240г.),1.22
2025-03-07,sup3,cat3,Молоко (1л.),2.60
2025-03-07,sup2,cat4,Яйцо куриное С1 (10шт.),3.81
2025-03-07,sup1,cat6,Шашлык,45.71
2025-03-07,sup8,cat2,Огурец,2.00
2025-03-07,sup10,cat2,Свекла,1.07
2025-03-07,sup2,cat5,Окорочка куриные,8.87
2025-03-07,sup8,cat2,Картофель,5.72
2025-03-07,sup6,cat10,Батон нарезной (240г.),2.44
2025-03-07,sup2,cat4,Яйцо куриное С1 (15шт.),6.44
2025-03-07,sup1,cat11,Ветчина,13.70
2025-03-07,sup5,cat12,Сок апельсиновый (1л.),7.20
2025-03-07,sup2,cat5,Окорочка куриные,4.28
2025-03-07,sup6,cat10,Лаваш (300г.),2.89
2025-03-07,sup5,cat12,Лимонад (2л.),5.35
2025-03-07,sup2,cat11,Колбаса вареная (400г.),4.98
2025-03-07,sup1,cat11,Салями,21.87
2025-03-07,sup2,cat4,Яйцо куриное С1 (15шт.),6.44
2025-03-07,sup1,cat5,Говядина,17.97
2025-03-07,sup1,cat11,Сосиски молочные,11.25
2025-03-07,sup4,cat7,Паста рыбная (150г.),2.95
2025-03-07,sup5,cat9,Карамель,7.83
2025-03-07,sup6,cat10,Лаваш (300г.),2.89
2025-03-07,sup5,cat12,Лимонад (2л.),5.35
2025-03-07,sup7,cat10,Хлеб светлый (400г.),1.20
2025-03-07,sup7,cat10,Хлеб ржаной (450г.),1.50
2025-03-07,sup10,cat2,Лук репчатый,1.30
2025-03-07,sup5,cat12,Сок апельсиновый (1л.),7.20
2025-03-07,sup5,cat12,Лимонад (2л.),5.35
2025-03-07,sup9,cat2,Огурец,6.46
2025-03-07,sup1,cat6,Фарш,11.69
2025-03-07,sup8,cat2,Лук репчатый,0.59
2025-03-07,sup5,cat8,Кофе мол. (250г.),19.99
2025-03-07,sup3,cat3,Творог (200г.),2.44
2025-03-07,sup5,cat12,Сок апельсиновый (1л.),7.20
2025-03-07,sup2,cat6,Печень куриная (550г.),11.00
2025-03-07,sup8,cat2,Картофель,1.46
2025-03-07,sup5,cat8,Мука (2кг.),2.60
2025-03-07,sup2,cat5,Окорочка куриные,13.24
2025-03-07,sup7,cat10,Батон нарезной (240г.),1.22
2025-03-07,sup3,cat3,Сыр голландский (200г.),5.02
2025-03-07,sup9,cat1,Груша,11.06
2025-03-07,sup12,cat12,Вода негаз. (0.5л.),1.98
2025-03-07,sup8,cat1,Яблоко,2.80
2025-03-07,sup3,cat3,Творог (200г.),2.44
2025-03-07,sup5,cat9,Зефир (230г.),8.79
2025-03-07,sup10,cat2,Морковь,0.48
2025-03-07,sup2,cat11,Сосиски молочные,4.27
2025-03-07,sup5,cat9,Шоколад молочный (90г.),5.99
2025-03-07,sup5,cat8,Рис (900г.),3.49
2025-03-07,sup6,cat10,Батон нарезной (240г.),1.22
2025-03-07,sup3,cat3,Сыр российский,11.95
2025-03-07,sup10,cat12,Сок яблочный (1л.),5.17
2025-03-07,sup7,cat10,Батон нарезной (240г.),2.44
2025-03-07,sup5,cat9,Вафли (143г.),2.76
2025-03-07,sup5,cat8,Кофе мол. (250г.),59.97
2025-03-07,sup2,cat11,Колбаса вареная (400г.),4.98
2025-03-07,sup1,cat11,Сервелат (400г.),17.02
2025-03-07,sup5,cat9,Печенье овсяное (400г.),4.33
2025-03-07,sup3,cat3,Молоко (1л.),2.60
2025-03-07,sup5,cat9,Конфеты шоколадные,32.03
2025-03-07,sup1,cat11,Бекон (220г),9.99
2025-03-07,sup5,cat9,Конфеты шоколадные,27.45
2025-03-07,sup11,cat2,Огурец,2.16
2025-03-07,sup5,cat8,Сахар (1кг.),2.19
2025-03-07,sup3,cat3,Молоко (1л.),2.60
2025-03-07,sup2,cat4,Яйцо куриное С1 (10шт.),3.81
2025-03-07,sup3,cat3,Кефир (1л.),2.27
2025-03-07,sup2,cat4,Яйцо куриное С1 (10шт.),7.62
2025-03-07,sup1,cat5,Свинина,12.45
2025-03-07,sup3,cat3,Молоко (1л.),2.60
2025-03-07,sup1,cat6,Шашлык,52.57
2025-03-07,sup3,cat3,Творог (200г.),4.88
2025-03-07,sup9,cat1,Банан,14.82
2025-03-07,sup11,cat2,Томат,11.38
2025-03-07,sup3,cat3,Кефир (1л.),2.27
2025-03-07,sup2,cat6,Печень куриная (550г.),11.00
2025-03-07,sup3,cat3,Кефир (1л.),2.27
2025-03-07,sup3,cat3,Кефир (1л.),2.27
2025-03-07,sup4,cat7,Минтай,1.38
2025-03-07,sup10,cat12,Сок яблочный (1л.),10.34
2025-03-08,sup1,cat5,Свинина,23.48
2025-03-08,sup3,cat3,Масло сливочное (360г.),9.49
2025-03-08,sup1,cat11,Сервелат (400г.),8.51
2025-03-08,sup5,cat8,Мука (1кг.),1.64
2025-03-08,sup5,cat12,Сок яблочный (1л.),5.17
2025-03-08,sup5,cat12,Вода мин. газ. (1л.),3.18
2025-03-08,sup5,cat9,Мармелад,2.15
2025-03-08,sup1,cat5,Свинина,13.25
2025-03-08,sup5,cat8,Мука (1кг.),1.64
2025-03-08,sup4,cat7,Паста рыбная (150г.),2.95
2025-03-08,sup12,cat12,Вода негаз. (0.5л.),0.99
2025-03-08,sup3,cat3,Молоко (1л.),2.60
2025-03-08,sup9,cat2,Томат,19.99
2025-03-08,sup3,cat3,Кефир (1л.),2.27
2025-03-08,sup12,cat12,Coca-Cola (1л.),3.07
2025-03-08,sup1,cat5,Говядина,35.11
2025-03-08,sup6,cat10,Лаваш (300г.),2.89
2025-03-08,sup12,cat12,Вода негаз. (0.5л.),0.99
2025-03-08,sup3,cat3,Кефир (1л.),2.27
2025-03-08,sup3,cat3,Творог (200г.),4.88
2025-03-08,sup8,cat2,Огурец,7.57
2025-03-08,sup1,cat5,Свинина,11.40
2025-03-08,sup5,cat8,Крупа манная (1кг.),2.02
2025-03-08,sup6,cat10,Плетенка (450г.),4.04
2025-03-08,sup5,cat12,Квас светлый (1л.),2.65
2025-03-08,sup2,cat4,Яйцо куриное Д1 (10шт.),4.98
2025-03-08,sup3,cat3,Кефир (1л.),4.54
2025-03-08,sup8,cat2,Лук репчатый,0.96
2025-03-08,sup7,cat10,Батон нарезной (240г.),1.22
2025-03-08,sup9,cat2,Огурец,7.03
2025-03-08,sup5,cat8,Макароны (900г.),2.98
2025-03-08,sup6,cat10,Булочка с маком (1шт.),1.49
2025-03-08,sup5,cat8,Масло подсолнечное (0.8л.),2.02
2025-03-08,sup5,cat8,Крупа перловая (1кг.),1.44
2025-03-08,sup6,cat10,Батон нарезной (240г.),1.22
2025-03-08,sup11,cat2,Томат,4.55
2025-03-08,sup4,cat7,Скумбрия,14.91
2025-03-08,sup5,cat8,Мука (2кг.),2.60
2025-03-08,sup5,cat12,Лимонад (2л.),5.35
2025-03-08,sup7,cat10,Хлеб светлый (400г.),1.20
2025-03-08,sup5,cat8,Кофе мол. (250г.),39.98
2025-03-08,sup5,cat8,Крупа гречневая (700г.),2.07
2025-03-08,sup2,cat4,Яйцо куриное С1 (10шт.),3.81
2025-03-08,sup10,cat2,Картофель,1.99
2025-03-08,sup2,cat11,Сосиски молочные,10.10
2025-03-08,sup2,cat6,Колбаски,21.68
2025-03-08,sup3,cat3,Кефир (1л.),2.27
2025-03-08,sup5,cat9,Конфеты шоколадные,21.42
2025-03-08,sup5,cat8,Макароны (900г.),1.49
2025-03-08,sup7,cat10,Хлеб светлый (400г.),1.20
2025-03-08,sup5,cat9,Вафли (143г.),2.76
2025-03-08,sup4,cat7,Минтай,1.29
2025-03-08,sup5,cat8,Масло подсолнечное (0.8л.),4.04
2025-03-08,sup7,cat10,Батон нарезной (240г.),1.22
2025-03-08,sup9,cat1,Яблоко,17.48
2025-03-08,sup5,cat9,Зефир (230г.),8.79
2025-03-08,sup7,cat10,Батон нарезной (240г.),1.22
2025-03-08,sup1,cat11,Сервелат (400г.),8.51
2025-03-08,sup3,cat3,Кефир (1л.),2.27
2025-03-08,sup3,cat3,Молоко (1л.),2.60
2025-03-08,sup6,cat10,Булочка с маком (1шт.),1.49
2025-03-08,sup9,cat1,Банан,14.41
2025-03-08,sup10,cat2,Лук репчатый,1.73
2025-03-08,sup1,cat11,Салями,20.12
2025-03-08,sup1,cat5,Говядина,40.71
2025-03-08,sup2,cat4,Яйцо куриное Д1 (10шт.),4.98
2025-03-08,sup3,cat3,Кефир (1л.),2.27
2025-03-08,sup3,cat3,Сыр сливочный (200г.),5.41
2025-03-08,sup3,cat3,Сыр сливочный (200г.),5.41
2025-03-09,sup2,cat4,Яйцо куриное С1 (10шт.),7.62
2025-03-09,sup3,cat3,Молоко (1л.),2.60
2025-03-09,sup10,cat2,Картофель,4.51
2025-03-09,sup8,cat2,Томат,10.59
2025-03-09,sup5,cat9,Конфеты шоколадные,15.64
2025-03-09,sup2,cat4,Яйцо куриное С1 (10шт.),7.62
2025-03-09,sup3,cat3,Сметана (380г.),3.71
2025-03-09,sup1,cat5,Говядина,16.01
2025-03-09,sup3,cat3,Сметана (180г.),1.94
2025-03-09,sup3,cat3,Кефир (1л.),2.27
2025-03-09,sup1,cat5,Говядина,20.85
2025-03-09,sup7,cat10,Хлеб светлый (400г.),1.20
2025-03-09,sup3,cat3,Молоко (1л.),2.60
2025-03-09,sup3,cat3,Масло сливочное (180г.),4.59
2025-03-09,sup4,cat7,Хек,5.38
2025-03-09,sup9,cat2,Томат,12.53
2025-03-09,sup5,cat8,Мука (1кг.),1.64
2025-03-09,sup5,cat12,Квас светлый (1л.),2.65
2025-03-09,sup2,cat4,Яйцо куриное С1 (10шт.),3.81
2025-03-09,sup3,cat3,Сыр сливочный (200г.),10.82
2025-03-09,sup2,cat6,Котлеты,11.41
2025-03-09,sup1,cat5,Говядина,29.39
2025-03-09,sup11,cat2,Томат,19.82
2025-03-09,sup8,cat2,Морковь,0.41
2025-03-09,sup6,cat10,Батон нарезной (240г.),2.44
2025-03-09,sup10,cat2,Свекла,0.82
2025-03-09,sup11,cat2,Огурец,5.84
2025-03-09,sup11,cat2,Томат,13.19
2025-03-09,sup8,cat2,Свекла,0.52
2025-03-09,sup2,cat6,Фарш,42.37
2025-03-09,sup1,cat11,Колбаса вареная (400г.),4.98
2025-03-09,sup5,cat12,Сок апельсиновый (1л.),7.20
2025-03-09,sup10,cat2,Картофель,3.30
2025-03-09,sup3,cat3,Сметана (380г.),3.71
2025-03-09,sup1,cat11,Сосиски молочные,8.91
2025-03-09,sup5,cat12,Лимонад (2л.),5.35
2025-03-09,sup3,cat3,Молоко (1л.),2.60
2025-03-09,sup8,cat2,Картофель,1.61
2025-03-09,sup1,cat5,Свинина,27.65
2025-03-09,sup5,cat12,Вода негаз. (0.5л.),0.99
2025-03-09,sup5,cat9,Зефир (230г.),8.79
2025-03-09,sup5,cat8,Макароны (900г.),1.49
2025-03-09,sup1,cat6,Колбаски,17.67
2025-03-09,sup1,cat6,Колбаски,28.20
2025-03-09,sup7,cat10,Батон нарезной (240г.),1.22
2025-03-09,sup10,cat2,Лук репчатый,1.42
2025-03-09,sup3,cat3,Кефир (1л.),2.27
2025-03-09,sup5,cat8,Масло подсолнечное (0.8л.),4.04
2025-03-09,sup5,cat8,Рис (900г.),3.49
2025-03-09,sup3,cat3,Кефир (1л.),2.27
2025-03-09,sup7,cat10,Батон нарезной (240г.),1.22
2025-03-09,sup5,cat9,Конфеты шоколадные,8.40
2025-03-09,sup3,cat3,Кефир (1л.),2.27
2025-03-09,sup1,cat11,Сосиски молочные,8.61
2025-03-10,sup3,cat3,Сыр сливочный (200г.),5.41
2025-03-10,sup10,cat1,Груша,13.50
2025-03-10,sup3,cat3,Молоко (1л.),2.60
2025-03-10,sup3,cat3,Кефир (1л.),2.27
2025-03-10,sup5,cat9,Карамель,6.58
2025-03-10,sup5,cat12,Квас светлый (1л.),2.65
2025-03-10,sup1,cat11,Сосиски молочные,9.15
2025-03-10,sup3,cat3,Сметана (380г.),7.42
2025-03-10,sup4,cat7,Минтай,0.78
2025-03-10,sup8,cat2,Капуста,3.55
2025-03-10,sup10,cat2,Морковь,1.95
2025-03-10,sup9,cat1,Груша,12.03
2025-03-10,sup3,cat3,Сметана (380г.),3.71
2025-03-10,sup6,cat10,Хлеб ржаной (450г.),1.50
2025-03-10,sup3,cat3,Молоко (1л.),5.20
2025-03-10,sup3,cat3,Сметана (380г.),3.71
2025-03-10,sup10,cat2,Лук репчатый,1.19
2025-03-10,sup5,cat8,Спагетти (400г.),1.76
2025-03-10,sup1,cat11,Колбаса вареная (400г.),4.98
2025-03-10,sup9,cat2,Томат,21.23
2025-03-10,sup3,cat3,Кефир (1л.),2.27
2025-03-10,sup5,cat12,Сок апельсиновый (1л.),7.20
2025-03-10,sup3,cat3,Кефир (1л.),2.27
2025-03-10,sup9,cat1,Банан,11.77
2025-03-10,sup5,cat8,Крупа манная (1кг.),2.02
2025-03-10,sup5,cat8,Кофе раств. (95г.),14.99
2025-03-10,sup9,cat1,Банан,7.13
2025-03-10,sup1,cat11,Салями,20.17
2025-03-10,sup6,cat10,Булочка с маком (1шт.),2.98
2025-03-10,sup7,cat10,Хлеб светлый (400г.),1.20
2025-03-10,sup5,cat12,Чай холодный (0.5л.),3.59
2025-03-10,sup9,cat1,Банан,5.61
2025-03-10,sup3,cat3,Молоко (1л.),2.60
2025-03-10,sup4,cat7,Форель (200г.),18.25
2025-03-10,sup6,cat10,Лаваш (300г.),2.89
2025-03-10,sup6,cat10,Плетенка (450г.),4.04
2025-03-10,sup7,cat10,Батон нарезной (240г.),1.22
2025-03-10,sup7,cat10,Батон нарезной (240г.),1.22
2025-03-10,sup1,cat11,Сосиски молочные,5.48
2025-03-10,sup5,cat12,Квас светлый (1л.),2.65
2025-03-10,sup6,cat10,Батон нарезной (240г.),1.22
2025-03-10,sup5,cat8,Крупа гречневая (700г.),2.07
2025-03-10,sup3,cat3,Творог (200г.),2.44
2025-03-10,sup8,cat2,Морковь,1.38
2025-03-10,sup8,cat2,Морковь,1.80
2025-03-10,sup3,cat3,Кефир (1л.),4.54
2025-03-10,sup6,cat10,Батон нарезной (240г.),2.44
2025-03-10,sup6,cat10,Батон нарезной (240г.),2.44
2025-03-10,sup9,cat1,Груша,7.17
2025-03-10,sup5,cat8,Кофе раств. (95г.),14.99
2025-03-11,sup3,cat3,Творог (200г.),2.44
2025-03-11,sup5,cat8,Крупа гречневая (700г.),2.07
2025-03-11,sup7,cat10,Хлеб ржаной (450г.),1.50
2025-03-11,sup1,cat11,Сервелат (400г.),8.51
2025-03-11,sup5,cat12,Вода негаз. (0.5л.),0.99
2025-03-11,sup10,cat2,Лук репчатый,1.07
2025-03-11,sup11,cat2,Огурец,3.34
2025-03-11,sup12,cat12,Coca-Cola (1л.),3.07
2025-03-11,sup5,cat12,Квас светлый (1л.),2.65
2025-03-11,sup8,cat1,Яблоко,11.52
2025-03-11,sup2,cat5,Филе куриное,4.72
2025-03-11,sup6,cat10,Плетенка (450г.),4.04
2025-03-11,sup1,cat5,Говядина,38.92
2025-03-11,sup8,cat2,Капуста,3.00
2025-03-11,sup5,cat8,Пшено (900г.),2.35
2025-03-11,sup5,cat12,Вода негаз. (0.5л.),1.98
2025-03-11,sup7,cat10,Батон нарезной (240г.),2.44
2025-03-11,sup9,cat1,Банан,14.69
2025-03-11,sup6,cat10,Хлеб ржаной (450г.),1.50
2025-03-11,sup5,cat12,Сок апельсиновый (1л.),7.20
2025-03-11,sup2,cat4,Яйцо куриное С1 (10шт.),7.62
2025-03-11,sup1,cat11,Колбаски охотничьи (500г.),9.20
2025-03-11,sup12,cat12,Coca-Cola (1л.),3.07
2025-03-11,sup5,cat8,Сахар (1кг.),0.73
2025-03-11,sup3,cat3,Сметана (180г.),3.88
2025-03-11,sup3,cat3,Сметана (180г.),1.94
2025-03-11,sup9,cat1,Банан,10.53
2025-03-11,sup4,cat7,Форель (200г.),18.25
2025-03-11,sup10,cat2,Лук репчатый,1.67
2025-03-11,sup5,cat9,Вафли (143г.),5.52
2025-03-11,sup5,cat8,Кофе мол. (250г.),39.98
2025-03-11,sup8,cat2,Томат,14.67
2025-03-11,sup5,cat8,Мука (1кг.),1.64
2025-03-11,sup3,cat3,Кефир (1л.),2.27
2025-03-11,sup5,cat9,Карамель,4.78
2025-03-11,sup5,cat8,Сахар (1кг.),1.46
2025-03-11,sup5,cat9,Конфеты шоколадные,20.86
2025-03-11,sup6,cat10,Лаваш (300г.),2.89
2025-03-11,sup3,cat3,Сметана (380г.),3.71
2025-03-11,sup1,cat11,Сосиски молочные,8.23
2025-03-11,sup1,cat5,Говядина,37.54
2025-03-11,sup2,cat4,Яйцо куриное Д1 (10шт.),4.98
2025-03-11,sup2,cat5,Окорочка куриные,5.56
2025-03-11,sup2,cat4,Яйцо куриное Д1 (10шт.),4.98
2025-03-11,sup5,cat12,Вода негаз. (0.5л.),0.99
2025-03-11,sup4,cat7,Хек,11.18
2025-03-11,sup1,cat11,Колбаса вареная (400г.),4.98
2025-03-11,sup3,cat3,Сметана (180г.),3.88
2025-03-11,sup4,cat7,Форель (200г.),18.25
2025-03-12,sup1,cat11,Сосиски молочные,4.70
2025-03-12,sup8,cat2,Свекла,1.00
2025-03-12,sup8,cat2,Томат,11.91
2025-03-12,sup3,cat3,Кефир (1л.),2.27
2025-03-12,sup6,cat10,Булочка с маком (1шт.),1.49
2025-03-12,sup2,cat4,Яйцо куриное С1 (15шт.),6.44
2025-03-12,sup8,cat2,Капуста,2.64
2025-03-12,sup5,cat8,Пшено (900г.),2.35
2025-03-12,sup1,cat11,Сервелат (400г.),8.51
2025-03-12,sup5,cat8,Сахар (1кг.),1.46
2025-03-12,sup1,cat11,Колбаса вареная (400г.),4.98
2025-03-12,sup1,cat11,Колбаса вареная (400г.),4.98
2025-03-12,sup3,cat3,Сметана (180г.),3.88
2025-03-12,sup2,cat4,Яйцо куриное С1 (10шт.),3.81
2025-03-12,sup2,cat4,Яйцо куриное С1 (10шт.),3.81
2025-03-12,sup3,cat3,Молоко (1л.),2.60
2025-03-12,sup5,cat9,Печенье овсяное (400г.),4.33
2025-03-12,sup5,cat9,Карамель,5.88
2025-03-12,sup8,cat1,Груша,13.77
2025-03-12,sup3,cat3,Сметана (380г.),3.71
2025-03-12,sup10,cat2,Картофель,0.93
2025-03-12,sup8,cat2,Огурец,5.59
2025-03-12,sup2,cat5,Окорочка куриные,11.51
2025-03-12,sup3,cat3,Молоко (1л.),2.60
2025-03-12,sup1,cat5,Свинина,14.74
2025-03-12,sup10,cat2,Картофель,1.44
2025-03-12,sup2,cat5,Филе куриное,18.45
2025-03-12,sup6,cat10,Батон нарезной (240г.),2.44
2025-03-12,sup5,cat9,Печенье овсяное (400г.),4.33
2025-03-12,sup3,cat3,Молоко (1л.),2.60
2025-03-12,sup6,cat10,Хлеб светлый (400г.),1.20
2025-03-12,sup5,cat8,Кофе мол. (250г.),59.97
2025-03-12,sup8,cat2,Томат,2.06
2025-03-12,sup8,cat2,Томат,19.37
2025-03-12,sup8,cat2,Лук репчатый,0.30
2025-03-12,sup3,cat3,Кефир (1л.),2.27
2025-03-12,sup2,cat4,Яйцо куриное С1 (15шт.),6.44
2025-03-12,sup2,cat11,Сосиски молочные,8.13
2025-03-12,sup5,cat12,Лимонад (2л.),5.35
2025-03-12,sup2,cat4,Яйцо куриное С1 (10шт.),3.81
2025-03-12,sup6,cat10,Булочка с маком (1шт.),2.98
2025-03-12,sup1,cat6,Фарш,16.41
2025-03-12,sup4,cat7,Хек,10.88
2025-03-12,sup6,cat10,Батон нарезной (240г.),1.22
2025-03-12,sup6,cat10,Булочка с маком (1шт.),2.98
2025-03-12,sup2,cat4,Яйцо куриное С1 (15шт.),6.44
2025-03-12,sup5,cat8,Масло подсолнечное (0.8л.),10.10
2025-03-12,sup12,cat12,Coca-Cola (1л.),6.14
2025-03-12,sup2,cat11,Сосиски молочные,9.30
2025-03-12,sup6,cat10,Батон нарезной (240г.),1.22
2025-03-13,sup4,cat7,Икра лососевая (140г.),32.99
2025-03-13,sup4,cat7,Паста рыбная (150г.),2.95
2025-03-13,sup3,cat3,Масло сливочное (180г.),4.59
2025-03-13,sup5,cat8,Макароны (900г.),1.49
2025-03-13,sup6,cat10,Лаваш (300г.),2.89
2025-03-13,sup2,cat5,Окорочка куриные,3.09
2025-03-13,sup2,cat11,Колбаса вареная (400г.),4.98
2025-03-13,sup5,cat12,Сок апельсиновый (1л.),14.40
2025-03-13,sup12,cat12,Вода негаз. (0.5л.),0.99
2025-03-13,sup1,cat6,Котлеты,6.30
2025-03-13,sup5,cat12,Вода негаз. (0.5л.),0.99
2025-03-13,sup2,cat5,Окорочка куриные,10.59
2025-03-13,sup6,cat10,Батон нарезной (240г.),1.22
2025-03-13,sup5,cat8,Мука (1кг.),1.64
2025-03-13,sup7,cat10,Хлеб светлый (400г.),1.20
2025-03-13,sup5,cat8,Кофе мол. (250г.),39.98
2025-03-13,sup4,cat7,Хек,7.83
2025-03-13,sup4,cat7,Креветки,31.66
2025-03-13,sup6,cat10,Батон нарезной (240г.),1.22
2025-03-13,sup7,cat10,Батон нарезной (240г.),1.22
2025-03-13,sup9,cat1,Банан,8.90
2025-03-13,sup9,cat1,Банан,15.69
2025-03-13,sup2,cat4,Яйцо куриное С1 (15шт.),6.44
2025-03-13,sup1,cat11,Колбаса вареная (400г.),4.98
2025-03-13,sup5,cat12,Вода негаз. (0.5л.),0.99
2025-03-13,sup2,cat4,Яйцо куриное С1 (10шт.),7.62
2025-03-13,sup9,cat1,Банан,5.99
2025-03-13,sup6,cat10,Батон нарезной (240г.),1.22
2025-03-13,sup3,cat3,Сметана (180г.),3.88
2025-03-13,sup2,cat4,Яйцо куриное С1 (15шт.),6.44
2025-03-13,sup1,cat11,Колбаса вареная (400г.),4.98
2025-03-13,sup9,cat2,Огурец,5.21
2025-03-13,sup12,cat12,Coca-Cola (1л.),3.07
2025-03-13,sup4,cat7,Минтай,1.56
2025-03-13,sup4,cat7,Скумбрия,14.95
2025-03-13,sup1,cat11,Салями,20.71
2025-03-13,sup4,cat7,Паста рыбная (150г.),2.95
2025-03-13,sup1,cat11,Колбаса вареная (400г.),4.98
2025-03-13,sup8,cat2,Томат,21.70
2025-03-13,sup7,cat10,Батон нарезной (240г.),1.22
2025-03-13,sup1,cat11,Колбаса вареная (400г.),4.98
2025-03-13,sup2,cat5,Филе куриное,10.21
2025-03-13,sup5,cat9,Печенье овсяное (400г.),4.33
2025-03-13,sup10,cat2,Лук репчатый,1.71
2025-03-13,sup11,cat2,Огурец,6.78
2025-03-13,sup2,cat5,Окорочка куриные,12.89
2025-03-13,sup9,cat1,Банан,15.80
2025-03-13,sup2,cat4,Яйцо куриное С1 (15шт.),6.44
2025-03-13,sup5,cat9,Конфеты шоколадные,26.97
2025-03-14,sup7,cat10,Хлеб светлый (400г.),1.20
2025-03-14,sup3,cat3,Молоко (1л.),2.60
2025-03-14,sup5,cat12,Вода негаз. (0.5л.),0.99
2025-03-14,sup2,cat11,Колбаса вареная (400г.),4.98
2025-03-14,sup10,cat2,Лук репчатый,0.51
2025-03-14,sup5,cat9,Шоколад молочный (90г.),17.97
2025-03-14,sup1,cat11,Колбаски охотничьи (500г.),9.20
2025-03-14,sup5,cat9,Конфеты шоколадные,14.63
2025-03-14,sup10,cat12,Сок яблочный (1л.),5.17
2025-03-14,sup6,cat10,Сушки (500г.),3.99
2025-03-14,sup5,cat12,Вода негаз. (0.5л.),0.99
2025-03-14,sup3,cat3,Молоко (1л.),2.60
2025-03-14,sup5,cat8,Крупа перловая (1кг.),1.44
2025-03-14,sup3,cat3,Кефир (1л.),2.27
2025-03-14,sup5,cat8,Спагетти (400г.),1.76
2025-03-14,sup5,cat9,Карамель,2.40
2025-03-14,sup8,cat2,Лук репчатый,1.84
2025-03-14,sup2,cat6,Фарш,46.89
2025-03-14,sup3,cat3,Масло сливочное (180г.),4.59
2025-03-14,sup6,cat10,Батон нарезной (240г.),1.22
2025-03-14,sup3,cat3,Кефир (1л.),2.27
2025-03-14,sup6,cat10,Батон нарезной (240г.),1.22
2025-03-14,sup3,cat3,Молоко (1л.),2.60
2025-03-14,sup1,cat11,Колбаса вареная (400г.),4.98
2025-03-14,sup7,cat10,Батон нарезной (240г.),1.22
2025-03-14,sup5,cat8,Рис (900г.),3.49
2025-03-14,sup10,cat1,Груша,2.07
2025-03-14,sup1,cat5,Говядина,29.05
2025-03-14,sup12,cat12,Coca-Cola (1л.),3.07
2025-03-14,sup5,cat9,Вафли (143г.),2.76
2025-03-14,sup6,cat10,Батон нарезной (240г.),1.22
2025-03-14,sup5,cat12,Вода негаз. (0.5л.),1.98
2025-03-14,sup2,cat4,Яйцо куриное С1 (10шт.),3.81
2025-03-14,sup7,cat10,Багет (200г.),2.49
2025-03-14,sup3,cat3,Кефир (1л.),2.27
2025-03-14,sup3,cat3,Кефир (1л.),2.27
2025-03-14,sup5,cat8,Мука (2кг.),2.60
2025-03-14,sup5,cat8,Сахар (1кг.),0.73
2025-03-14,sup1,cat11,Сервелат (400г.),8.51
2025-03-14,sup3,cat3,Кефир (1л.),2.27
2025-03-14,sup7,cat10,Сушки (500г.),3.99
2025-03-14,sup3,cat3,Творог (200г.),4.88
2025-03-14,sup2,cat5,Филе куриное,6.10
2025-03-14,sup6,cat10,Хлеб светлый (400г.),1.20
2025-03-14,sup5,cat9,Печенье овсяное (400г.),4.33
2025-03-14,sup2,cat5,Филе куриное,17.88
2025-03-14,sup1,cat5,Говядина,27.80
2025-03-14,sup1,cat11,Сосиски молочные,5.43
2025-03-14,sup5,cat9,Карамель,5.08
2025-03-14,sup12,cat12,Coca-Cola (1л.),3.07
2025-03-14,sup5,cat9,Карамель,5.08
2025-03-14,sup3,cat3,Молоко (1л.),2.60
2025-03-14,sup3,cat3,Сметана (180г.),1.94
2025-03-14,sup5,cat8,Спагетти (400г.),1.76
2025-03-14,sup2,cat5,Филе куриное,17.53
2025-03-14,sup3,cat3,Молоко (1л.),5.20
2025-03-14,sup2,cat4,Яйцо куриное С1 (10шт.),7.62
2025-03-14,sup3,cat3,Молоко (1л.),5.20
2025-03-14,sup8,cat2,Картофель,1.58
2025-03-14,sup1,cat5,Свинина,12.12
2025-03-14,sup5,cat9,Вафли (143г.),5.52
2025-03-14,sup7,cat10,Батон нарезной (240г.),1.22
2025-03-14,sup6,cat10,Булочка с маком (1шт.),1.49
2025-03-14,sup4,cat7,Креветки,16.37
2025-03-14,sup7,cat10,Батон нарезной (240г.),1.22
2025-03-14,sup3,cat3,Молоко (1л.),2.60
2025-03-15,sup2,cat4,Яйцо куриное С1 (15шт.),6.44
2025-03-15,sup3,cat3,Кефир (1л.),4.54
2025-03-15,sup2,cat11,Сосиски молочные,10.31
2025-03-15,sup6,cat10,Плетенка (450г.),4.04
2025-03-15,sup5,cat9,Вафли (143г.),2.76
2025-03-15,sup7,cat10,Хлеб светлый (400г.),1.20
2025-03-15,sup8,cat2,Лук репчатый,0.85
2025-03-15,sup4,cat7,Хек,15.49
2025-03-15,sup8,cat2,Томат,19.15
2025-03-15,sup5,cat9,Зефир (230г.),8.79
2025-03-15,sup5,cat9,Зефир (230г.),8.79
2025-03-15,sup6,cat10,Батон нарезной (240г.),2.44
2025-03-15,sup1,cat11,Сосиски молочные,9.36
2025-03-15,sup6,cat10,Лаваш (300г.),2.89
2025-03-15,sup1,cat6,Котлеты,8.15
2025-03-15,sup9,cat1,Банан,10.88
2025-03-15,sup3,cat3,Молоко (1л.),2.60
2025-03-15,sup3,cat3,Масло сливочное (360г.),9.49
2025-03-15,sup3,cat3,Творог (200г.),4.88
2025-03-15,sup10,cat2,Морковь,1.64
2025-03-15,sup6,cat10,Батон нарезной (240г.),1.22
2025-03-15,sup5,cat8,Масло подсолнечное (0.8л.),8.08
2025-03-15,sup4,cat7,Форель (200г.),36.50
2025-03-15,sup5,cat8,Пшено (900г.),2.35
2025-03-15,sup8,cat2,Томат,8.86
2025-03-15,sup8,cat2,Огурец,3.01
2025-03-15,sup2,cat4,Яйцо куриное С1 (10шт.),3.81
2025-03-15,sup1,cat5,Свинина,36.01
2025-03-15,sup10,cat2,Лук репчатый,1.63
2025-03-15,sup5,cat8,Крупа перловая (1кг.),2.88
2025-03-15,sup2,cat4,Яйцо куриное С1 (15шт.),6.44
2025-03-15,sup6,cat10,Батон нарезной (240г.),1.22
2025-03-15,sup10,cat2,Картофель,2.38
2025-03-15,sup9,cat1,Банан,13.08
2025-03-15,sup10,cat1,Яблоко,15.64
2025-03-15,sup7,cat10,Батон нарезной (240г.),1.22
2025-03-15,sup3,cat3,Кефир (1л.),2.27
2025-03-15,sup1,cat11,Колбаса вареная (400г.),4.98
2025-03-15,sup3,cat3,Сметана (380г.),3.71
2025-03-15,sup5,cat9,Зефир (230г.),8.79
2025-03-15,sup5,cat8,Макароны (900г.),1.49
2025-03-15,sup1,cat6,Котлеты,13.71
2025-03-15,sup1,cat11,Сосиски молочные,10.10
2025-03-15,sup2,cat4,Яйцо перепелиное (20шт.),4.65
2025-03-15,sup8,cat2,Лук репчатый,0.39
2025-03-15,sup3,cat3,Молоко (1л.),5.20
2025-03-15,sup6,cat10,Хлеб светлый (400г.),1.20
2025-03-15,sup2,cat5,Окорочка куриные,8.57
2025-03-15,sup3,cat3,Сметана (180г.),1.94
2025-03-15,sup5,cat8,Рис (900г.),6.98
2025-03-15,sup8,cat2,Капуста,3.01
2025-03-15,sup3,cat3,Кефир (1л.),2.27
2025-03-15,sup2,cat5,Окорочка куриные,6.17
2025-03-15,sup5,cat12,Вода негаз. (0.5л.),1.98
2025-03-15,sup1,cat11,Сосиски молочные,4.62
2025-03-15,sup8,cat2,Морковь,2.07
2025-03-15,sup5,cat8,Крупа гречневая (700г.),2.07
2025-03-15,sup3,cat3,Кефир (1л.),2.27
2025-03-15,sup5,cat8,Мука (2кг.),2.60
2025-03-15,sup10,cat2,Свекла,0.31
2025-03-15,sup5,cat9,Карамель,4.46
2025-03-15,sup3,cat3,Кефир (1л.),2.27
2025-03-15,sup5,cat12,Квас светлый (1л.),2.65
2025-03-15,sup1,cat11,Сосиски молочные,7.56
2025-03-16,sup1,cat6,Фарш,20.29
2025-03-16,sup3,cat3,Молоко (1л.),2.60
2025-03-16,sup1,cat6,Колбаски,36.10
2025-03-16,sup2,cat6,Печень куриная (550г.),5.50
2025-03-16,sup10,cat2,Картофель,4.51
2025-03-16,sup2,cat6,Печень куриная (550г.),5.50
2025-03-16,sup7,cat10,Хлеб светлый (400г.),1.20
2025-03-16,sup5,cat12,Вода негаз. (0.5л.),0.99
2025-03-16,sup2,cat6,Желудки куриные (550г.),4.98
2025-03-16,sup2,cat6,Фарш,33.97
2025-03-16,sup2,cat4,Яйцо перепелиное (10шт.),2.95
2025-03-16,sup9,cat2,Томат,6.89
2025-03-16,sup3,cat3,Сметана (180г.),1.94
2025-03-16,sup3,cat3,Масло сливочное (180г.),4.59
2025-03-16,sup8,cat2,Томат,21.08
2025-03-16,sup11,cat2,Томат,20.92
2025-03-16,sup7,cat10,Сушки (500г.),3.99
2025-03-16,sup12,cat12,Coca-Cola (1л.),3.07
2025-03-16,sup8,cat2,Капуста,2.57
2025-03-16,sup4,cat7,Паста рыбная (150г.),2.95
2025-03-16,sup5,cat9,Печенье овсяное (400г.),4.33
2025-03-16,sup10,cat2,Картофель,2.05
2025-03-16,sup3,cat3,Кефир (1л.),2.27
2025-03-16,sup5,cat12,Лимонад (2л.),5.35
2025-03-16,sup5,cat12,Чай холодный (0.5л.),3.59
2025-03-16,sup3,cat3,Кефир (1л.),2.27
2025-03-16,sup3,cat3,Сметана (180г.),3.88
2025-03-16,sup1,cat6,Фарш,33.28
2025-03-16,sup1,cat11,Сосиски молочные,6.02
2025-03-16,sup12,cat12,Вода негаз. (0.5л.),0.99
2025-03-16,sup5,cat9,Карамель,2.50
2025-03-16,sup2,cat5,Окорочка куриные,7.74
2025-03-16,sup5,cat8,Сахар (1кг.),0.73
2025-03-16,sup2,cat11,Ветчина,11.66
2025-03-16,sup5,cat12,Вода негаз. (0.5л.),0.99
2025-03-16,sup5,cat9,Печенье овсяное (400г.),4.33
2025-03-16,sup1,cat5,Говядина,29.72
2025-03-16,sup8,cat2,Огурец,2.70
2025-03-16,sup2,cat4,Яйцо куриное С1 (10шт.),7.62
2025-03-16,sup1,cat11,Сервелат (400г.),17.02
2025-03-16,sup8,cat2,Картофель,4.42
2025-03-16,sup2,cat5,Филе куриное,8.53
2025-03-16,sup5,cat12,Вода негаз. (0.5л.),0.99
2025-03-16,sup1,cat11,Сосиски молочные,12.07
2025-03-16,sup10,cat2,Картофель,5.23
2025-03-16,sup1,cat11,Колбаса вареная (400г.),4.98
2025-03-16,sup6,cat10,Хлеб светлый (400г.),1.20
2025-03-16,sup2,cat6,Фарш,26.70
2025-03-16,sup2,cat11,Колбаса вареная (400г.),4.98
2025-03-16,sup1,cat5,Свинина,43.49
2025-03-16,sup3,cat3,Сыр российский,2.44
2025-03-16,sup6,cat10,Батон нарезной (240г.),1.22
2025-03-16,sup2,cat6,Котлеты,10.49
2025-03-16,sup7,cat10,Батон нарезной (240г.),1.22
2025-03-17,sup2,cat4,Яйцо куриное С1 (10шт.),7.62
2025-03-17,sup6,cat10,Лаваш (300г.),2.89
2025-03-17,sup5,cat8,Кофе мол. (250г.),19.99
2025-03-17,sup5,cat12,Сок апельсиновый (1л.),7.20
2025-03-17,sup3,cat3,Сыр сливочный (200г.),5.41
2025-03-17,sup1,cat11,Колбаса вареная (400г.),4.98
2025-03-17,sup2,cat6,Желудки куриные (550г.),4.98
2025-03-17,sup1,cat11,Бекон (220г),9.99
2025-03-17,sup1,cat11,Сосиски молочные,4.70
2025-03-17,sup5,cat12,Вода мин. газ. (1л.),1.59
2025-03-17,sup1,cat11,Сосиски молочные,4.48
2025-03-17,sup4,cat7,Кальмар,30.39
2025-03-17,sup3,cat3,Кефир (1л.),2.27
2025-03-17,sup2,cat4,Яйцо куриное Д1 (10шт.),4.98
2025-03-17,sup2,cat4,Яйцо куриное С1 (10шт.),3.81
2025-03-17,sup6,cat10,Хлеб ржаной (450г.),1.50
2025-03-17,sup5,cat12,Вода негаз. (0.5л.),0.99
2025-03-17,sup2,cat4,Яйцо перепелиное (10шт.),2.95
2025-03-17,sup5,cat8,Рис (900г.),6.98
2025-03-17,sup5,cat8,Спагетти (400г.),1.76
2025-03-17,sup3,cat3,Масло сливочное (360г.),9.49
2025-03-17,sup5,cat9,Конфеты шоколадные,26.60
2025-03-17,sup5,cat8,Кофе мол. (250г.),19.99
2025-03-17,sup5,cat8,Макароны (900г.),1.49
2025-03-17,sup5,cat9,Карамель,5.34
2025-03-17,sup2,cat11,Сосиски молочные,6.58
2025-03-17,sup2,cat6,Котлеты,6.56
2025-03-17,sup3,cat3,Кефир (1л.),2.27
2025-03-17,sup9,cat2,Томат,6.33
2025-03-17,sup6,cat10,Батон нарезной (240г.),1.22
2025-03-17,sup8,cat2,Картофель,2.44
2025-03-17,sup5,cat8,Мука (1кг.),1.64
2025-03-17,sup5,cat8,Рис (900г.),3.49
2025-03-17,sup9,cat2,Огурец,4.29
2025-03-17,sup8,cat2,Морковь,2.32
2025-03-17,sup5,cat8,Пшено (900г.),2.35
2025-03-17,sup1,cat11,Колбаса вареная (400г.),4.98
2025-03-17,sup5,cat9,Печенье овсяное (400г.),4.33
2025-03-17,sup12,cat12,Вода негаз. (0.5л.),1.98
2025-03-17,sup5,cat8,Кофе мол. (250г.),39.98
2025-03-17,sup2,cat4,Яйцо куриное С1 (15шт.),6.44
2025-03-17,sup8,cat2,Лук репчатый,1.73
2025-03-17,sup6,cat10,Батон нарезной (240г.),2.44
2025-03-17,sup1,cat11,Ветчина,11.61
2025-03-17,sup2,cat4,Яйцо куриное С1 (15шт.),6.44
2025-03-17,sup4,cat7,Сельдь (250г.),5.99
2025-03-17,sup3,cat3,Творог (200г.),2.44
2025-03-17,sup10,cat2,Картофель,3.37
2025-03-17,sup3,cat3,Творог (200г.),4.88
2025-03-17,sup1,cat6,Фарш,37.71
2025-03-17,sup7,cat10,Хлеб светлый (400г.),1.20
2025-03-17,sup5,cat9,Печенье овсяное (400г.),4.33
2025-03-18,sup1,cat5,Говядина,37.95
2025-03-18,sup6,cat10,Батон нарезной (240г.),1.22
2025-03-18,sup2,cat4,Яйцо куриное С1 (10шт.),3.81
2025-03-18,sup5,cat9,Конфеты шоколадные,12.31
2025-03-18,sup2,cat11,Ветчина,13.16
2025-03-18,sup3,cat3,Сметана (180г.),1.94
2025-03-18,sup3,cat3,Кефир (1л.),2.27
2025-03-18,sup3,cat3,Масло сливочное (180г.),4.59
2025-03-18,sup2,cat6,Фарш,24.47
2025-03-18,sup5,cat8,Кофе мол. (250г.),19.99
2025-03-18,sup5,cat12,Квас светлый (1л.),2.65
2025-03-18,sup5,cat8,Спагетти (400г.),3.52
2025-03-18,sup2,cat4,Яйцо куриное С1 (10шт.),3.81
2025-03-18,sup12,cat12,Coca-Cola (1л.),6.14
2025-03-18,sup6,cat10,Плетенка (450г.),4.04
2025-03-18,sup9,cat2,Томат,17.37
2025-03-18,sup8,cat2,Лук репчатый,1.47
2025-03-18,sup3,cat3,Молоко (1л.),2.60
2025-03-18,sup3,cat3,Молоко (1л.),2.60
2025-03-18,sup3,cat3,Сметана (380г.),3.71
2025-03-18,sup7,cat10,Батон нарезной (240г.),1.22
2025-03-18,sup2,cat5,Окорочка куриные,11.79
2025-03-18,sup1,cat11,Сервелат (400г.),17.02
2025-03-18,sup8,cat2,Картофель,0.25
2025-03-18,sup2,cat6,Колбаски,20.69
2025-03-18,sup4,cat7,Сельдь (250г.),5.99
2025-03-18,sup10,cat2,Лук репчатый,1.88
2025-03-18,sup12,cat12,Coca-Cola (1л.),3.07
2025-03-18,sup1,cat11,Ветчина,12.17
2025-03-18,sup5,cat9,Печенье овсяное (400г.),4.33
2025-03-18,sup3,cat3,Молоко (1л.),2.60
2025-03-18,sup10,cat2,Лук репчатый,1.43
2025-03-18,sup8,cat2,Огурец,6.25
2025-03-18,sup3,cat3,Творог (200г.),2.44
2025-03-18,sup4,cat7,Хек,8.60
2025-03-18,sup6,cat10,Лаваш (300г.),2.89
2025-03-18,sup6,cat10,Батон нарезной (240г.),1.22
2025-03-18,sup5,cat12,Сок апельсиновый (1л.),7.20
2025-03-18,sup1,cat11,Бекон (220г),9.99
2025-03-18,sup7,cat10,Хлеб светлый (400г.),1.20
2025-03-18,sup9,cat1,Банан,15.39
2025-03-18,sup5,cat9,Карамель,3.91
2025-03-18,sup5,cat12,Вода мин. газ. (1л.),1.59
2025-03-18,sup4,cat7,Форель (200г.),36.50
2025-03-18,sup2,cat4,Яйцо перепелиное (20шт.),4.65
2025-03-18,sup3,cat3,Кефир (1л.),2.27
2025-03-18,sup2,cat4,Яйцо куриное С1 (10шт.),3.81
2025-03-18,sup10,cat2,Картофель,5.57
2025-03-18,sup1,cat11,Сервелат (400г.),8.51
2025-03-18,sup2,cat4,Яйцо перепелиное (10шт.),2.95
2025-03-18,sup8,cat2,Капуста,2.98
2025-03-18,sup4,cat7,Сельдь (250г.),11.98
2025-03-18,sup5,cat9,Зефир (230г.),8.79
2025-03-19,sup2,cat4,Яйцо куриное С1 (15шт.),6.44
2025-03-19,sup1,cat11,Салями,21.82
2025-03-19,sup8,cat1,Груша,3.68
2025-03-19,sup2,cat11,Колбаса вареная (400г.),4.98
2025-03-19,sup9,cat1,Яблоко,18.81
2025-03-19,sup8,cat2,Свекла,0.28
2025-03-19,sup1,cat11,Колбаса вареная (400г.),4.98
2025-03-19,sup12,cat12,Coca-Cola (1л.),6.14
2025-03-19,sup2,cat4,Яйцо куриное С1 (15шт.),6.44
2025-03-19,sup2,cat6,Голубцы,28.98
2025-03-19,sup1,cat5,Говядина,40.73
2025-03-19,sup10,cat2,Лук репчатый,1.43
2025-03-19,sup10,cat1,Яблоко,11.86
2025-03-19,sup5,cat9,Вафли (143г.),5.52
2025-03-19,sup8,cat1,Яблоко,16.13
2025-03-19,sup6,cat10,Батон нарезной (240г.),2.44
2025-03-19,sup1,cat6,Фарш,47.63
2025-03-19,sup2,cat11,Сосиски молочные,9.44
2025-03-19,sup1,cat5,Говядина,33.90
2025-03-19,sup6,cat10,Булочка с маком (1шт.),1.49
2025-03-19,sup9,cat1,Банан,3.20
2025-03-19,sup12,cat12,Вода негаз. (0.5л.),1.98
2025-03-19,sup3,cat3,Молоко (1л.),2.60
2025-03-19,sup1,cat11,Сосиски молочные,5.73
2025-03-19,sup8,cat1,Груша,3.15
2025-03-19,sup3,cat3,Кефир (1л.),2.27
2025-03-19,sup8,cat2,Томат,6.49
2025-03-19,sup5,cat12,Вода негаз. (0.5л.),0.99
2025-03-19,sup6,cat10,Сушки (500г.),3.99
2025-03-19,sup5,cat8,Сахар (1кг.),0.73
2025-03-19,sup5,cat8,Пшено (900г.),2.35
2025-03-19,sup8,cat2,Томат,2.04
2025-03-19,sup3,cat3,Молоко (1л.),2.60
2025-03-19,sup7,cat10,Сушки (500г.),3.99
2025-03-19,sup10,cat2,Лук репчатый,0.21
2025-03-19,sup2,cat4,Яйцо куриное С1 (10шт.),7.62
2025-03-19,sup3,cat3,Масло сливочное (180г.),4.59
2025-03-19,sup3,cat3,Кефир (1л.),2.27
2025-03-19,sup5,cat9,Шоколад молочный (90г.),5.99
2025-03-19,sup10,cat2,Картофель,3.94
2025-03-19,sup8,cat2,Томат,6.22
2025-03-19,sup5,cat12,Сок апельсиновый (1л.),7.20
2025-03-19,sup2,cat5,Окорочка куриные,3.52
2025-03-19,sup5,cat9,Конфеты шоколадные,31.34
2025-03-19,sup5,cat12,Сок апельсиновый (1л.),7.20
2025-03-19,sup1,cat6,Котлеты,20.87
2025-03-19,sup2,cat4,Яйцо куриное С1 (10шт.),3.81
2025-03-19,sup2,cat6,Желудки куриные (550г.),4.98
2025-03-19,sup5,cat8,Кофе мол. (250г.),19.99
2025-03-19,sup1,cat11,Сервелат (400г.),8.51
2025-03-19,sup1,cat6,Фарш,11.75
2025-03-19,sup6,cat10,Батон нарезной (240г.),2.44
2025-03-19,sup6,cat10,Булочка с маком (1шт.),1.49
2025-03-20,sup6,cat10,Хлеб светлый (400г.),1.20
2025-03-20,sup8,cat2,Лук репчатый,0.80
2025-03-20,sup5,cat9,Шоколад молочный (90г.),11.98
2025-03-20,sup3,cat3,Молоко (1л.),2.60
2025-03-20,sup1,cat11,Колбаса вареная (400г.),4.98
2025-03-20,sup8,cat2,Томат,4.87
2025-03-20,sup2,cat5,Окорочка куриные,10.95
2025-03-20,sup8,cat2,Томат,16.35
2025-03-20,sup6,cat10,Хлеб светлый (400г.),1.20
2025-03-20,sup2,cat5,Филе куриное,18.46
2025-03-20,sup3,cat3,Молоко (1л.),2.60
2025-03-20,sup10,cat2,Картофель,1.49
2025-03-20,sup6,cat10,Хлеб ржаной (450г.),1.50
2025-03-20,sup7,cat10,Батон нарезной (240г.),1.22
2025-03-20,sup8,cat2,Капуста,4.49
2025-03-20,sup10,cat2,Картофель,2.57
2025-03-20,sup6,cat10,Лаваш (300г.),2.89
2025-03-20,sup10,cat2,Лук репчатый,0.89
2025-03-20,sup6,cat10,Батон нарезной (240г.),1.22
2025-03-20,sup8,cat2,Морковь,2.06
2025-03-20,sup6,cat10,Хлеб ржаной (450г.),1.50
2025-03-20,sup3,cat3,Сметана (380г.),3.71
2025-03-20,sup8,cat2,Огурец,7.94
2025-03-20,sup12,cat12,Вода негаз. (0.5л.),0.99
2025-03-20,sup1,cat11,Колбаски охотничьи (500г.),18.40
2025-03-20,sup6,cat10,Хлеб ржаной (450г.),1.50
2025-03-20,sup5,cat8,Спагетти (400г.),1.76
2025-03-20,sup5,cat8,Мука (1кг.),1.64
2025-03-20,sup1,cat11,Сосиски молочные,9.20
2025-03-20,sup4,cat7,Креветки,40.64
2025-03-20,sup10,cat1,Яблоко,13.31
2025-03-20,sup7,cat10,Батон нарезной (240г.),1.22
2025-03-20,sup3,cat3,Кефир (1л.),2.27
2025-03-20,sup2,cat11,Колбаса вареная (400г.),4.98
2025-03-20,sup5,cat9,Мармелад,5.60
2025-03-20,sup3,cat3,Кефир (1л.),2.27
2025-03-20,sup3,cat3,Масло сливочное (180г.),4.59
2025-03-20,sup3,cat3,Сметана (180г.),3.88
2025-03-20,sup8,cat2,Морковь,1.69
2025-03-20,sup5,cat12,Сок апельсиновый (1л.),7.20
2025-03-20,sup5,cat8,Кофе мол. (250г.),19.99
2025-03-20,sup1,cat11,Сервелат (400г.),8.51
2025-03-20,sup8,cat2,Томат,12.36
2025-03-20,sup4,cat7,Сельдь (250г.),11.98
2025-03-20,sup1,cat5,Говядина,11.59
2025-03-20,sup2,cat6,Фарш,35.23
2025-03-20,sup3,cat3,Молоко (1л.),2.60
2025-03-20,sup10,cat2,Картофель,4.45
2025-03-20,sup10,cat1,Яблоко,5.53
2025-03-20,sup5,cat9,Конфеты шоколадные,17.90
2025-03-20,sup11,cat2,Огурец,5.04
2025-03-20,sup1,cat6,Голубцы,23.57
2025-03-21,sup5,cat12,Сок апельсиновый (1л.),7.20
2025-03-21,sup5,cat8,Соль (1кг.),0.73
2025-03-21,sup9,cat1,Груша,5.60
2025-03-21,sup1,cat11,Колбаски охотничьи (500г.),9.20
2025-03-21,sup12,cat12,Coca-Cola (1л.),3.07
2025-03-21,sup11,cat2,Огурец,4.14
2025-03-21,sup5,cat12,Сок апельсиновый (1л.),7.20
2025-03-21,sup5,cat8,Рис (900г.),3.49
2025-03-21,sup4,cat7,Паста рыбная (150г.),2.95
2025-03-21,sup5,cat8,Мука (1кг.),1.64
2025-03-21,sup5,cat12,Вода негаз. (0.5л.),0.99
2025-03-21,sup10,cat2,Морковь,0.53
2025-03-21,sup3,cat3,Молоко (1л.),2.60
2025-03-21,sup3,cat3,Молоко (1л.),5.20
2025-03-21,sup3,cat3,Творог (200г.),4.88
2025-03-21,sup3,cat3,Творог (200г.),2.44
2025-03-21,sup2,cat11,Колбаса вареная (400г.),4.98
2025-03-21,sup5,cat12,Вода негаз. (0.5л.),1.98
2025-03-21,sup8,cat2,Капуста,3.37
2025-03-21,sup7,cat10,Батон нарезной (240г.),1.22
2025-03-21,sup4,cat7,Кальмар,28.02
2025-03-21,sup7,cat10,Хлеб ржаной (450г.),1.50
2025-03-21,sup6,cat10,Батон нарезной (240г.),1.22
2025-03-21,sup5,cat8,Чай пак. (25шт.),3.80
2025-03-21,sup3,cat3,Творог (200г.),4.88
2025-03-21,sup6,cat10,Лаваш (300г.),2.89
2025-03-21,sup11,cat2,Огурец,3.26
2025-03-21,sup1,cat6,Фарш,29.34
2025-03-21,sup12,cat12,Вода негаз. (0.5л.),0.99
2025-03-21,sup4,cat7,Минтай,1.58
2025-03-21,sup7,cat10,Хлеб светлый (400г.),1.20
2025-03-21,sup10,cat2,Картофель,4.42
2025-03-21,sup5,cat8,Макароны (900г.),2.98
2025-03-21,sup7,cat10,Хлеб светлый (400г.),1.20
2025-03-21,sup1,cat5,Говядина,39.82
2025-03-21,sup5,cat8,Спагетти (400г.),1.76
2025-03-21,sup6,cat10,Булочка с маком (1шт.),4.47
2025-03-21,sup5,cat8,Крупа манная (1кг.),2.02
2025-03-21,sup1,cat11,Сосиски молочные,4.28
2025-03-21,sup10,cat2,Лук репчатый,1.11
2025-03-21,sup1,cat6,Голубцы,22.98
2025-03-21,sup5,cat9,Конфеты шоколадные,6.01
2025-03-21,sup8,cat2,Томат,12.58
2025-03-21,sup1,cat11,Колбаса вареная (400г.),4.98
2025-03-21,sup6,cat10,Хлеб ржаной (450г.),1.50
2025-03-21,sup10,cat2,Картофель,2.88
2025-03-21,sup8,cat2,Морковь,2.58
2025-03-21,sup10,cat2,Морковь,1.22
2025-03-21,sup6,cat10,Хлеб светлый (400г.),1.20
2025-03-21,sup1,cat6,Шашлык,43.50
2025-03-21,sup11,cat2,Томат,11.97
2025-03-21,sup9,cat1,Банан,4.02
2025-03-21,sup1,cat6,Шашлык,44.01
2025-03-21,sup4,cat7,Форель (200г.),18.25
2025-03-21,sup6,cat10,Багет (200г.),2.49
2025-03-21,sup2,cat4,Яйцо куриное С1 (10шт.),3.81
2025-03-21,sup1,cat6,Фарш,29.56
2025-03-21,sup9,cat2,Томат,18.70
2025-03-21,sup1,cat6,Котлеты,14.77
2025-03-21,sup10,cat2,Лук репчатый,1.64
2025-03-21,sup9,cat1,Банан,12.10
2025-03-21,sup6,cat10,Плетенка (450г.),4.04
2025-03-21,sup6,cat10,Батон нарезной (240г.),1.22
2025-03-21,sup7,cat10,Батон нарезной (240г.),1.22
2025-03-21,sup3,cat3,Творог (200г.),7.32
2025-03-21,sup4,cat7,Креветки,22.18
2025-03-22,sup1,cat5,Свинина,18.31
2025-03-22,sup5,cat8,Крупа гречневая (700г.),2.07
2025-03-22,sup5,cat8,Кофе мол. (250г.),19.99
2025-03-22,sup8,cat2,Лук репчатый,0.99
2025-03-22,sup1,cat5,Свинина,32.15
2025-03-22,sup6,cat10,Багет (200г.),2.49
2025-03-22,sup5,cat8,Крупа гречневая (700г.),2.07
2025-03-22,sup4,cat7,Хек,3.66
2025-03-22,sup1,cat5,Свинина,18.27
2025-03-22,sup2,cat6,Печень куриная (550г.),11.00
2025-03-22,sup6,cat10,Булочка с маком (1шт.),1.49
2025-03-22,sup5,cat12,Квас светлый (1л.),2.65
2025-03-22,sup2,cat4,Яйцо куриное С1 (10шт.),7.62
2025-03-22,sup1,cat6,Котлеты,9.57
2025-03-22,sup8,cat2,Лук репчатый,0.19
2025-03-22,sup10,cat2,Картофель,5.59
2025-03-22,sup8,cat2,Огурец,7.61
2025-03-22,sup5,cat12,Вода негаз. (0.5л.),0.99
2025-03-22,sup2,cat4,Яйцо куриное С1 (15шт.),6.44
2025-03-22,sup3,cat3,Кефир (1л.),2.27
2025-03-22,sup2,cat4,Яйцо куриное Д1 (10шт.),4.98
2025-03-22,sup7,cat10,Батон нарезной (240г.),1.22
2025-03-22,sup9,cat1,Банан,6.90
2025-03-22,sup1,cat11,Сосиски молочные,9.66
2025-03-22,sup6,cat10,Батон нарезной (240г.),2.44
2025-03-22,sup6,cat10,Батон нарезной (240г.),1.22
2025-03-22,sup2,cat5,Филе куриное,2.82
2025-03-22,sup3,cat3,Молоко (1л.),5.20
2025-03-22,sup2,cat6,Котлеты,22.67
2025-03-22,sup4,cat7,Хек,16.29
2025-03-22,sup6,cat10,Лаваш (300г.),2.89
2025-03-22,sup1,cat6,Фарш,47.93
2025-03-22,sup10,cat2,Картофель,0.90
2025-03-22,sup8,cat2,Огурец,3.77
2025-03-22,sup5,cat8,Сахар (1кг.),1.46
2025-03-22,sup2,cat6,Фарш,20.58
2025-03-22,sup3,cat3,Творог (200г.),2.44
2025-03-22,sup6,cat10,Булочка с маком (1шт.),1.49
2025-03-22,sup1,cat11,Колбаски охотничьи (500г.),9.20
2025-03-22,sup5,cat8,Спагетти (400г.),1.76
2025-03-22,sup9,cat1,Банан,13.29
2025-03-22,sup10,cat2,Картофель,4.46
2025-03-22,sup8,cat2,Огурец,5.01
2025-03-22,sup2,cat4,Яйцо куриное С1 (15шт.),6.44
2025-03-22,sup5,cat9,Печенье овсяное (400г.),4.33
2025-03-22,sup8,cat1,Груша,2.63
2025-03-22,sup5,cat12,Вода негаз. (0.5л.),1.98
2025-03-22,sup5,cat8,Масло подсолнечное (0.8л.),2.02
2025-03-22,sup5,cat9,Конфеты шоколадные,10.13
2025-03-22,sup9,cat2,Томат,19.14
2025-03-22,sup3,cat3,Сыр российский,6.08
2025-03-22,sup8,cat2,Огурец,2.28
2025-03-22,sup4,cat7,Форель (200г.),18.25
2025-03-22,sup5,cat8,Рис (900г.),3.49
2025-03-22,sup2,cat4,Яйцо куриное С1 (15шт.),6.44
2025-03-22,sup7,cat10,Батон нарезной (240г.),1.22
2025-03-22,sup3,cat3,Молоко (1л.),2.60
2025-03-22,sup3,cat3,Творог (200г.),2.44
2025-03-22,sup8,cat2,Картофель,1.37
2025-03-22,sup1,cat5,Говядина,20.97
2025-03-22,sup2,cat4,Яйцо куриное С1 (10шт.),3.81
2025-03-22,sup9,cat2,Огурец,1.17
2025-03-22,sup6,cat10,Лаваш (300г.),2.89
2025-03-22,sup3,cat3,Сметана (380г.),3.71
2025-03-22,sup2,cat6,Печень куриная (550г.),5.50
2025-03-22,sup1,cat5,Говядина,40.20
2025-03-22,sup3,cat3,Сыр голландский (200г.),5.02
2025-03-22,sup3,cat3,Творог (200г.),4.88
2025-03-23,sup8,cat2,Морковь,0.29
2025-03-23,sup3,cat3,Сметана (180г.),1.94
2025-03-23,sup8,cat1,Груша,10.18
2025-03-23,sup5,cat12,Сок яблочный (1л.),5.17
2025-03-23,sup10,cat2,Лук репчатый,0.78
2025-03-23,sup9,cat1,Банан,3.08
2025-03-23,sup10,cat2,Морковь,1.94
2025-03-23,sup12,cat12,Coca-Cola (1л.),6.14
2025-03-23,sup5,cat8,Крупа гречневая (700г.),2.07
2025-03-23,sup7,cat10,Батон нарезной (240г.),1.22
2025-03-23,sup10,cat2,Картофель,3.41
2025-03-23,sup5,cat8,Рис (900г.),3.49
2025-03-23,sup5,cat9,Конфеты шоколадные,12.58
2025-03-23,sup6,cat10,Батон нарезной (240г.),1.22
2025-03-23,sup7,cat10,Хлеб светлый (400г.),1.20
2025-03-23,sup8,cat2,Томат,21.00
2025-03-23,sup8,cat2,Томат,18.71
2025-03-23,sup8,cat2,Томат,9.50
2025-03-23,sup7,cat10,Батон нарезной (240г.),1.22
2025-03-23,sup5,cat9,Печенье овсяное (400г.),4.33
2025-03-23,sup9,cat2,Томат,13.45
2025-03-23,sup5,cat8,Крупа гречневая (700г.),2.07
2025-03-23,sup5,cat8,Рис (900г.),3.49
2025-03-23,sup5,cat12,Вода негаз. (0.5л.),0.99
2025-03-23,sup10,cat2,Лук репчатый,1.19
2025-03-23,sup5,cat9,Печенье овсяное (400г.),4.33
2025-03-23,sup3,cat3,Молоко (1л.),2.60
2025-03-23,sup6,cat10,Батон нарезной (240г.),1.22
2025-03-23,sup8,cat2,Томат,21.98
2025-03-23,sup1,cat6,Фарш,46.12
2025-03-23,sup2,cat4,Яйцо перепелиное (10шт.),2.95
2025-03-23,sup3,cat3,Кефир (1л.),2.27
2025-03-23,sup5,cat9,Конфеты шоколадные,30.77
2025-03-23,sup3,cat3,Молоко (1л.),2.60
2025-03-23,sup3,cat3,Сыр голландский (200г.),5.02
2025-03-23,sup1,cat11,Колбаса вареная (400г.),4.98
2025-03-23,sup1,cat6,Голубцы,11.69
2025-03-23,sup10,cat2,Лук репчатый,0.71
2025-03-23,sup2,cat4,Яйцо куриное С1 (10шт.),3.81
2025-03-23,sup10,cat2,Картофель,2.20
2025-03-23,sup1,cat5,Говядина,22.07
2025-03-23,sup8,cat2,Картофель,5.01
2025-03-23,sup2,cat6,Фарш,38.21
2025-03-23,sup3,cat3,Кефир (1л.),2.27
2025-03-23,sup5,cat12,Лимонад (2л.),5.35
2025-03-23,sup9,cat1,Банан,7.94
2025-03-23,sup2,cat11,Сосиски молочные,9.40
2025-03-23,sup5,cat8,Кофе раств. (95г.),14.99
2025-03-23,sup8,cat2,Томат,13.37
2025-03-23,sup4,cat7,Хек,4.70
2025-03-23,sup5,cat12,Вода негаз. (0.5л.),0.99
2025-03-23,sup5,cat8,Кофе мол. (250г.),19.99
2025-03-23,sup6,cat10,Хлеб светлый (400г.),1.20
2025-03-23,sup5,cat9,Карамель,1.08
2025-03-23,sup1,cat5,Говядина,9.59
2025-03-23,sup1,cat6,Голубцы,32.61
2025-03-23,sup1,cat11,Сосиски молочные,10.46
2025-03-24,sup1,cat11,Колбаса вареная (400г.),4.98
2025-03-24,sup3,cat3,Кефир (1л.),2.27
2025-03-24,sup10,cat2,Картофель,1.55
2025-03-24,sup4,cat7,Кальмар,38.78
2025-03-24,sup1,cat5,Говядина,33.28
2025-03-24,sup2,cat4,Яйцо куриное С1 (10шт.),3.81
2025-03-24,sup2,cat4,Яйцо куриное С1 (15шт.),6.44
2025-03-24,sup3,cat3,Масло сливочное (180г.),4.59
2025-03-24,sup5,cat12,Вода негаз. (0.5л.),0.99
2025-03-24,sup10,cat12,Сок яблочный (1л.),5.17
2025-03-24,sup5,cat9,Шоколад молочный (90г.),5.99
2025-03-24,sup8,cat2,Огурец,6.61
2025-03-24,sup5,cat9,Печенье овсяное (400г.),4.33
2025-03-24,sup5,cat8,Чай пак. (25шт.),3.80
2025-03-24,sup9,cat1,Банан,15.65
2025-03-24,sup1,cat6,Колбаски,39.59
2025-03-24,sup8,cat2,Свекла,0.30
2025-03-24,sup3,cat3,Сметана (180г.),3.88
2025-03-24,sup3,cat3,Творог (200г.),2.44
2025-03-24,sup7,cat10,Батон нарезной (240г.),1.22
2025-03-24,sup5,cat12,Лимонад (2л.),5.35
2025-03-24,sup8,cat2,Огурец,7.35
2025-03-24,sup7,cat10,Батон нарезной (240г.),1.22
2025-03-24,sup3,cat3,Кефир (1л.),2.27
2025-03-24,sup6,cat10,Багет (200г.),2.49
2025-03-24,sup3,cat3,Масло сливочное (180г.),4.59
2025-03-24,sup5,cat8,Чай пак. (25шт.),3.80
2025-03-24,sup5,cat8,Крупа манная (1кг.),2.02
2025-03-24,sup10,cat1,Груша,16.50
2025-03-24,sup3,cat3,Сыр российский,17.64
2025-03-24,sup7,cat10,Батон нарезной (240г.),1.22
2025-03-24,sup8,cat2,Картофель,0.63
2025-03-24,sup4,cat7,Сельдь (250г.),5.99
2025-03-24,sup2,cat4,Яйцо перепелиное (10шт.),2.95
2025-03-24,sup10,cat12,Сок яблочный (1л.),10.34
2025-03-24,sup6,cat10,Батон нарезной (240г.),1.22
2025-03-24,sup2,cat4,Яйцо куриное Д1 (10шт.),4.98
2025-03-24,sup6,cat10,Булочка с маком (1шт.),1.49
2025-03-24,sup7,cat10,Батон нарезной (240г.),2.44
2025-03-24,sup5,cat9,Шоколад молочный (90г.),5.99
2025-03-24,sup5,cat9,Печенье овсяное (400г.),4.33
2025-03-24,sup2,cat4,Яйцо куриное С1 (15шт.),6.44
2025-03-24,sup12,cat12,Coca-Cola (1л.),3.07
2025-03-24,sup6,cat10,Булочка с маком (1шт.),2.98
2025-03-24,sup5,cat9,Карамель,5.07
2025-03-24,sup9,cat2,Огурец,5.80
2025-03-24,sup3,cat3,Кефир (1л.),2.27
2025-03-24,sup3,cat3,Творог (200г.),4.88
2025-03-24,sup6,cat10,Булочка с маком (1шт.),2.98
2025-03-25,sup5,cat9,Конфеты шоколадные,4.72
2025-03-25,sup3,cat3,Кефир (1л.),2.27
2025-03-25,sup8,cat2,Огурец,6.34
2025-03-25,sup10,cat2,Лук репчатый,0.30
2025-03-25,sup2,cat4,Яйцо перепелиное (10шт.),2.95
2025-03-25,sup1,cat11,Сосиски молочные,8.86
2025-03-25,sup3,cat3,Кефир (1л.),2.27
2025-03-25,sup8,cat2,Лук репчатый,1.69
2025-03-25,sup2,cat4,Яйцо куриное С1 (15шт.),6.44
2025-03-25,sup6,cat10,Булочка с маком (1шт.),2.98
2025-03-25,sup5,cat9,Карамель,4.06
2025-03-25,sup5,cat9,Шоколад молочный (90г.),5.99
2025-03-25,sup5,cat8,Кофе раств. (95г.),14.99
2025-03-25,sup2,cat4,Яйцо куриное С1 (15шт.),6.44
2025-03-25,sup6,cat10,Лаваш (300г.),2.89
2025-03-25,sup12,cat12,Coca-Cola (1л.),6.14
2025-03-25,sup10,cat2,Лук репчатый,1.91
2025-03-25,sup5,cat9,Мармелад,2.20
2025-03-25,sup2,cat6,Котлеты,13.63
2025-03-25,sup5,cat8,Масло подсолнечное (0.8л.),2.02
2025-03-25,sup2,cat11,Сосиски молочные,4.77
2025-03-25,sup6,cat10,Хлеб светлый (400г.),1.20
2025-03-25,sup5,cat8,Сахар (1кг.),0.73
2025-03-25,sup7,cat10,Хлеб светлый (400г.),1.20
2025-03-25,sup3,cat3,Масло сливочное (180г.),4.59
2025-03-25,sup3,cat3,Сметана (380г.),3.71
2025-03-25,sup5,cat12,Вода негаз. (0.5л.),0.99
2025-03-25,sup2,cat4,Яйцо куриное С1 (15шт.),6.44
2025-03-25,sup5,cat8,Спагетти (400г.),1.76
2025-03-25,sup10,cat2,Картофель,3.02
2025-03-25,sup6,cat10,Батон нарезной (240г.),1.22
2025-03-25,sup5,cat9,Вафли (143г.),2.76
2025-03-25,sup3,cat3,Творог (200г.),2.44
2025-03-25,sup5,cat8,Спагетти (400г.),1.76
2025-03-25,sup5,cat8,Мука (2кг.),5.20
2025-03-25,sup2,cat4,Яйцо куриное С1 (10шт.),7.62
2025-03-25,sup5,cat8,Рис (900г.),6.98
2025-03-25,sup1,cat6,Голубцы,12.53
2025-03-25,sup1,cat6,Котлеты,10.46
2025-03-25,sup5,cat9,Печенье овсяное (400г.),4.33
2025-03-25,sup5,cat12,Сок апельсиновый (1л.),7.20
2025-03-25,sup2,cat4,Яйцо куриное С1 (10шт.),3.81
2025-03-25,sup5,cat9,Конфеты шоколадные,25.75
2025-03-25,sup4,cat7,Паста рыбная (150г.),2.95
2025-03-25,sup7,cat10,Хлеб ржаной (450г.),1.50
2025-03-25,sup6,cat10,Батон нарезной (240г.),1.22
2025-03-25,sup2,cat4,Яйцо куриное С1 (15шт.),6.44
2025-03-25,sup5,cat9,Шоколад молочный (90г.),5.99
2025-03-25,sup3,cat3,Творог (200г.),4.88
2025-03-25,sup5,cat9,Шоколад молочный (90г.),11.98
2025-03-25,sup11,cat2,Томат,22.63
2025-03-25,sup6,cat10,Батон нарезной (240г.),1.22
2025-03-25,sup4,cat7,Форель (200г.),18.25
2025-03-26,sup2,cat11,Колбаса вареная (400г.),4.98
2025-03-26,sup10,cat12,Сок яблочный (1л.),10.34
2025-03-26,sup5,cat9,Вафли (143г.),2.76
2025-03-26,sup5,cat8,Кофе мол. (250г.),19.99
2025-03-26,sup3,cat3,Творог (200г.),2.44
2025-03-26,sup9,cat1,Груша,7.36
2025-03-26,sup6,cat10,Булочка с маком (1шт.),1.49
2025-03-26,sup1,cat11,Сосиски молочные,6.52
2025-03-26,sup3,cat3,Сметана (180г.),1.94
2025-03-26,sup6,cat10,Батон нарезной (240г.),1.22
2025-03-26,sup5,cat8,Соль (1кг.),0.73
2025-03-26,sup1,cat6,Котлеты,8.62
2025-03-26,sup3,cat3,Сметана (180г.),1.94
2025-03-26,sup6,cat10,Батон нарезной (240г.),1.22
2025-03-26,sup5,cat9,Печенье овсяное (400г.),8.66
2025-03-26,sup6,cat10,Хлеб светлый (400г.),1.20
2025-03-26,sup1,cat11,Сосиски молочные,11.89
2025-03-26,sup3,cat3,Кефир (1л.),2.27
2025-03-26,sup3,cat3,Кефир (1л.),2.27
2025-03-26,sup5,cat8,Крупа гречневая (700г.),2.07
2025-03-26,sup6,cat10,Батон нарезной (240г.),1.22
2025-03-26,sup5,cat9,Конфеты шоколадные,6.60
2025-03-26,sup10,cat2,Морковь,1.40
2025-03-26,sup12,cat12,Coca-Cola (1л.),3.07
2025-03-26,sup10,cat2,Лук репчатый,1.44
2025-03-26,sup8,cat2,Лук репчатый,0.91
2025-03-26,sup5,cat8,Спагетти (400г.),1.76
2025-03-26,sup5,cat8,Кофе мол. (250г.),19.99
2025-03-26,sup5,cat12,Лимонад (2л.),5.35
2025-03-26,sup1,cat11,Ветчина,12.84
2025-03-26,sup6,cat10,Хлеб ржаной (450г.),1.50
2025-03-26,sup5,cat12,Вода негаз. (0.5л.),0.99
2025-03-26,sup12,cat12,Coca-Cola (1л.),3.07
2025-03-26,sup1,cat5,Свинина,18.58
2025-03-26,sup10,cat12,Сок яблочный (1л.),5.17
2025-03-26,sup1,cat6,Колбаски,18.61
2025-03-26,sup5,cat8,Крупа перловая (1кг.),1.44
2025-03-26,sup2,cat4,Яйцо куриное С1 (10шт.),3.81
2025-03-26,sup3,cat3,Молоко (1л.),2.60
2025-03-26,sup5,cat8,Кофе мол. (250г.),19.99
2025-03-26,sup10,cat1,Яблоко,1.93
2025-03-26,sup2,cat11,Сосиски молочные,8.62
2025-03-26,sup6,cat10,Батон нарезной (240г.),1.22
2025-03-26,sup6,cat10,Булочка с маком (1шт.),2.98
2025-03-26,sup1,cat6,Голубцы,12.59
2025-03-26,sup6,cat10,Батон нарезной (240г.),1.22
2025-03-26,sup5,cat9,Печенье овсяное (400г.),8.66
2025-03-26,sup10,cat2,Картофель,0.49
2025-03-26,sup8,cat2,Лук репчатый,0.47
2025-03-26,sup5,cat12,Сок апельсиновый (1л.),7.20
2025-03-27,sup9,cat2,Томат,8.00
2025-03-27,sup5,cat8,Сахар (1кг.),1.46
2025-03-27,sup11,cat2,Огурец,7.75
2025-03-27,sup8,cat2,Томат,12.04
2025-03-27,sup4,cat7,Форель (200г.),18.25
2025-03-27,sup1,cat5,Говядина,35.86
2025-03-27,sup2,cat4,Яйцо куриное Д1 (10шт.),4.98
2025-03-27,sup5,cat8,Кофе мол. (250г.),39.98
2025-03-27,sup3,cat3,Творог (200г.),4.88
2025-03-27,sup2,cat4,Яйцо куриное С1 (10шт.),7.62
2025-03-27,sup9,cat1,Яблоко,18.88
2025-03-27,sup6,cat10,Батон нарезной (240г.),1.22
2025-03-27,sup3,cat3,Кефир (1л.),2.27
2025-03-27,sup6,cat10,Хлеб ржаной (450г.),1.50
2025-03-27,sup6,cat10,Лаваш (300г.),2.89
2025-03-27,sup8,cat2,Капуста,3.12
2025-03-27,sup2,cat4,Яйцо куриное С1 (10шт.),3.81
2025-03-27,sup8,cat2,Огурец,5.15
2025-03-27,sup8,cat2,Капуста,4.18
2025-03-27,sup1,cat11,Сосиски молочные,11.83
2025-03-27,sup6,cat10,Плетенка (450г.),4.04
2025-03-27,sup1,cat11,Ветчина,4.33
2025-03-27,sup2,cat4,Яйцо куриное С1 (10шт.),7.62
2025-03-27,sup5,cat8,Крупа перловая (1кг.),1.44
2025-03-27,sup5,cat12,Вода негаз. (0.5л.),1.98
2025-03-27,sup1,cat6,Голубцы,9.60
2025-03-27,sup6,cat10,Булочка с маком (1шт.),1.49
2025-03-27,sup5,cat8,Сахар (1кг.),2.92
2025-03-27,sup2,cat4,Яйцо куриное С1 (10шт.),3.81
2025-03-27,sup3,cat3,Сметана (380г.),3.71
2025-03-27,sup9,cat1,Банан,2.38
2025-03-27,sup5,cat9,Шоколад молочный (90г.),5.99
2025-03-27,sup6,cat10,Лаваш (300г.),2.89
2025-03-27,sup6,cat10,Булочка с маком (1шт.),2.98
2025-03-27,sup1,cat5,Свинина,11.71
2025-03-27,sup6,cat10,Батон нарезной (240г.),2.44
2025-03-27,sup5,cat8,Масло подсолнечное (0.8л.),6.06
2025-03-27,sup6,cat10,Батон нарезной (240г.),1.22
2025-03-27,sup10,cat2,Лук репчатый,0.70
2025-03-27,sup12,cat12,Вода негаз. (0.5л.),1.98
2025-03-27,sup5,cat12,Вода мин. газ. (1л.),1.59
2025-03-27,sup2,cat6,Фарш,40.14
2025-03-27,sup1,cat5,Свинина,15.15
2025-03-27,sup8,cat2,Картофель,5.92
2025-03-27,sup6,cat10,Лаваш (300г.),2.89
2025-03-27,sup5,cat8,Масло подсолнечное (0.8л.),10.10
2025-03-27,sup1,cat11,Колбаса вареная (400г.),4.98
2025-03-27,sup8,cat2,Томат,15.71
2025-03-27,sup5,cat8,Макароны (900г.),2.98
2025-03-27,sup3,cat3,Кефир (1л.),2.27
2025-03-27,sup6,cat10,Хлеб светлый (400г.),1.20
2025-03-27,sup1,cat11,Сосиски молочные,10.45
2025-03-28,sup9,cat2,Огурец,7.61
2025-03-28,sup7,cat10,Сушки (500г.),3.99
2025-03-28,sup3,cat3,Кефир (1л.),2.27
2025-03-28,sup5,cat8,Крупа гречневая (700г.),2.07
2025-03-28,sup3,cat3,Кефир (1л.),2.27
2025-03-28,sup6,cat10,Батон нарезной (240г.),2.44
2025-03-28,sup1,cat6,Шашлык,20.94
2025-03-28,sup4,cat7,Сельдь (250г.),11.98
2025-03-28,sup5,cat9,Вафли (143г.),2.76
2025-03-28,sup2,cat4,Яйцо куриное С1 (15шт.),6.44
2025-03-28,sup2,cat5,Окорочка куриные,10.05
2025-03-28,sup4,cat7,Кальмар,33.41
2025-03-28,sup12,cat12,Вода негаз. (0.5л.),0.99
2025-03-28,sup6,cat10,Хлеб ржаной (450г.),1.50
2025-03-28,sup8,cat2,Картофель,1.63
2025-03-28,sup3,cat3,Молоко (1л.),2.60
2025-03-28,sup5,cat9,Конфеты шоколадные,25.20
2025-03-28,sup3,cat3,Молоко (1л.),2.60
2025-03-28,sup7,cat10,Хлеб светлый (400г.),1.20
2025-03-28,sup2,cat4,Яйцо куриное С1 (10шт.),3.81
2025-03-28,sup9,cat2,Огурец,7.45
2025-03-28,sup5,cat8,Спагетти (400г.),1.76
2025-03-28,sup1,cat11,Колбаса вареная (400г.),4.98
2025-03-28,sup5,cat9,Конфеты шоколадные,7.41
2025-03-28,sup2,cat11,Колбаса вареная (400г.),4.98
2025-03-28,sup7,cat10,Батон нарезной (240г.),1.22
2025-03-28,sup5,cat8,Крупа перловая (1кг.),1.44
2025-03-28,sup10,cat2,Свекла,1.19
2025-03-28,sup4,cat7,Паста рыбная (150г.),2.95
2025-03-28,sup6,cat10,Сушки (500г.),3.99
2025-03-28,sup8,cat2,Картофель,4.27
2025-03-28,sup2,cat5,Окорочка куриные,11.68
2025-03-28,sup6,cat10,Хлеб ржаной (450г.),1.50
2025-03-28,sup5,cat8,Масло подсолнечное (0.8л.),2.02
2025-03-28,sup1,cat11,Сосиски молочные,3.78
2025-03-28,sup10,cat2,Лук репчатый,1.21
2025-03-28,sup6,cat10,Хлеб светлый (400г.),1.20
2025-03-28,sup2,cat4,Яйцо куриное С1 (10шт.),3.81
2025-03-28,sup5,cat8,Масло подсолнечное (0.8л.),2.02
2025-03-28,sup2,cat6,Колбаски,27.06
2025-03-28,sup7,cat10,Хлеб светлый (400г.),1.20
2025-03-28,sup3,cat3,Творог (200г.),2.44
2025-03-28,sup5,cat9,Печенье овсяное (400г.),4.33
2025-03-28,sup10,cat2,Морковь,1.69
2025-03-28,sup2,cat4,Яйцо куриное Д1 (10шт.),4.98
2025-03-28,sup5,cat8,Масло подсолнечное (0.8л.),2.02
2025-03-28,sup5,cat8,Мука (1кг.),1.64
2025-03-28,sup2,cat4,Яйцо перепелиное (10шт.),2.95
2025-03-28,sup6,cat10,Батон нарезной (240г.),1.22
2025-03-28,sup6,cat10,Батон нарезной (240г.),1.22
2025-03-28,sup2,cat4,Яйцо куриное Д1 (10шт.),4.98
2025-03-28,sup5,cat8,Кофе мол. (250г.),19.99
2025-03-28,sup4,cat7,Сельдь (250г.),11.98
2025-03-28,sup8,cat2,Капуста,4.63
2025-03-28,sup2,cat5,Окорочка куриные,7.49
2025-03-28,sup6,cat10,Батон нарезной (240г.),2.44
2025-03-28,sup4,cat7,Креветки,30.51
2025-03-28,sup6,cat10,Батон нарезной (240г.),2.44
2025-03-28,sup5,cat12,Сок яблочный (1л.),5.17
2025-03-28,sup2,cat11,Сосиски молочные,10.83
2025-03-28,sup8,cat2,Картофель,3.41
2025-03-28,sup5,cat12,Чай холодный (0.5л.),3.59
2025-03-28,sup6,cat10,Хлеб ржаной (450г.),1.50
2025-03-28,sup7,cat10,Хлеб светлый (400г.),1.20
2025-03-28,sup5,cat9,Шоколад молочный (90г.),5.99
2025-03-29,sup12,cat12,Вода негаз. (0.5л.),0.99
2025-03-29,sup3,cat3,Сметана (180г.),3.88
2025-03-29,sup2,cat11,Сосиски молочные,11.93
2025-03-29,sup3,cat3,Сметана (380г.),3.71
2025-03-29,sup3,cat3,Сметана (380г.),3.71
2025-03-29,sup6,cat10,Батон нарезной (240г.),1.22
2025-03-29,sup3,cat3,Молоко (1л.),2.60
2025-03-29,sup5,cat9,Конфеты шоколадные,12.68
2025-03-29,sup9,cat1,Банан,1.74
2025-03-29,sup4,cat7,Скумбрия,7.88
2025-03-29,sup6,cat10,Хлеб светлый (400г.),1.20
2025-03-29,sup6,cat10,Батон нарезной (240г.),1.22
2025-03-29,sup1,cat5,Говядина,39.78
2025-03-29,sup2,cat6,Печень куриная (550г.),11.00
2025-03-29,sup8,cat2,Морковь,0.28
2025-03-29,sup2,cat6,Фарш,26.24
2025-03-29,sup5,cat9,Карамель,3.29
2025-03-29,sup5,cat12,Лимонад (2л.),5.35
2025-03-29,sup7,cat10,Хлеб светлый (400г.),1.20
2025-03-29,sup4,cat7,Креветки,30.26
2025-03-29,sup9,cat2,Огурец,3.18
2025-03-29,sup7,cat10,Батон нарезной (240г.),1.22
2025-03-29,sup7,cat10,Батон нарезной (240г.),1.22
2025-03-29,sup2,cat4,Яйцо перепелиное (10шт.),2.95
2025-03-29,sup6,cat10,Лаваш (300г.),2.89
2025-03-29,sup3,cat3,Кефир (1л.),2.27
2025-03-29,sup5,cat9,Зефир (230г.),8.79
2025-03-29,sup6,cat10,Булочка с маком (1шт.),1.49
2025-03-29,sup10,cat2,Лук репчатый,0.90
2025-03-29,sup5,cat8,Крупа гречневая (700г.),2.07
2025-03-29,sup12,cat12,Вода негаз. (0.5л.),0.99
2025-03-29,sup12,cat12,Coca-Cola (1л.),3.07
2025-03-29,sup7,cat10,Хлеб ржаной (450г.),1.50
2025-03-29,sup1,cat6,Голубцы,12.98
2025-03-29,sup8,cat2,Картофель,4.75
2025-03-29,sup6,cat10,Булочка с маком (1шт.),1.49
2025-03-29,sup6,cat10,Батон нарезной (240г.),1.22
2025-03-29,sup6,cat10,Лаваш (300г.),2.89
2025-03-29,sup9,cat2,Огурец,4.10
2025-03-29,sup8,cat2,Лук репчатый,0.81
2025-03-29,sup3,cat3,Кефир (1л.),2.27
2025-03-29,sup5,cat8,Мука (2кг.),2.60
2025-03-29,sup8,cat2,Лук репчатый,1.62
2025-03-29,sup1,cat6,Голубцы,10.14
2025-03-29,sup3,cat3,Кефир (1л.),2.27
2025-03-29,sup6,cat10,Батон нарезной (240г.),1.22
2025-03-29,sup2,cat4,Яйцо перепелиное (10шт.),2.95
2025-03-29,sup6,cat10,Булочка с маком (1шт.),1.49
2025-03-29,sup5,cat8,Соль (1кг.),0.73
2025-03-29,sup2,cat4,Яйцо куриное С1 (15шт.),6.44
2025-03-29,sup12,cat12,Coca-Cola (1л.),3.07
2025-03-29,sup4,cat7,Сельдь (250г.),5.99
2025-03-29,sup9,cat2,Огурец,2.75
2025-03-29,sup7,cat10,Хлеб светлый (400г.),1.20
2025-03-29,sup3,cat3,Кефир (1л.),2.27
2025-03-29,sup5,cat8,Мука (1кг.),1.64
2025-03-29,sup7,cat10,Батон нарезной (240г.),1.22
2025-03-29,sup5,cat12,Вода негаз. (0.5л.),1.98
2025-03-29,sup2,cat4,Яйцо куриное С1 (10шт.),3.81
2025-03-29,sup1,cat5,Говядина,29.17
2025-03-29,sup5,cat9,Печенье овсяное (400г.),4.33
2025-03-29,sup7,cat10,Хлеб ржаной (450г.),1.50
2025-03-29,sup2,cat6,Печень куриная (550г.),11.00
2025-03-29,sup7,cat10,Хлеб светлый (400г.),1.20
2025-03-29,sup8,cat2,Томат,7.54
2025-03-29,sup3,cat3,Сметана (380г.),3.71
2025-03-29,sup9,cat2,Огурец,6.64
2025-03-30,sup6,cat10,Батон нарезной (240г.),1.22
2025-03-30,sup1,cat11,Салями,21.31
2025-03-30,sup10,cat2,Морковь,1.59
2025-03-30,sup9,cat1,Груша,8.08
2025-03-30,sup4,cat7,Сельдь (250г.),11.98
2025-03-30,sup3,cat3,Сметана (380г.),7.42
2025-03-30,sup2,cat11,Колбаса вареная (400г.),4.98
2025-03-30,sup6,cat10,Батон нарезной (240г.),1.22
2025-03-30,sup1,cat11,Сосиски молочные,4.12
2025-03-30,sup9,cat2,Огурец,6.86
2025-03-30,sup8,cat2,Картофель,2.63
2025-03-30,sup5,cat8,Кофе раств. (95г.),14.99
2025-03-30,sup3,cat3,Кефир (1л.),2.27
2025-03-30,sup3,cat3,Молоко (1л.),2.60
2025-03-30,sup11,cat2,Томат,4.17
2025-03-30,sup3,cat3,Молоко (1л.),2.60
2025-03-30,sup2,cat4,Яйцо куриное С1 (10шт.),3.81
2025-03-30,sup5,cat12,Вода негаз. (0.5л.),0.99
2025-03-30,sup7,cat10,Батон нарезной (240г.),1.22
2025-03-30,sup10,cat2,Свекла,0.87
2025-03-30,sup9,cat1,Груша,5.08
2025-03-30,sup10,cat1,Яблоко,19.89
2025-03-30,sup1,cat5,Говядина,31.12
2025-03-30,sup9,cat1,Банан,2.25
2025-03-30,sup5,cat8,Пшено (900г.),2.35
2025-03-30,sup12,cat12,Вода негаз. (0.5л.),0.99
2025-03-30,sup10,cat2,Лук репчатый,1.57
2025-03-30,sup1,cat5,Свинина,46.58
2025-03-30,sup8,cat2,Лук репчатый,1.38
2025-03-30,sup3,cat3,Кефир (1л.),2.27
2025-03-30,sup1,cat11,Колбаса вареная (400г.),4.98
2025-03-30,sup6,cat10,Батон нарезной (240г.),1.22
2025-03-30,sup5,cat8,Кофе мол. (250г.),19.99
2025-03-30,sup2,cat4,Яйцо куриное Д1 (10шт.),4.98
2025-03-30,sup4,cat7,Паста рыбная (150г.),2.95
2025-03-30,sup6,cat10,Батон нарезной (240г.),1.22
2025-03-30,sup5,cat12,Лимонад (2л.),5.35
2025-03-30,sup1,cat5,Говядина,30.80
2025-03-30,sup5,cat12,Сок яблочный (1л.),5.17
2025-03-30,sup3,cat3,Кефир (1л.),2.27
2025-03-30,sup3,cat3,Молоко (1л.),2.60
2025-03-30,sup9,cat1,Банан,9.54
2025-03-30,sup5,cat12,Лимонад (2л.),5.35
2025-03-30,sup1,cat5,Свинина,20.40
2025-03-30,sup1,cat11,Сосиски молочные,6.59
2025-03-30,sup5,cat12,Чай холодный (0.5л.),3.59
2025-03-30,sup1,cat6,Голубцы,30.18
2025-03-30,sup10,cat2,Лук репчатый,1.74
2025-03-30,sup7,cat10,Батон нарезной (240г.),1.22
2025-03-30,sup8,cat2,Томат,11.29
2025-03-30,sup5,cat12,Лимонад (2л.),5.35
2025-03-30,sup2,cat5,Окорочка куриные,9.95
2025-03-30,sup1,cat11,Сервелат (400г.),8.51
2025-03-30,sup4,cat7,Форель (200г.),18.25
2025-03-31,sup4,cat7,Паста рыбная (150г.),2.95
2025-03-31,sup9,cat2,Томат,23.54
2025-03-31,sup12,cat12,Coca-Cola (1л.),6.14
2025-03-31,sup3,cat3,Масло сливочное (180г.),4.59
2025-03-31,sup2,cat5,Филе куриное,11.84
2025-03-31,sup6,cat10,Батон нарезной (240г.),1.22
2025-03-31,sup6,cat10,Хлеб светлый (400г.),1.20
2025-03-31,sup8,cat2,Лук репчатый,0.20
2025-03-31,sup3,cat3,Молоко (1л.),2.60
2025-03-31,sup6,cat10,Хлеб ржаной (450г.),1.50
2025-03-31,sup6,cat10,Батон нарезной (240г.),2.44
2025-03-31,sup3,cat3,Сыр голландский (200г.),5.02
2025-03-31,sup2,cat6,Фарш,32.36
2025-03-31,sup1,cat5,Говядина,27.29
2025-03-31,sup5,cat8,Спагетти (400г.),1.76
2025-03-31,sup6,cat10,Булочка с маком (1шт.),1.49
2025-03-31,sup12,cat12,Вода негаз. (0.5л.),0.99
2025-03-31,sup1,cat11,Ветчина,11.18
2025-03-31,sup2,cat4,Яйцо куриное С1 (10шт.),7.62
2025-03-31,sup2,cat4,Яйцо куриное С1 (15шт.),6.44
2025-03-31,sup2,cat5,Окорочка куриные,5.34
2025-03-31,sup5,cat8,Макароны (900г.),1.49
2025-03-31,sup2,cat4,Яйцо куриное С1 (15шт.),6.44
2025-03-31,sup4,cat7,Хек,11.70
2025-03-31,sup2,cat5,Окорочка куриные,6.53
2025-03-31,sup10,cat2,Лук репчатый,1.15
2025-03-31,sup6,cat10,Батон нарезной (240г.),1.22
2025-03-31,sup3,cat3,Кефир (1л.),2.27
2025-03-31,sup7,cat10,Батон нарезной (240г.),1.22
2025-03-31,sup9,cat2,Томат,3.27
2025-03-31,sup9,cat2,Огурец,6.31
2025-03-31,sup8,cat2,Томат,8.64
2025-03-31,sup8,cat2,Картофель,5.28
2025-03-31,sup6,cat10,Хлеб светлый (400г.),1.20
2025-03-31,sup2,cat5,Окорочка куриные,6.98
2025-03-31,sup10,cat1,Груша,16.93
2025-03-31,sup5,cat8,Крупа перловая (1кг.),1.44
2025-03-31,sup2,cat4,Яйцо куриное С1 (10шт.),3.81
2025-03-31,sup4,cat7,Сельдь (250г.),5.99
2025-03-31,sup4,cat7,Паста рыбная (150г.),2.95
2025-03-31,sup5,cat8,Крупа манная (1кг.),2.02
2025-03-31,sup5,cat8,Чай пак. (25шт.),3.80
2025-03-31,sup5,cat8,Крупа перловая (1кг.),1.44
2025-03-31,sup7,cat10,Батон нарезной (240г.),1.22
2025-03-31,sup3,cat3,Творог (200г.),2.44
2025-03-31,sup3,cat3,Творог (200г.),4.88
2025-03-31,sup7,cat10,Сушки (500г.),3.99
2025-03-31,sup5,cat8,Мука (1кг.),1.64
2025-03-31,sup2,cat6,Голубцы,25.56
2025-03-31,sup12,cat12,Вода негаз. (0.5л.),0.99
2025-04-01,sup5,cat9,Карамель,7.42
2025-04-01,sup2,cat4,Яйцо перепелиное (10шт.),2.95
2025-04-01,sup8,cat2,Огурец,8.10
2025-04-01,sup6,cat10,Булочка с маком (1шт.),1.49
2025-04-01,sup5,cat8,Пшено (900г.),2.35
2025-04-01,sup5,cat8,Крупа гречневая (700г.),2.07
2025-04-01,sup10,cat2,Лук репчатый,1.81
2025-04-01,sup10,cat2,Морковь,1.14
2025-04-01,sup3,cat3,Масло сливочное (360г.),9.49
2025-04-01,sup3,cat3,Сыр голландский (200г.),5.02
2025-04-01,sup8,cat2,Томат,16.42
2025-04-01,sup2,cat4,Яйцо куриное С1 (15шт.),6.44
2025-04-01,sup7,cat10,Батон нарезной (240г.),2.44
2025-04-01,sup2,cat6,Печень куриная (550г.),5.50
2025-04-01,sup1,cat11,Сервелат (400г.),8.51
2025-04-01,sup2,cat4,Яйцо перепелиное (20шт.),4.65
2025-04-01,sup1,cat5,Свинина,15.84
2025-04-01,sup9,cat1,Груша,9.52
2025-04-01,sup4,cat7,Кальмар,28.31
2025-04-01,sup6,cat10,Батон нарезной (240г.),1.22
2025-04-01,sup10,cat1,Яблоко,13.71
2025-04-01,sup1,cat5,Свинина,33.92
2025-04-01,sup6,cat10,Хлеб светлый (400г.),1.20
2025-04-01,sup2,cat4,Яйцо куриное Д1 (10шт.),4.98
2025-04-01,sup4,cat7,Хек,12.73
2025-04-01,sup1,cat11,Сосиски молочные,4.80
2025-04-01,sup10,cat1,Яблоко,6.61
2025-04-01,sup9,cat2,Томат,4.15
2025-04-01,sup3,cat3,Творог (200г.),2.44
2025-04-01,sup8,cat2,Морковь,1.07
2025-04-01,sup3,cat3,Молоко (1л.),2.60
2025-04-01,sup5,cat8,Спагетти (400г.),1.76
2025-04-01,sup8,cat2,Огурец,5.23
2025-04-01,sup10,cat1,Груша,6.42
2025-04-01,sup5,cat8,Крупа гречневая (700г.),4.14
2025-04-01,sup5,cat8,Масло подсолнечное (0.8л.),2.02
2025-04-01,sup8,cat2,Огурец,4.26
2025-04-01,sup6,cat10,Булочка с маком (1шт.),2.98
2025-04-01,sup5,cat8,Спагетти (400г.),1.76
2025-04-01,sup3,cat3,Молоко (1л.),2.60
2025-04-01,sup8,cat2,Лук репчатый,0.32
2025-04-01,sup2,cat4,Яйцо куриное С1 (15шт.),6.44
2025-04-01,sup9,cat1,Банан,13.93
2025-04-01,sup10,cat1,Груша,11.19
2025-04-01,sup8,cat2,Огурец,7.30
2025-04-01,sup8,cat2,Картофель,0.42
2025-04-01,sup2,cat5,Окорочка куриные,7.22
2025-04-01,sup2,cat6,Фарш,23.01
2025-04-01,sup2,cat6,Печень куриная (550г.),5.50
2025-04-01,sup10,cat2,Морковь,1.54
2025-04-01,sup8,cat2,Свекла,1.45
2025-04-01,sup8,cat2,Картофель,2.58
2025-04-01,sup8,cat2,Картофель,4.05
2025-04-01,sup6,cat10,Плетенка (450г.),4.04
2025-04-02,sup9,cat2,Томат,7.01
2025-04-02,sup12,cat12,Coca-Cola (1л.),3.07
2025-04-02,sup1,cat6,Колбаски,34.29
2025-04-02,sup6,cat10,Булочка с маком (1шт.),4.47
2025-04-02,sup5,cat8,Спагетти (400г.),1.76
2025-04-02,sup9,cat1,Груша,12.05
2025-04-02,sup1,cat11,Колбаски охотничьи (500г.),18.40
2025-04-02,sup2,cat4,Яйцо куриное С1 (10шт.),3.81
2025-04-02,sup1,cat5,Говядина,27.93
2025-04-02,sup8,cat2,Лук репчатый,0.79
2025-04-02,sup1,cat6,Котлеты,17.41
2025-04-02,sup2,cat6,Колбаски,40.67
2025-04-02,sup1,cat6,Колбаски,33.23
2025-04-02,sup6,cat10,Булочка с маком (1шт.),2.98
2025-04-02,sup5,cat9,Вафли (143г.),2.76
2025-04-02,sup8,cat2,Морковь,1.16
2025-04-02,sup4,cat7,Минтай,1.83
2025-04-02,sup6,cat10,Плетенка (450г.),4.04
2025-04-02,sup5,cat8,Рис (900г.),3.49
2025-04-02,sup9,cat1,Банан,10.75
2025-04-02,sup12,cat12,Coca-Cola (1л.),3.07
2025-04-02,sup9,cat1,Банан,12.39
2025-04-02,sup4,cat7,Сельдь (250г.),5.99
2025-04-02,sup3,cat3,Молоко (1л.),2.60
2025-04-02,sup5,cat9,Карамель,5.84
2025-04-02,sup5,cat12,Вода мин. газ. (1л.),1.59
2025-04-02,sup2,cat11,Сосиски молочные,10.34
2025-04-02,sup3,cat3,Сыр голландский (200г.),5.02
2025-04-02,sup10,cat2,Свекла,1.65
2025-04-02,sup6,cat10,Лаваш (300г.),2.89
2025-04-02,sup3,cat3,Творог (200г.),2.44
2025-04-02,sup9,cat2,Огурец,1.86
2025-04-02,sup2,cat6,Фарш,27.21
2025-04-02,sup5,cat8,Кофе раств. (95г.),29.98
2025-04-02,sup6,cat10,Батон нарезной (240г.),1.22
2025-04-02,sup5,cat12,Вода негаз. (0.5л.),1.98
2025-04-02,sup6,cat10,Хлеб светлый (400г.),1.20
2025-04-02,sup2,cat4,Яйцо куриное Д1 (10шт.),4.98
2025-04-02,sup4,cat7,Скумбрия,4.65
2025-04-02,sup6,cat10,Хлеб светлый (400г.),1.20
2025-04-02,sup3,cat3,Сметана (380г.),3.71
2025-04-02,sup6,cat10,Булочка с маком (1шт.),2.98
2025-04-02,sup3,cat3,Молоко (1л.),2.60
2025-04-02,sup3,cat3,Сметана (380г.),7.42
2025-04-02,sup4,cat7,Сельдь (250г.),5.99
2025-04-02,sup5,cat8,Крупа гречневая (700г.),2.07
2025-04-02,sup7,cat10,Хлеб ржаной (450г.),1.50
2025-04-02,sup6,cat10,Хлеб светлый (400г.),1.20
2025-04-02,sup1,cat6,Фарш,45.48
2025-04-02,sup3,cat3,Сметана (380г.),3.71
2025-04-03,sup5,cat12,Вода негаз. (0.5л.),0.99
2025-04-03,sup2,cat4,Яйцо перепелиное (20шт.),4.65
2025-04-03,sup3,cat3,Молоко (1л.),2.60
2025-04-03,sup7,cat10,Батон нарезной (240г.),1.22
2025-04-03,sup5,cat8,Чай пак. (25шт.),3.80
2025-04-03,sup6,cat10,Батон нарезной (240г.),1.22
2025-04-03,sup1,cat6,Голубцы,18.79
2025-04-03,sup4,cat7,Паста рыбная (150г.),2.95
2025-04-03,sup5,cat12,Квас светлый (1л.),2.65
2025-04-03,sup1,cat11,Колбаски охотничьи (500г.),18.40
2025-04-03,sup5,cat12,Квас светлый (1л.),2.65
2025-04-03,sup8,cat2,Лук репчатый,0.56
2025-04-03,sup3,cat3,Молоко (1л.),2.60
2025-04-03,sup2,cat5,Окорочка куриные,6.04
2025-04-03,sup5,cat12,Вода негаз. (0.5л.),0.99
2025-04-03,sup8,cat2,Томат,17.54
2025-04-03,sup5,cat8,Мука (2кг.),2.60
2025-04-03,sup2,cat4,Яйцо куриное С1 (15шт.),6.44
2025-04-03,sup8,cat2,Морковь,2.04
2025-04-03,sup3,cat3,Масло сливочное (1кг.),30.73
2025-04-03,sup3,cat3,Молоко (1л.),2.60
2025-04-03,sup8,cat2,Картофель,2.15
2025-04-03,sup1,cat5,Говядина,20.56
2025-04-03,sup8,cat2,Картофель,5.13
2025-04-03,sup10,cat2,Морковь,0.60
2025-04-03,sup10,cat1,Груша,3.44
2025-04-03,sup9,cat2,Огурец,7.02
2025-04-03,sup5,cat9,Конфеты шоколадные,11.11
2025-04-03,sup1,cat6,Котлеты,17.72
2025-04-03,sup7,cat10,Батон нарезной (240г.),1.22
2025-04-03,sup7,cat10,Батон нарезной (240г.),1.22
2025-04-03,sup10,cat12,Сок яблочный (1л.),10.34
2025-04-03,sup8,cat2,Картофель,1.30
2025-04-03,sup2,cat4,Яйцо куриное С1 (10шт.),7.62
2025-04-03,sup2,cat4,Яйцо куриное Д1 (10шт.),4.98
2025-04-03,sup5,cat8,Рис (900г.),3.49
2025-04-03,sup1,cat11,Сосиски молочные,5.99
2025-04-03,sup2,cat6,Голубцы,14.58
2025-04-03,sup1,cat11,Колбаски охотничьи (500г.),18.40
2025-04-03,sup7,cat10,Батон нарезной (240г.),1.22
2025-04-03,sup12,cat12,Coca-Cola (1л.),3.07
2025-04-03,sup5,cat9,Печенье овсяное (400г.),4.33
2025-04-03,sup1,cat5,Свинина,29.36
2025-04-03,sup5,cat9,Карамель,1.49
2025-04-03,sup3,cat3,Молоко (1л.),2.60
2025-04-03,sup4,cat7,Сельдь (250г.),5.99
2025-04-03,sup2,cat4,Яйцо куриное С1 (15шт.),6.44
2025-04-03,sup1,cat5,Говядина,10.86
2025-04-03,sup2,cat5,Филе куриное,14.62
2025-04-04,sup5,cat9,Шоколад молочный (90г.),5.99
2025-04-04,sup5,cat9,Шоколад молочный (90г.),5.99
2025-04-04,sup7,cat10,Хлеб светлый (400г.),1.20
2025-04-04,sup6,cat10,Лаваш (300г.),2.89
2025-04-04,sup7,cat10,Батон нарезной (240г.),1.22
2025-04-04,sup3,cat3,Кефир (1л.),2.27
2025-04-04,sup7,cat10,Хлеб ржаной (450г.),1.50
2025-04-04,sup1,cat5,Свинина,28.83
2025-04-04,sup8,cat2,Огурец,0.83
2025-04-04,sup7,cat10,Батон нарезной (240г.),1.22
2025-04-04,sup1,cat5,Свинина,19.88
2025-04-04,sup8,cat2,Капуста,3.34
2025-04-04,sup2,cat4,Яйцо перепелиное (10шт.),2.95
2025-04-04,sup5,cat8,Сахар (1кг.),2.19
2025-04-04,sup3,cat3,Творог (200г.),2.44
2025-04-04,sup10,cat2,Лук репчатый,1.95
2025-04-04,sup10,cat2,Морковь,0.56
2025-04-04,sup9,cat2,Огурец,5.05
2025-04-04,sup5,cat8,Спагетти (400г.),1.76
2025-04-04,sup5,cat12,Лимонад (2л.),5.35
2025-04-04,sup10,cat2,Свекла,0.94
2025-04-04,sup6,cat10,Плетенка (450г.),4.04
2025-04-04,sup10,cat1,Груша,4.41
2025-04-04,sup2,cat6,Печень куриная (550г.),5.50
2025-04-04,sup1,cat5,Говядина,35.64
2025-04-04,sup5,cat8,Спагетти (400г.),3.52
2025-04-04,sup8,cat2,Огурец,5.32
2025-04-04,sup6,cat10,Лаваш (300г.),2.89
2025-04-04,sup3,cat3,Сметана (180г.),3.88
2025-04-04,sup5,cat12,Вода негаз. (0.5л.),0.99
2025-04-04,sup9,cat2,Томат,11.77
2025-04-04,sup2,cat4,Яйцо куриное С1 (15шт.),6.44
2025-04-04,sup1,cat11,Сервелат (400г.),17.02
2025-04-04,sup5,cat8,Кофе мол. (250г.),39.98
2025-04-04,sup6,cat10,Батон нарезной (240г.),1.22
2025-04-04,sup5,cat8,Мука (2кг.),2.60
2025-04-04,sup2,cat4,Яйцо куриное С1 (10шт.),3.81
2025-04-04,sup9,cat1,Банан,4.91
2025-04-04,sup3,cat3,Творог (200г.),2.44
2025-04-04,sup10,cat1,Яблоко,3.47
2025-04-04,sup3,cat3,Масло сливочное (180г.),4.59
2025-04-04,sup6,cat10,Лаваш (300г.),2.89
2025-04-04,sup4,cat7,Сельдь (250г.),5.99
2025-04-04,sup1,cat6,Фарш,22.00
2025-04-04,sup5,cat8,Сахар (1кг.),1.46
2025-04-04,sup3,cat3,Молоко (1л.),2.60
2025-04-04,sup10,cat2,Картофель,0.52
2025-04-04,sup9,cat2,Огурец,2.77
2025-04-04,sup3,cat3,Творог (200г.),2.44
2025-04-04,sup8,cat2,Томат,13.03
2025-04-04,sup5,cat9,Мармелад,3.96
2025-04-04,sup12,cat12,Вода негаз. (0.5л.),0.99
2025-04-04,sup9,cat2,Огурец,7.70
2025-04-04,sup4,cat7,Форель (200г.),18.25
2025-04-04,sup6,cat10,Хлеб светлый (400г.),1.20
2025-04-04,sup5,cat8,Сахар (1кг.),2.19
2025-04-04,sup3,cat3,Сметана (180г.),1.94
2025-04-04,sup1,cat5,Говядина,13.23
2025-04-04,sup6,cat10,Батон нарезной (240г.),1.22
2025-04-04,sup12,cat12,Coca-Cola (1л.),3.07
2025-04-04,sup8,cat2,Свекла,0.69
2025-04-04,sup8,cat2,Томат,3.81
2025-04-04,sup4,cat7,Сельдь (250г.),5.99
2025-04-04,sup8,cat1,Груша,3.56
2025-04-04,sup7,cat10,Батон нарезной (240г.),1.22
2025-04-04,sup9,cat1,Банан,2.57
2025-04-04,sup1,cat6,Фарш,34.69
2025-04-04,sup3,cat3,Творог (200г.),4.88
2025-04-05,sup5,cat8,Сахар (1кг.),1.46
2025-04-05,sup3,cat3,Кефир (1л.),4.54
2025-04-05,sup4,cat7,Форель (200г.),18.25
2025-04-05,sup6,cat10,Булочка с маком (1шт.),1.49
2025-04-05,sup4,cat7,Сельдь (250г.),11.98
2025-04-05,sup8,cat2,Огурец,4.27
2025-04-05,sup5,cat8,Кофе раств. (95г.),14.99
2025-04-05,sup8,cat2,Морковь,2.18
2025-04-05,sup3,cat3,Сметана (180г.),3.88
2025-04-05,sup8,cat2,Капуста,2.51
2025-04-05,sup4,cat7,Скумбрия,5.48
2025-04-05,sup10,cat2,Морковь,1.35
2025-04-05,sup10,cat2,Свекла,1.09
2025-04-05,sup5,cat12,Вода негаз. (0.5л.),0.99
2025-04-05,sup8,cat2,Капуста,3.84
2025-04-05,sup1,cat11,Сосиски молочные,8.70
2025-04-05,sup2,cat4,Яйцо куриное С1 (10шт.),3.81
2025-04-05,sup4,cat7,Хек,6.74
2025-04-05,sup8,cat2,Томат,6.57
2025-04-05,sup10,cat2,Картофель,3.59
2025-04-05,sup8,cat2,Картофель,3.70
2025-04-05,sup2,cat6,Котлеты,10.28
2025-04-05,sup5,cat12,Квас светлый (1л.),2.65
2025-04-05,sup5,cat8,Мука (2кг.),2.60
2025-04-05,sup2,cat5,Окорочка куриные,12.28
2025-04-05,sup2,cat4,Яйцо куриное Д1 (10шт.),4.98
2025-04-05,sup3,cat3,Творог (200г.),2.44
2025-04-05,sup8,cat2,Морковь,0.32
2025-04-05,sup3,cat3,Молоко (1л.),2.60
2025-04-05,sup4,cat7,Креветки,17.03
2025-04-05,sup9,cat1,Банан,9.34
2025-04-05,sup2,cat4,Яйцо куриное С1 (15шт.),6.44
2025-04-05,sup3,cat3,Творог (200г.),2.44
2025-04-05,sup5,cat12,Сок апельсиновый (1л.),7.20
2025-04-05,sup6,cat10,Лаваш (300г.),2.89
2025-04-05,sup7,cat10,Батон нарезной (240г.),1.22
2025-04-05,sup1,cat11,Колбаса вареная (400г.),4.98
2025-04-05,sup6,cat10,Хлеб ржаной (450г.),1.50
2025-04-05,sup5,cat9,Зефир (230г.),8.79
2025-04-05,sup3,cat3,Кефир (1л.),2.27
2025-04-05,sup5,cat9,Зефир (230г.),17.58
2025-04-05,sup10,cat2,Картофель,5.83
2025-04-05,sup3,cat3,Сметана (180г.),1.94
2025-04-05,sup5,cat12,Лимонад (2л.),5.35
2025-04-05,sup2,cat4,Яйцо куриное С1 (15шт.),6.44
2025-04-05,sup3,cat3,Сыр российский,20.96
2025-04-05,sup5,cat8,Пшено (900г.),2.35
2025-04-05,sup9,cat2,Томат,20.76
2025-04-05,sup1,cat11,Сосиски молочные,5.63
2025-04-05,sup6,cat10,Лаваш (300г.),2.89
2025-04-05,sup10,cat1,Яблоко,4.53
2025-04-05,sup1,cat5,Свинина,41.72
2025-04-05,sup2,cat4,Яйцо куриное С1 (15шт.),6.44
2025-04-05,sup6,cat10,Батон нарезной (240г.),2.44
2025-04-05,sup1,cat5,Свинина,14.48
2025-04-05,sup3,cat3,Кефир (1л.),2.27
2025-04-05,sup6,cat10,Батон нарезной (240г.),1.22
2025-04-05,sup5,cat12,Квас светлый (1л.),2.65
2025-04-05,sup6,cat10,Батон нарезной (240г.),2.44
2025-04-05,sup6,cat10,Лаваш (300г.),2.89
2025-04-05,sup10,cat2,Лук репчатый,0.68
2025-04-05,sup4,cat7,Скумбрия,8.83
2025-04-05,sup3,cat3,Молоко (1л.),2.60
2025-04-06,sup8,cat2,Томат,7.69
2025-04-06,sup10,cat2,Свекла,1.07
2025-04-06,sup4,cat7,Паста рыбная (150г.),2.95
2025-04-06,sup1,cat11,Бекон (220г),9.99
2025-04-06,sup5,cat9,Печенье овсяное (400г.),4.33
2025-04-06,sup1,cat5,Говядина,37.22
2025-04-06,sup7,cat10,Батон нарезной (240г.),1.22
2025-04-06,sup5,cat8,Мука (1кг.),1.64
2025-04-06,sup4,cat7,Форель (200г.),36.50
2025-04-06,sup3,cat3,Кефир (1л.),2.27
2025-04-06,sup12,cat12,Coca-Cola (1л.),3.07
2025-04-06,sup3,cat3,Кефир (1л.),2.27
2025-04-06,sup2,cat4,Яйцо куриное С1 (10шт.),7.62
2025-04-06,sup1,cat5,Говядина,9.09
2025-04-06,sup7,cat10,Батон нарезной (240г.),2.44
2025-04-06,sup1,cat11,Колбаса вареная (400г.),4.98
2025-04-06,sup3,cat3,Сыр голландский (200г.),5.02
2025-04-06,sup5,cat8,Крупа перловая (1кг.),1.44
2025-04-06,sup8,cat2,Картофель,3.46
2025-04-06,sup4,cat7,Минтай,1.68
2025-04-06,sup9,cat1,Банан,3.52
2025-04-06,sup8,cat1,Яблоко,8.43
2025-04-06,sup2,cat4,Яйцо перепелиное (10шт.),2.95
2025-04-06,sup9,cat2,Томат,21.25
2025-04-06,sup2,cat6,Фарш,19.32
2025-04-06,sup3,cat3,Сметана (180г.),3.88
2025-04-06,sup2,cat4,Яйцо перепелиное (10шт.),2.95
2025-04-06,sup4,cat7,Хек,5.64
2025-04-06,sup7,cat10,Батон нарезной (240г.),1.22
2025-04-06,sup12,cat12,Вода негаз. (0.5л.),0.99
2025-04-06,sup6,cat10,Батон нарезной (240г.),1.22
2025-04-06,sup5,cat9,Конфеты шоколадные,12.57
2025-04-06,sup7,cat10,Хлеб светлый (400г.),1.20
2025-04-06,sup5,cat8,Спагетти (400г.),1.76
2025-04-06,sup8,cat1,Груша,7.83
2025-04-06,sup2,cat4,Яйцо куриное С1 (10шт.),7.62
2025-04-06,sup5,cat8,Соль (1кг.),0.73
2025-04-06,sup5,cat8,Масло подсолнечное (0.8л.),2.02
2025-04-06,sup3,cat3,Молоко (1л.),2.60
2025-04-06,sup5,cat8,Крупа перловая (1кг.),1.44
2025-04-06,sup8,cat2,Томат,21.22
2025-04-06,sup1,cat5,Свинина,13.05
2025-04-06,sup1,cat6,Фарш,17.99
2025-04-06,sup6,cat10,Батон нарезной (240г.),2.44
2025-04-06,sup10,cat2,Лук репчатый,0.81
2025-04-06,sup5,cat8,Крупа гречневая (700г.),2.07
2025-04-06,sup3,cat3,Сыр российский,12.30
2025-04-06,sup5,cat8,Сахар (1кг.),2.92
2025-04-06,sup5,cat9,Шоколад молочный (90г.),11.98
2025-04-06,sup5,cat8,Масло подсолнечное (0.8л.),6.06
2025-04-06,sup3,cat3,Сметана (180г.),1.94
2025-04-06,sup3,cat3,Масло сливочное (180г.),4.59
2025-04-06,sup2,cat6,Колбаски,25.76
2025-04-06,sup3,cat3,Кефир (1л.),2.27
2025-04-06,sup5,cat12,Вода негаз. (0.5л.),0.99
2025-04-06,sup3,cat3,Кефир (1л.),2.27
2025-04-07,sup5,cat8,Макароны (900г.),2.98
2025-04-07,sup1,cat11,Ветчина,15.42
2025-04-07,sup1,cat11,Сосиски молочные,10.47
2025-04-07,sup6,cat10,Хлеб ржаной (450г.),1.50
2025-04-07,sup1,cat6,Колбаски,39.40
2025-04-07,sup2,cat4,Яйцо куриное С1 (10шт.),3.81
2025-04-07,sup5,cat12,Вода негаз. (0.5л.),0.99
2025-04-07,sup12,cat12,Вода негаз. (0.5л.),0.99
2025-04-07,sup5,cat12,Лимонад (2л.),5.35
2025-04-07,sup5,cat12,Лимонад (2л.),5.35
2025-04-07,sup8,cat2,Томат,7.01
2025-04-07,sup3,cat3,Масло сливочное (1кг.),30.73
2025-04-07,sup3,cat3,Кефир (1л.),2.27
2025-04-07,sup10,cat2,Лук репчатый,1.59
2025-04-07,sup3,cat3,Кефир (1л.),2.27
2025-04-07,sup3,cat3,Сметана (380г.),3.71
2025-04-07,sup8,cat2,Картофель,5.63
2025-04-07,sup6,cat10,Багет (200г.),2.49
2025-04-07,sup9,cat2,Томат,14.09
2025-04-07,sup1,cat11,Колбаски охотничьи (500г.),18.40
2025-04-07,sup6,cat10,Батон нарезной (240г.),2.44
2025-04-07,sup7,cat10,Батон нарезной (240г.),1.22
2025-04-07,sup8,cat2,Морковь,0.66
2025-04-07,sup1,cat5,Говядина,11.74
2025-04-07,sup12,cat12,Coca-Cola (1л.),3.07
2025-04-07,sup8,cat2,Томат,1.73
2025-04-07,sup3,cat3,Сметана (180г.),1.94
2025-04-07,sup5,cat12,Чай холодный (0.5л.),3.59
2025-04-07,sup1,cat6,Фарш,16.16
2025-04-07,sup3,cat3,Творог (200г.),2.44
2025-04-07,sup8,cat2,Свекла,0.20
2025-04-07,sup1,cat11,Сосиски молочные,6.51
2025-04-07,sup6,cat10,Хлеб светлый (400г.),1.20
2025-04-07,sup3,cat3,Молоко (1л.),2.60
2025-04-07,sup5,cat12,Чай холодный (0.5л.),3.59
2025-04-07,sup5,cat12,Квас светлый (1л.),2.65
2025-04-07,sup3,cat3,Сыр голландский (200г.),5.02
2025-04-07,sup1,cat11,Салями,20.62
2025-04-07,sup8,cat2,Лук репчатый,0.69
2025-04-07,sup5,cat8,Сахар (1кг.),0.73
2025-04-07,sup12,cat12,Coca-Cola (1л.),6.14
2025-04-07,sup2,cat6,Котлеты,20.13
2025-04-07,sup2,cat6,Печень куриная (550г.),5.50
2025-04-07,sup7,cat10,Батон нарезной (240г.),1.22
2025-04-07,sup5,cat8,Спагетти (400г.),1.76
2025-04-07,sup3,cat3,Кефир (1л.),2.27
2025-04-07,sup6,cat10,Батон нарезной (240г.),1.22
2025-04-07,sup9,cat1,Банан,15.72
2025-04-07,sup7,cat10,Хлеб ржаной (450г.),1.50
2025-04-07,sup1,cat11,Сосиски молочные,4.59
2025-04-07,sup5,cat9,Вафли (143г.),2.76
2025-04-07,sup8,cat2,Огурец,7.09
2025-04-07,sup3,cat3,Молоко (1л.),2.60
2025-04-08,sup2,cat6,Желудки куриные (550г.),4.98
2025-04-08,sup6,cat10,Батон нарезной (240г.),1.22
2025-04-08,sup4,cat7,Сельдь (250г.),5.99
2025-04-08,sup3,cat3,Молоко (1л.),2.60
2025-04-08,sup6,cat10,Батон нарезной (240г.),1.22
2025-04-08,sup3,cat3,Молоко (1л.),5.20
2025-04-08,sup5,cat12,Вода негаз. (0.5л.),0.99
2025-04-08,sup3,cat3,Масло сливочное (180г.),4.59
2025-04-08,sup5,cat9,Конфеты шоколадные,7.87
2025-04-08,sup5,cat8,Масло подсолнечное (0.8л.),2.02
2025-04-08,sup4,cat7,Кальмар,36.44
2025-04-08,sup5,cat9,Печенье овсяное (400г.),4.33
2025-04-08,sup8,cat2,Лук репчатый,1.29
2025-04-08,sup2,cat4,Яйцо куриное С1 (10шт.),7.62
2025-04-08,sup10,cat2,Картофель,2.22
2025-04-08,sup5,cat8,Сахар (1кг.),1.46
2025-04-08,sup2,cat11,Ветчина,10.67
2025-04-08,sup1,cat11,Сервелат (400г.),17.02
2025-04-08,sup3,cat3,Кефир (1л.),2.27
2025-04-08,sup3,cat3,Молоко (1л.),2.60
2025-04-08,sup3,cat3,Масло сливочное (180г.),4.59
2025-04-08,sup5,cat9,Конфеты шоколадные,29.05
2025-04-08,sup8,cat1,Яблоко,6.53
2025-04-08,sup2,cat6,Фарш,34.78
2025-04-08,sup5,cat8,Пшено (900г.),2.35
2025-04-08,sup4,cat7,Минтай,1.82
2025-04-08,sup6,cat10,Батон нарезной (240г.),1.22
2025-04-08,sup6,cat10,Багет (200г.),2.49
2025-04-08,sup2,cat6,Колбаски,25.19
2025-04-08,sup5,cat9,Карамель,3.71
2025-04-08,sup5,cat12,Вода негаз. (0.5л.),0.99
2025-04-08,sup4,cat7,Скумбрия,8.98
2025-04-08,sup5,cat8,Пшено (900г.),2.35
2025-04-08,sup5,cat12,Вода мин. газ. (1л.),1.59
2025-04-08,sup9,cat2,Огурец,6.18
2025-04-08,sup2,cat4,Яйцо куриное С1 (10шт.),3.81
2025-04-08,sup1,cat5,Свинина,38.26
2025-04-08,sup5,cat8,Макароны (900г.),1.49
2025-04-08,sup5,cat12,Лимонад (2л.),5.35
2025-04-08,sup5,cat12,Вода негаз. (0.5л.),0.99
2025-04-08,sup2,cat4,Яйцо куриное С1 (15шт.),6.44
2025-04-08,sup5,cat8,Чай пак. (25шт.),3.80
2025-04-08,sup8,cat1,Груша,6.10
2025-04-08,sup7,cat10,Хлеб светлый (400г.),1.20
2025-04-08,sup2,cat4,Яйцо куриное С1 (10шт.),7.62
2025-04-08,sup5,cat12,Вода мин. газ. (1л.),1.59
2025-04-08,sup2,cat5,Филе куриное,15.20
2025-04-08,sup5,cat8,Крупа манная (1кг.),2.02
2025-04-08,sup1,cat11,Салями,20.81
2025-04-08,sup6,cat10,Плетенка (450г.),4.04
2025-04-09,sup1,cat11,Бекон (220г),9.99
2025-04-09,sup3,cat3,Масло сливочное (180г.),9.18
2025-04-09,sup6,cat10,Лаваш (300г.),2.89
2025-04-09,sup2,cat5,Окорочка куриные,10.59
2025-04-09,sup3,cat3,Молоко (1л.),5.20
2025-04-09,sup6,cat10,Батон нарезной (240г.),1.22
2025-04-09,sup8,cat2,Огурец,8.11
2025-04-09,sup1,cat11,Ветчина,4.15
2025-04-09,sup2,cat5,Окорочка куриные,11.28
2025-04-09,sup6,cat10,Хлеб светлый (400г.),1.20
2025-04-09,sup1,cat6,Колбаски,36.02
2025-04-09,sup9,cat2,Томат,20.99
2025-04-09,sup6,cat10,Батон нарезной (240г.),1.22
2025-04-09,sup3,cat3,Кефир (1л.),2.27
2025-04-09,sup6,cat10,Батон нарезной (240г.),1.22
2025-04-09,sup3,cat3,Молоко (1л.),5.20
2025-04-09,sup2,cat4,Яйцо перепелиное (10шт.),2.95
2025-04-09,sup4,cat7,Сельдь (250г.),5.99
2025-04-09,sup3,cat3,Сметана (380г.),3.71
2025-04-09,sup3,cat3,Сыр российский,16.14
2025-04-09,sup5,cat12,Вода мин. газ. (1л.),1.59
2025-04-09,sup5,cat8,Рис (900г.),3.49
2025-04-09,sup7,cat10,Батон нарезной (240г.),1.22
2025-04-09,sup5,cat9,Конфеты шоколадные,17.99
2025-04-09,sup1,cat6,Фарш,44.11
2025-04-09,sup2,cat4,Яйцо перепелиное (10шт.),2.95
2025-04-09,sup1,cat11,Сервелат (400г.),17.02
2025-04-09,sup6,cat10,Лаваш (300г.),2.89
2025-04-09,sup2,cat4,Яйцо перепелиное (10шт.),2.95
2025-04-09,sup12,cat12,Вода негаз. (0.5л.),0.99
2025-04-09,sup3,cat3,Масло сливочное (180г.),9.18
2025-04-09,sup12,cat12,Coca-Cola (1л.),6.14
2025-04-09,sup6,cat10,Лаваш (300г.),2.89
2025-04-09,sup5,cat9,Шоколад молочный (90г.),5.99
2025-04-09,sup1,cat5,Свинина,21.11
2025-04-09,sup5,cat8,Крупа гречневая (700г.),4.14
2025-04-09,sup2,cat6,Колбаски,26.49
2025-04-09,sup6,cat10,Булочка с маком (1шт.),2.98
2025-04-09,sup4,cat7,Скумбрия,12.58
2025-04-09,sup5,cat12,Вода негаз. (0.5л.),1.98
2025-04-09,sup5,cat8,Мука (2кг.),5.20
2025-04-09,sup4,cat7,Кальмар,33.05
2025-04-09,sup1,cat6,Фарш,17.36
2025-04-09,sup3,cat3,Кефир (1л.),2.27
2025-04-09,sup2,cat4,Яйцо куриное Д1 (10шт.),4.98
2025-04-09,sup7,cat10,Батон нарезной (240г.),1.22
2025-04-09,sup7,cat10,Батон нарезной (240г.),1.22
2025-04-09,sup5,cat8,Пшено (900г.),2.35
2025-04-09,sup6,cat10,Плетенка (450г.),4.04
2025-04-09,sup3,cat3,Молоко (1л.),2.60
2025-04-09,sup1,cat11,Бекон (220г),9.99
2025-04-09,sup6,cat10,Багет (200г.),2.49
2025-04-09,sup2,cat4,Яйцо куриное Д1 (10шт.),4.98
2025-04-10,sup9,cat2,Томат,23.13
2025-04-10,sup6,cat10,Батон нарезной (240г.),1.22
2025-04-10,sup8,cat2,Картофель,3.58
2025-04-10,sup5,cat12,Квас светлый (1л.),2.65
2025-04-10,sup2,cat4,Яйцо куриное Д1 (10шт.),4.98
2025-04-10,sup5,cat8,Крупа гречневая (700г.),2.07
2025-04-10,sup6,cat10,Батон нарезной (240г.),1.22
2025-04-10,sup1,cat11,Колбаса вареная (400г.),4.98
2025-04-10,sup5,cat12,Вода негаз. (0.5л.),0.99
2025-04-10,sup2,cat6,Котлеты,13.72
2025-04-10,sup5,cat8,Сахар (1кг.),0.73
2025-04-10,sup5,cat9,Конфеты шоколадные,30.96
2025-04-10,sup6,cat10,Булочка с маком (1шт.),1.49
2025-04-10,sup5,cat9,Печенье овсяное (400г.),8.66
2025-04-10,sup4,cat7,Креветки,38.88
2025-04-10,sup1,cat11,Колбаски охотничьи (500г.),9.20
2025-04-10,sup6,cat10,Хлеб светлый (400г.),1.20
2025-04-10,sup8,cat1,Яблоко,6.57
2025-04-10,sup7,cat10,Батон нарезной (240г.),1.22
2025-04-10,sup1,cat6,Голубцы,28.20
2025-04-10,sup5,cat9,Конфеты шоколадные,29.78
2025-04-10,sup4,cat7,Креветки,36.13
2025-04-10,sup3,cat3,Масло сливочное (180г.),4.59
2025-04-10,sup5,cat8,Сахар (1кг.),0.73
2025-04-10,sup3,cat3,Кефир (1л.),4.54
2025-04-10,sup2,cat6,Голубцы,30.82
2025-04-10,sup5,cat9,Шоколад молочный (90г.),5.99
2025-04-10,sup10,cat2,Картофель,4.15
2025-04-10,sup5,cat9,Печенье овсяное (400г.),4.33
2025-04-10,sup6,cat10,Булочка с маком (1шт.),7.45
2025-04-10,sup7,cat10,Хлеб светлый (400г.),1.20
2025-04-10,sup5,cat8,Чай пак. (25шт.),7.60
2025-04-10,sup2,cat4,Яйцо куриное С1 (10шт.),3.81
2025-04-10,sup6,cat10,Булочка с маком (1шт.),1.49
2025-04-10,sup2,cat4,Яйцо куриное Д1 (10шт.),4.98
2025-04-10,sup5,cat8,Спагетти (400г.),1.76
2025-04-10,sup5,cat12,Лимонад (2л.),10.70
2025-04-10,sup6,cat10,Батон нарезной (240г.),1.22
2025-04-10,sup2,cat4,Яйцо куриное С1 (15шт.),6.44
2025-04-10,sup6,cat10,Булочка с маком (1шт.),2.98
2025-04-10,sup8,cat2,Лук репчатый,1.66
2025-04-10,sup12,cat12,Coca-Cola (1л.),3.07
2025-04-10,sup2,cat4,Яйцо куриное С1 (15шт.),6.44
2025-04-10,sup3,cat3,Кефир (1л.),2.27
2025-04-10,sup5,cat8,Рис (900г.),3.49
2025-04-10,sup7,cat10,Хлеб светлый (400г.),1.20
2025-04-10,sup5,cat12,Лимонад (2л.),5.35
2025-04-10,sup1,cat11,Сосиски молочные,11.12
2025-04-10,sup1,cat11,Колбаски охотничьи (500г.),9.20
2025-04-11,sup1,cat11,Сервелат (400г.),8.51
2025-04-11,sup2,cat11,Сосиски молочные,8.26
2025-04-11,sup4,cat7,Форель (200г.),18.25
2025-04-11,sup10,cat2,Картофель,5.60
2025-04-11,sup6,cat10,Батон нарезной (240г.),1.22
2025-04-11,sup2,cat6,Котлеты,23.31
2025-04-11,sup8,cat2,Свекла,1.00
2025-04-11,sup3,cat3,Молоко (1л.),2.60
2025-04-11,sup5,cat9,Карамель,1.54
2025-04-11,sup10,cat2,Морковь,1.54
2025-04-11,sup9,cat1,Яблоко,9.35
2025-04-11,sup5,cat8,Спагетти (400г.),3.52
2025-04-11,sup2,cat6,Печень куриная (550г.),5.50
2025-04-11,sup5,cat8,Мука (1кг.),1.64
2025-04-11,sup6,cat10,Хлеб ржаной (450г.),1.50
2025-04-11,sup12,cat12,Вода негаз. (0.5л.),1.98
2025-04-11,sup7,cat10,Хлеб светлый (400г.),1.20
2025-04-11,sup2,cat11,Сосиски молочные,4.32
2025-04-11,sup1,cat11,Сосиски молочные,8.45
2025-04-11,sup5,cat12,Вода негаз. (0.5л.),0.99
2025-04-11,sup9,cat2,Томат,22.61
2025-04-11,sup2,cat6,Колбаски,36.55
2025-04-11,sup7,cat10,Батон нарезной (240г.),1.22
2025-04-11,sup10,cat2,Картофель,2.90
2025-04-11,sup2,cat11,Колбаса вареная (400г.),4.98
2025-04-11,sup4,cat7,Форель (200г.),36.50
2025-04-11,sup3,cat3,Масло сливочное (180г.),4.59
2025-04-11,sup2,cat6,Колбаски,14.44
2025-04-11,sup9,cat2,Томат,1.35
2025-04-11,sup6,cat10,Батон нарезной (240г.),1.22
2025-04-11,sup5,cat12,Лимонад (2л.),5.35
2025-04-11,sup7,cat10,Батон нарезной (240г.),1.22
2025-04-11,sup10,cat2,Картофель,4.44
2025-04-11,sup8,cat2,Лук репчатый,0.23
2025-04-11,sup1,cat5,Говядина,14.45
2025-04-11,sup2,cat4,Яйцо куриное Д1 (10шт.),4.98
2025-04-11,sup3,cat3,Молоко (1л.),2.60
2025-04-11,sup5,cat8,Крупа перловая (1кг.),1.44
2025-04-11,sup1,cat11,Сервелат (400г.),8.51
2025-04-11,sup4,cat7,Икра лососевая (140г.),32.99
2025-04-11,sup6,cat10,Багет (200г.),2.49
2025-04-11,sup5,cat12,Вода негаз. (0.5л.),0.99
2025-04-11,sup2,cat6,Котлеты,22.68
2025-04-11,sup7,cat10,Батон нарезной (240г.),1.22
2025-04-11,sup5,cat12,Вода негаз. (0.5л.),1.98
2025-04-11,sup5,cat12,Чай холодный (0.5л.),3.59
2025-04-11,sup1,cat11,Сосиски молочные,7.45
2025-04-11,sup6,cat10,Булочка с маком (1шт.),1.49
2025-04-11,sup6,cat10,Лаваш (300г.),2.89
2025-04-11,sup5,cat9,Печенье овсяное (400г.),4.33
2025-04-11,sup5,cat8,Кофе мол. (250г.),19.99
2025-04-11,sup4,cat7,Минтай,0.70
2025-04-11,sup2,cat5,Филе куриное,16.28
2025-04-11,sup3,cat3,Сыр голландский (200г.),5.02
2025-04-11,sup6,cat10,Лаваш (300г.),2.89
2025-04-11,sup2,cat4,Яйцо куриное Д1 (10шт.),4.98
2025-04-11,sup1,cat6,Котлеты,16.95
2025-04-11,sup1,cat11,Сосиски молочные,6.63
2025-04-11,sup4,cat7,Хек,12.15
2025-04-11,sup10,cat2,Картофель,4.49
2025-04-11,sup5,cat9,Конфеты шоколадные,14.19
2025-04-11,sup9,cat1,Банан,12.54
2025-04-11,sup6,cat10,Батон нарезной (240г.),1.22
2025-04-11,sup3,cat3,Сыр российский,21.20
2025-04-11,sup5,cat8,Мука (1кг.),1.64
2025-04-11,sup1,cat5,Свинина,28.80
2025-04-11,sup5,cat8,Масло подсолнечное (0.8л.),4.04
2025-04-11,sup2,cat11,Сосиски молочные,7.88
2025-04-12,sup8,cat2,Томат,10.03
2025-04-12,sup6,cat10,Батон нарезной (240г.),1.22
2025-04-12,sup1,cat5,Говядина,16.26
2025-04-12,sup6,cat10,Хлеб ржаной (450г.),1.50
2025-04-12,sup5,cat8,Чай пак. (25шт.),3.80
2025-04-12,sup8,cat2,Картофель,2.35
2025-04-12,sup2,cat4,Яйцо куриное С1 (10шт.),3.81
2025-04-12,sup1,cat6,Фарш,11.87
2025-04-12,sup8,cat2,Картофель,3.00
2025-04-12,sup5,cat8,Кофе мол. (250г.),39.98
2025-04-12,sup12,cat12,Coca-Cola (1л.),3.07
2025-04-12,sup7,cat10,Батон нарезной (240г.),1.22
2025-04-12,sup10,cat2,Лук репчатый,1.29
2025-04-12,sup6,cat10,Лаваш (300г.),2.89
2025-04-12,sup3,cat3,Молоко (1л.),2.60
2025-04-12,sup8,cat2,Морковь,1.98
2025-04-12,sup3,cat3,Кефир (1л.),2.27
2025-04-12,sup12,cat12,Вода негаз. (0.5л.),1.98
2025-04-12,sup2,cat4,Яйцо куриное С1 (10шт.),7.62
2025-04-12,sup5,cat12,Квас светлый (1л.),2.65
2025-04-12,sup3,cat3,Кефир (1л.),2.27
2025-04-12,sup1,cat11,Сосиски молочные,6.71
2025-04-12,sup4,cat7,Хек,4.85
2025-04-12,sup5,cat9,Карамель,7.16
2025-04-12,sup6,cat10,Батон нарезной (240г.),2.44
2025-04-12,sup3,cat3,Масло сливочное (180г.),4.59
2025-04-12,sup5,cat9,Конфеты шоколадные,28.24
2025-04-12,sup5,cat8,Спагетти (400г.),1.76
2025-04-12,sup3,cat3,Сметана (180г.),3.88
2025-04-12,sup5,cat9,Мармелад,1.87
2025-04-12,sup3,cat3,Масло сливочное (180г.),4.59
2025-04-12,sup5,cat8,Крупа перловая (1кг.),1.44
2025-04-12,sup2,cat4,Яйцо куриное С1 (10шт.),7.62
2025-04-12,sup7,cat10,Хлеб светлый (400г.),1.20
2025-04-12,sup8,cat2,Картофель,5.52
2025-04-12,sup2,cat4,Яйцо куриное Д1 (10шт.),4.98
2025-04-12,sup7,cat10,Багет (200г.),2.49
2025-04-12,sup6,cat10,Хлеб ржаной (450г.),1.50
2025-04-12,sup2,cat5,Окорочка куриные,6.84
2025-04-12,sup3,cat3,Творог (200г.),2.44
2025-04-12,sup8,cat2,Томат,10.75
2025-04-12,sup1,cat11,Колбаса вареная (400г.),4.98
2025-04-12,sup2,cat4,Яйцо куриное С1 (10шт.),3.81
2025-04-12,sup8,cat2,Лук репчатый,1.98
2025-04-12,sup12,cat12,Coca-Cola (1л.),3.07
2025-04-12,sup3,cat3,Кефир (1л.),2.27
2025-04-12,sup8,cat2,Свекла,0.21
2025-04-12,sup3,cat3,Творог (200г.),4.88
2025-04-12,sup3,cat3,Сметана (380г.),3.71
2025-04-12,sup10,cat2,Картофель,4.50
2025-04-12,sup1,cat5,Говядина,25.39
2025-04-12,sup1,cat11,Колбаски охотничьи (500г.),9.20
2025-04-12,sup5,cat9,Печенье овсяное (400г.),4.33
2025-04-12,sup2,cat6,Котлеты,22.58
2025-04-12,sup5,cat8,Мука (1кг.),1.64
2025-04-12,sup2,cat5,Филе куриное,16.36
2025-04-12,sup5,cat12,Лимонад (2л.),5.35
2025-04-12,sup5,cat12,Лимонад (2л.),5.35
2025-04-12,sup3,cat3,Кефир (1л.),4.54
2025-04-12,sup6,cat10,Багет (200г.),2.49
2025-04-12,sup3,cat3,Молоко (1л.),2.60
2025-04-12,sup2,cat11,Ветчина,12.19
2025-04-12,sup7,cat10,Батон нарезной (240г.),1.22
2025-04-12,sup5,cat8,Кофе раств. (95г.),14.99
2025-04-12,sup5,cat9,Печенье овсяное (400г.),8.66
2025-04-12,sup4,cat7,Скумбрия,10.70
2025-04-13,sup6,cat10,Батон нарезной (240г.),1.22
2025-04-13,sup1,cat11,Сосиски молочные,4.53
2025-04-13,sup10,cat2,Лук репчатый,1.56
2025-04-13,sup9,cat1,Банан,10.93
2025-04-13,sup12,cat12,Coca-Cola (1л.),3.07
2025-04-13,sup1,cat11,Колбаса вареная (400г.),4.98
2025-04-13,sup5,cat12,Чай холодный (0.5л.),3.59
2025-04-13,sup1,cat6,Голубцы,31.18
2025-04-13,sup5,cat9,Зефир (230г.),17.58
2025-04-13,sup1,cat5,Говядина,25.04
2025-04-13,sup5,cat8,Сахар (1кг.),1.46
2025-04-13,sup5,cat8,Крупа перловая (1кг.),1.44
2025-04-13,sup1,cat11,Сосиски молочные,7.06
2025-04-13,sup8,cat2,Томат,4.19
2025-04-13,sup3,cat3,Молоко (1л.),2.60
2025-04-13,sup4,cat7,Креветки,35.81
2025-04-13,sup4,cat7,Минтай,0.76
2025-04-13,sup2,cat6,Печень куриная (550г.),11.00
2025-04-13,sup6,cat10,Батон нарезной (240г.),1.22
2025-04-13,sup1,cat5,Говядина,38.43
2025-04-13,sup9,cat1,Банан,10.89
2025-04-13,sup1,cat6,Фарш,21.37
2025-04-13,sup3,cat3,Сметана (180г.),3.88
2025-04-13,sup7,cat10,Батон нарезной (240г.),1.22
2025-04-13,sup3,cat3,Масло сливочное (180г.),4.59
2025-04-13,sup5,cat12,Чай холодный (0.5л.),3.59
2025-04-13,sup8,cat2,Капуста,3.24
2025-04-13,sup5,cat8,Рис (900г.),3.49
2025-04-13,sup10,cat2,Картофель,4.61
2025-04-13,sup2,cat4,Яйцо куриное С1 (10шт.),3.81
2025-04-13,sup6,cat10,Батон нарезной (240г.),1.22
2025-04-13,sup8,cat2,Картофель,0.80
2025-04-13,sup5,cat8,Соль (1кг.),0.73
2025-04-13,sup3,cat3,Молоко (1л.),5.20
2025-04-13,sup3,cat3,Сметана (180г.),3.88
2025-04-13,sup2,cat6,Голубцы,13.60
2025-04-13,sup6,cat10,Батон нарезной (240г.),1.22
2025-04-13,sup6,cat10,Батон нарезной (240г.),1.22
2025-04-13,sup8,cat2,Томат,6.91
2025-04-13,sup10,cat2,Картофель,2.45
2025-04-13,sup8,cat2,Картофель,3.37
2025-04-13,sup4,cat7,Икра лососевая (140г.),32.99
2025-04-13,sup9,cat2,Огурец,1.14
2025-04-13,sup2,cat5,Окорочка куриные,9.15
2025-04-13,sup3,cat3,Молоко (1л.),2.60
2025-04-13,sup2,cat5,Окорочка куриные,8.23
2025-04-13,sup5,cat8,Крупа гречневая (700г.),2.07
2025-04-13,sup9,cat1,Груша,10.04
2025-04-13,sup12,cat12,Вода негаз. (0.5л.),0.99
2025-04-13,sup3,cat3,Кефир (1л.),2.27
2025-04-13,sup6,cat10,Хлеб светлый (400г.),1.20
2025-04-13,sup12,cat12,Вода негаз. (0.5л.),0.99
2025-04-13,sup6,cat10,Батон нарезной (240г.),1.22
2025-04-13,sup1,cat11,Ветчина,10.70
2025-04-13,sup12,cat12,Вода негаз. (0.5л.),0.99
2025-04-13,sup1,cat11,Сосиски молочные,8.99
2025-04-14,sup10,cat2,Картофель,4.61
2025-04-14,sup3,cat3,Молоко (1л.),2.60
2025-04-14,sup12,cat12,Вода негаз. (0.5л.),0.99
2025-04-14,sup3,cat3,Молоко (1л.),5.20
2025-04-14,sup10,cat2,Картофель,1.53
2025-04-14,sup6,cat10,Батон нарезной (240г.),2.44
2025-04-14,sup9,cat2,Томат,18.86
2025-04-14,sup5,cat8,Сахар (1кг.),0.73
2025-04-14,sup3,cat3,Кефир (1л.),2.27
2025-04-14,sup5,cat8,Крупа гречневая (700г.),4.14
2025-04-14,sup1,cat11,Салями,21.43
2025-04-14,sup5,cat9,Конфеты шоколадные,30.34
2025-04-14,sup2,cat5,Окорочка куриные,11.68
2025-04-14,sup6,cat10,Батон нарезной (240г.),2.44
2025-04-14,sup10,cat2,Картофель,5.74
2025-04-14,sup5,cat9,Карамель,0.85
2025-04-14,sup5,cat8,Кофе мол. (250г.),19.99
2025-04-14,sup2,cat11,Сосиски молочные,5.05
2025-04-14,sup2,cat5,Филе куриное,9.78
2025-04-14,sup6,cat10,Батон нарезной (240г.),1.22
2025-04-14,sup7,cat10,Багет (200г.),2.49
2025-04-14,sup8,cat2,Морковь,1.25
2025-04-14,sup3,cat3,Кефир (1л.),4.54
2025-04-14,sup1,cat6,Фарш,39.20
2025-04-14,sup12,cat12,Вода негаз. (0.5л.),1.98
2025-04-14,sup8,cat2,Капуста,3.64
2025-04-14,sup6,cat10,Хлеб светлый (400г.),1.20
2025-04-14,sup6,cat10,Лаваш (300г.),2.89
2025-04-14,sup3,cat3,Молоко (1л.),2.60
2025-04-14,sup1,cat11,Сосиски молочные,6.68
2025-04-14,sup3,cat3,Молоко (1л.),2.60
2025-04-14,sup9,cat2,Огурец,8.17
2025-04-14,sup5,cat9,Шоколад молочный (90г.),5.99
2025-04-14,sup3,cat3,Масло сливочное (180г.),4.59
2025-04-14,sup6,cat10,Батон нарезной (240г.),2.44
2025-04-14,sup2,cat11,Сосиски молочные,11.53
2025-04-14,sup3,cat3,Кефир (1л.),2.27
2025-04-14,sup5,cat12,Вода негаз. (0.5л.),1.98
2025-04-14,sup7,cat10,Батон нарезной (240г.),2.44
2025-04-14,sup10,cat2,Морковь,1.03
2025-04-14,sup8,cat1,Груша,18.20
2025-04-14,sup4,cat7,Хек,17.75
2025-04-14,sup3,cat3,Творог (200г.),2.44
2025-04-14,sup3,cat3,Творог (200г.),2.44
2025-04-14,sup3,cat3,Кефир (1л.),2.27
2025-04-14,sup7,cat10,Хлеб светлый (400г.),1.20
2025-04-14,sup3,cat3,Кефир (1л.),2.27
2025-04-14,sup5,cat8,Крупа перловая (1кг.),1.44
2025-04-14,sup5,cat12,Лимонад (2л.),5.35
2025-04-14,sup1,cat5,Говядина,14.51
2025-04-15,sup3,cat3,Сыр российский,5.59
2025-04-15,sup12,cat12,Coca-Cola (1л.),3.07
2025-04-15,sup5,cat8,Кофе раств. (95г.),44.97
2025-04-15,sup7,cat10,Батон нарезной (240г.),1.22
2025-04-15,sup10,cat1,Яблоко,11.35
2025-04-15,sup4,cat7,Форель (200г.),18.25
2025-04-15,sup4,cat7,Форель (200г.),18.25
2025-04-15,sup1,cat6,Фарш,20.76
2025-04-15,sup9,cat2,Томат,11.64
2025-04-15,sup2,cat4,Яйцо куриное Д1 (10шт.),4.98
2025-04-15,sup6,cat10,Батон нарезной (240г.),2.44
2025-04-15,sup5,cat8,Масло подсолнечное (0.8л.),2.02
2025-04-15,sup10,cat2,Картофель,5.80
2025-04-15,sup4,cat7,Скумбрия,14.97
2025-04-15,sup3,cat3,Молоко (1л.),2.60
2025-04-15,sup12,cat12,Вода негаз. (0.5л.),0.99
2025-04-15,sup3,cat3,Масло сливочное (180г.),4.59
2025-04-15,sup1,cat11,Бекон (220г),9.99
2025-04-15,sup6,cat10,Хлеб ржаной (450г.),1.50
2025-04-15,sup1,cat11,Сосиски молочные,9.99
2025-04-15,sup4,cat7,Сельдь (250г.),5.99
2025-04-15,sup5,cat8,Сахар (1кг.),2.92
2025-04-15,sup5,cat12,Чай холодный (0.5л.),3.59
2025-04-15,sup3,cat3,Молоко (1л.),2.60
2025-04-15,sup8,cat2,Картофель,2.61
2025-04-15,sup6,cat10,Батон нарезной (240г.),2.44
2025-04-15,sup1,cat6,Фарш,35.60
2025-04-15,sup2,cat4,Яйцо куриное С1 (10шт.),3.81
2025-04-15,sup1,cat5,Свинина,16.78
2025-04-15,sup2,cat11,Сосиски молочные,8.33
2025-04-15,sup4,cat7,Форель (200г.),18.25
2025-04-15,sup2,cat4,Яйцо куриное С1 (10шт.),3.81
2025-04-15,sup2,cat6,Печень куриная (550г.),5.50
2025-04-15,sup8,cat2,Капуста,4.45
2025-04-15,sup4,cat7,Паста рыбная (150г.),2.95
2025-04-15,sup1,cat5,Говядина,28.50
2025-04-15,sup1,cat11,Колбаса вареная (400г.),4.98
2025-04-15,sup2,cat6,Фарш,39.28
2025-04-15,sup10,cat12,Сок яблочный (1л.),5.17
2025-04-15,sup6,cat10,Хлеб светлый (400г.),1.20
2025-04-15,sup5,cat12,Сок апельсиновый (1л.),7.20
2025-04-15,sup3,cat3,Кефир (1л.),4.54
2025-04-15,sup1,cat5,Свинина,35.15
2025-04-15,sup1,cat5,Свинина,33.62
2025-04-15,sup8,cat2,Огурец,4.08
2025-04-15,sup8,cat2,Капуста,4.61
2025-04-15,sup7,cat10,Батон нарезной (240г.),1.22
2025-04-15,sup3,cat3,Сметана (380г.),7.42
2025-04-15,sup6,cat10,Батон нарезной (240г.),1.22
2025-04-16,sup1,cat5,Свинина,13.12
2025-04-16,sup2,cat4,Яйцо куриное Д1 (10шт.),4.98
2025-04-16,sup6,cat10,Батон нарезной (240г.),1.22
2025-04-16,sup1,cat6,Котлеты,19.22
2025-04-16,sup8,cat2,Картофель,3.45
2025-04-16,sup6,cat10,Батон нарезной (240г.),1.22
2025-04-16,sup9,cat2,Томат,21.93
2025-04-16,sup6,cat10,Багет (200г.),2.49
2025-04-16,sup1,cat11,Сосиски молочные,10.47
2025-04-16,sup2,cat4,Яйцо куриное С1 (15шт.),6.44
2025-04-16,sup5,cat12,Вода негаз. (0.5л.),0.99
2025-04-16,sup5,cat8,Мука (1кг.),1.64
2025-04-16,sup3,cat3,Молоко (1л.),2.60
2025-04-16,sup10,cat2,Картофель,5.09
2025-04-16,sup4,cat7,Скумбрия,11.62
2025-04-16,sup1,cat11,Колбаса вареная (400г.),4.98
2025-04-16,sup1,cat11,Сосиски молочные,4.71
2025-04-16,sup7,cat10,Хлеб светлый (400г.),1.20
2025-04-16,sup3,cat3,Кефир (1л.),4.54
2025-04-16,sup3,cat3,Сметана (380г.),3.71
2025-04-16,sup5,cat12,Вода негаз. (0.5л.),1.98
2025-04-16,sup6,cat10,Батон нарезной (240г.),1.22
2025-04-16,sup3,cat3,Молоко (1л.),2.60
2025-04-16,sup2,cat4,Яйцо куриное С1 (15шт.),6.44
2025-04-16,sup6,cat10,Батон нарезной (240г.),2.44
2025-04-16,sup3,cat3,Творог (200г.),2.44
2025-04-16,sup8,cat2,Картофель,5.36
2025-04-16,sup5,cat8,Крупа перловая (1кг.),2.88
2025-04-16,sup5,cat8,Крупа перловая (1кг.),1.44
2025-04-16,sup5,cat8,Сахар (1кг.),0.73
2025-04-16,sup3,cat3,Сметана (380г.),3.71
2025-04-16,sup1,cat5,Говядина,21.27
2025-04-16,sup5,cat9,Печенье овсяное (400г.),4.33
2025-04-16,sup7,cat10,Хлеб светлый (400г.),1.20
2025-04-16,sup4,cat7,Кальмар,42.18
2025-04-16,sup2,cat11,Сосиски молочные,9.06
2025-04-16,sup6,cat10,Батон нарезной (240г.),1.22
2025-04-16,sup5,cat8,Сахар (1кг.),1.46
2025-04-16,sup9,cat1,Банан,4.68
2025-04-16,sup3,cat3,Творог (200г.),2.44
2025-04-16,sup3,cat3,Творог (200г.),4.88
2025-04-16,sup7,cat10,Батон нарезной (240г.),1.22
2025-04-16,sup5,cat9,Зефир (230г.),17.58
2025-04-16,sup6,cat10,Булочка с маком (1шт.),2.98
2025-04-16,sup10,cat2,Картофель,4.95
2025-04-16,sup5,cat8,Мука (2кг.),5.20
2025-04-16,sup10,cat2,Морковь,0.64
2025-04-16,sup6,cat10,Лаваш (300г.),2.89
2025-04-16,sup3,cat3,Молоко (1л.),2.60
2025-04-16,sup2,cat6,Фарш,11.23
2025-04-16,sup5,cat9,Зефир (230г.),17.58
2025-04-16,sup3,cat3,Кефир (1л.),2.27
2025-04-17,sup8,cat2,Огурец,2.56
2025-04-17,sup6,cat10,Плетенка (450г.),4.04
2025-04-17,sup8,cat2,Морковь,2.56
2025-04-17,sup2,cat11,Сосиски молочные,4.90
2025-04-17,sup5,cat9,Печенье овсяное (400г.),4.33
2025-04-17,sup5,cat8,Спагетти (400г.),1.76
2025-04-17,sup2,cat5,Окорочка куриные,7.81
2025-04-17,sup1,cat5,Говядина,20.43
2025-04-17,sup7,cat10,Сушки (500г.),7.98
2025-04-17,sup3,cat3,Масло сливочное (180г.),9.18
2025-04-17,sup1,cat11,Салями,21.78
2025-04-17,sup1,cat5,Говядина,14.88
2025-04-17,sup5,cat12,Вода мин. газ. (1л.),1.59
2025-04-17,sup6,cat10,Батон нарезной (240г.),2.44
2025-04-17,sup5,cat8,Сахар (1кг.),2.92
2025-04-17,sup7,cat10,Хлеб ржаной (450г.),1.50
2025-04-17,sup8,cat2,Лук репчатый,1.64
2025-04-17,sup6,cat10,Батон нарезной (240г.),1.22
2025-04-17,sup6,cat10,Булочка с маком (1шт.),4.47
2025-04-17,sup7,cat10,Хлеб светлый (400г.),1.20
2025-04-17,sup3,cat3,Кефир (1л.),2.27
2025-04-17,sup7,cat10,Багет (200г.),2.49
2025-04-17,sup8,cat2,Капуста,3.46
2025-04-17,sup5,cat8,Мука (1кг.),1.64
2025-04-17,sup6,cat10,Хлеб ржаной (450г.),1.50
2025-04-17,sup1,cat11,Сосиски молочные,7.74
2025-04-17,sup2,cat4,Яйцо перепелиное (10шт.),2.95
2025-04-17,sup8,cat2,Свекла,1.47
2025-04-17,sup3,cat3,Молоко (1л.),2.60
2025-04-17,sup1,cat5,Говядина,12.73
2025-04-17,sup1,cat6,Колбаски,21.30
2025-04-17,sup7,cat10,Хлеб светлый (400г.),1.20
2025-04-17,sup12,cat12,Вода негаз. (0.5л.),0.99
2025-04-17,sup3,cat3,Сметана (180г.),1.94
2025-04-17,sup8,cat2,Капуста,2.77
2025-04-17,sup5,cat9,Шоколад молочный (90г.),5.99
2025-04-17,sup5,cat8,Сахар (1кг.),3.65
2025-04-17,sup8,cat2,Свекла,0.76
2025-04-17,sup5,cat9,Карамель,6.56
2025-04-17,sup3,cat3,Кефир (1л.),2.27
2025-04-17,sup3,cat3,Творог (200г.),2.44
2025-04-17,sup2,cat4,Яйцо куриное С1 (10шт.),3.81
2025-04-17,sup8,cat2,Томат,14.94
2025-04-17,sup1,cat6,Фарш,42.04
2025-04-17,sup5,cat12,Чай холодный (0.5л.),3.59
2025-04-17,sup5,cat9,Конфеты шоколадные,22.88
2025-04-17,sup3,cat3,Сыр сливочный (200г.),5.41
2025-04-17,sup5,cat8,Крупа гречневая (700г.),2.07
2025-04-17,sup8,cat2,Картофель,2.06
2025-04-17,sup1,cat5,Говядина,9.31
2025-04-17,sup7,cat10,Батон нарезной (240г.),1.22
2025-04-17,sup2,cat6,Фарш,37.49
2025-04-17,sup2,cat4,Яйцо куриное С1 (10шт.),3.81
2025-04-18,sup3,cat3,Творог (200г.),4.88
2025-04-18,sup1,cat6,Котлеты,16.73
2025-04-18,sup6,cat10,Хлеб светлый (400г.),1.20
2025-04-18,sup5,cat9,Конфеты шоколадные,18.66
2025-04-18,sup4,cat7,Скумбрия,10.67
2025-04-18,sup2,cat5,Окорочка куриные,9.45
2025-04-18,sup10,cat1,Яблоко,2.00
2025-04-18,sup6,cat10,Хлеб светлый (400г.),1.20
2025-04-18,sup5,cat12,Сок яблочный (1л.),5.17
2025-04-18,sup3,cat3,Кефир (1л.),2.27
2025-04-18,sup1,cat6,Фарш,30.86
2025-04-18,sup5,cat12,Сок апельсиновый (1л.),14.40
2025-04-18,sup8,cat1,Груша,6.09
2025-04-18,sup6,cat10,Багет (200г.),2.49
2025-04-18,sup6,cat10,Плетенка (450г.),4.04
2025-04-18,sup5,cat8,Пшено (900г.),2.35
2025-04-18,sup12,cat12,Вода негаз. (0.5л.),0.99
2025-04-18,sup6,cat10,Булочка с маком (1шт.),1.49
2025-04-18,sup2,cat6,Желудки куриные (550г.),4.98
2025-04-18,sup5,cat9,Шоколад молочный (90г.),11.98
2025-04-18,sup1,cat6,Голубцы,14.93
2025-04-18,sup6,cat10,Булочка с маком (1шт.),1.49
2025-04-18,sup1,cat5,Свинина,34.83
2025-04-18,sup3,cat3,Кефир (1л.),2.27
2025-04-18,sup1,cat11,Колбаса вареная (400г.),4.98
2025-04-18,sup9,cat2,Томат,9.97
2025-04-18,sup2,cat5,Филе куриное,5.62
2025-04-18,sup6,cat10,Батон нарезной (240г.),1.22
2025-04-18,sup5,cat12,Вода негаз. (0.5л.),1.98
2025-04-18,sup6,cat10,Лаваш (300г.),2.89
2025-04-18,sup6,cat10,Лаваш (300г.),2.89
2025-04-18,sup5,cat8,Спагетти (400г.),1.76
2025-04-18,sup1,cat11,Ветчина,7.36
2025-04-18,sup1,cat11,Сервелат (400г.),8.51
2025-04-18,sup5,cat9,Карамель,1.43
2025-04-18,sup7,cat10,Батон нарезной (240г.),1.22
2025-04-18,sup3,cat3,Масло сливочное (180г.),4.59
2025-04-18,sup3,cat3,Сыр российский,9.65
2025-04-18,sup5,cat8,Спагетти (400г.),1.76
2025-04-18,sup4,cat7,Паста рыбная (150г.),2.95
2025-04-18,sup1,cat6,Голубцы,25.38
2025-04-18,sup5,cat12,Квас светлый (1л.),2.65
2025-04-18,sup2,cat11,Сосиски молочные,4.44
2025-04-18,sup5,cat12,Лимонад (2л.),5.35
2025-04-18,sup5,cat8,Кофе мол. (250г.),19.99
2025-04-18,sup5,cat9,Шоколад молочный (90г.),5.99
2025-04-18,sup2,cat5,Окорочка куриные,7.68
2025-04-18,sup8,cat2,Томат,6.54
2025-04-18,sup3,cat3,Кефир (1л.),2.27
2025-04-18,sup5,cat8,Масло подсолнечное (0.8л.),4.04
2025-04-18,sup3,cat3,Кефир (1л.),2.27
2025-04-18,sup2,cat6,Голубцы,32.65
2025-04-18,sup4,cat7,Скумбрия,15.60
2025-04-18,sup5,cat9,Конфеты шоколадные,32.57
2025-04-18,sup7,cat10,Батон нарезной (240г.),1.22
2025-04-18,sup3,cat3,Сметана (380г.),3.71
2025-04-18,sup3,cat3,Молоко (1л.),5.20
2025-04-18,sup4,cat7,Форель (200г.),18.25
2025-04-18,sup4,cat7,Хек,2.01
2025-04-18,sup9,cat2,Томат,14.54
2025-04-18,sup10,cat12,Сок яблочный (1л.),5.17
2025-04-18,sup12,cat12,Coca-Cola (1л.),3.07
2025-04-18,sup1,cat5,Говядина,31.95
2025-04-18,sup1,cat5,Говядина,37.45
2025-04-19,sup6,cat10,Булочка с маком (1шт.),1.49
2025-04-19,sup1,cat11,Сосиски молочные,6.99
2025-04-19,sup7,cat10,Батон нарезной (240г.),1.22
2025-04-19,sup2,cat4,Яйцо куриное С1 (10шт.),3.81
2025-04-19,sup2,cat4,Яйцо куриное Д1 (10шт.),4.98
2025-04-19,sup10,cat12,Сок яблочный (1л.),5.17
2025-04-19,sup5,cat12,Вода негаз. (0.5л.),0.99
2025-04-19,sup3,cat3,Молоко (1л.),2.60
2025-04-19,sup5,cat12,Квас светлый (1л.),2.65
2025-04-19,sup8,cat2,Капуста,4.10
2025-04-19,sup2,cat4,Яйцо перепелиное (10шт.),2.95
2025-04-19,sup1,cat11,Сервелат (400г.),8.51
2025-04-19,sup1,cat5,Говядина,34.61
2025-04-19,sup1,cat5,Говядина,35.27
2025-04-19,sup5,cat12,Квас светлый (1л.),2.65
2025-04-19,sup3,cat3,Кефир (1л.),2.27
2025-04-19,sup1,cat6,Голубцы,9.08
2025-04-19,sup6,cat10,Батон нарезной (240г.),1.22
2025-04-19,sup6,cat10,Плетенка (450г.),4.04
2025-04-19,sup6,cat10,Батон нарезной (240г.),1.22
2025-04-19,sup5,cat9,Карамель,4.90
2025-04-19,sup3,cat3,Молоко (1л.),2.60
2025-04-19,sup9,cat2,Томат,18.27
2025-04-19,sup1,cat6,Шашлык,19.02
2025-04-19,sup2,cat6,Фарш,26.99
2025-04-19,sup6,cat10,Батон нарезной (240г.),1.22
2025-04-19,sup5,cat9,Печенье овсяное (400г.),4.33
2025-04-19,sup1,cat11,Колбаса вареная (400г.),4.98
2025-04-19,sup5,cat8,Кофе раств. (95г.),14.99
2025-04-19,sup6,cat10,Батон нарезной (240г.),1.22
2025-04-19,sup1,cat5,Свинина,22.57
2025-04-19,sup2,cat6,Желудки куриные (550г.),4.98
2025-04-19,sup7,cat10,Хлеб ржаной (450г.),1.50
2025-04-19,sup8,cat2,Лук репчатый,1.63
2025-04-19,sup6,cat10,Хлеб светлый (400г.),1.20
2025-04-19,sup6,cat10,Булочка с маком (1шт.),1.49
2025-04-19,sup1,cat6,Котлеты,7.84
2025-04-19,sup4,cat7,Креветки,42.50
2025-04-19,sup6,cat10,Булочка с маком (1шт.),1.49
2025-04-19,sup5,cat8,Макароны (900г.),2.98
2025-04-19,sup2,cat11,Сосиски молочные,11.65
2025-04-19,sup6,cat10,Батон нарезной (240г.),1.22
2025-04-19,sup4,cat7,Сельдь (250г.),5.99
2025-04-19,sup5,cat12,Сок апельсиновый (1л.),7.20
2025-04-19,sup2,cat5,Окорочка куриные,10.78
2025-04-19,sup6,cat10,Багет (200г.),2.49
2025-04-19,sup8,cat1,Яблоко,6.82
2025-04-19,sup3,cat3,Кефир (1л.),4.54
2025-04-19,sup5,cat12,Вода мин. газ. (1л.),4.77
2025-04-19,sup2,cat6,Колбаски,39.48
2025-04-19,sup5,cat8,Кофе мол. (250г.),19.99
2025-04-19,sup2,cat6,Печень куриная (550г.),5.50
2025-04-19,sup5,cat9,Конфеты шоколадные,15.46
2025-04-19,sup1,cat5,Говядина,13.14
2025-04-19,sup6,cat10,Плетенка (450г.),4.04
2025-04-19,sup10,cat2,Картофель,0.34
2025-04-19,sup5,cat9,Шоколад молочный (90г.),11.98
2025-04-19,sup5,cat8,Крупа перловая (1кг.),1.44
2025-04-19,sup3,cat3,Молоко (1л.),2.60
2025-04-19,sup2,cat5,Филе куриное,17.89
2025-04-19,sup7,cat10,Батон нарезной (240г.),2.44
2025-04-19,sup6,cat10,Хлеб ржаной (450г.),1.50
2025-04-19,sup3,cat3,Творог (200г.),2.44
2025-04-19,sup6,cat10,Батон нарезной (240г.),1.22
2025-04-19,sup6,cat10,Хлеб светлый (400г.),1.20
2025-04-20,sup2,cat4,Яйцо перепелиное (10шт.),2.95
2025-04-20,sup3,cat3,Масло сливочное (180г.),4.59
2025-04-20,sup5,cat12,Лимонад (2л.),5.35
2025-04-20,sup5,cat8,Мука (1кг.),1.64
2025-04-20,sup5,cat12,Вода негаз. (0.5л.),0.99
2025-04-20,sup8,cat2,Картофель,1.49
2025-04-20,sup6,cat10,Хлеб светлый (400г.),1.20
2025-04-20,sup8,cat2,Лук репчатый,1.27
2025-04-20,sup8,cat2,Лук репчатый,1.22
2025-04-20,sup1,cat6,Котлеты,13.43
2025-04-20,sup5,cat8,Кофе мол. (250г.),19.99
2025-04-20,sup5,cat8,Крупа перловая (1кг.),1.44
2025-04-20,sup3,cat3,Сыр российский,18.43
2025-04-20,sup7,cat10,Батон нарезной (240г.),1.22
2025-04-20,sup3,cat3,Сметана (380г.),7.42
2025-04-20,sup2,cat6,Печень куриная (550г.),11.00
2025-04-20,sup3,cat3,Сметана (380г.),7.42
2025-04-20,sup5,cat12,Квас светлый (1л.),2.65
2025-04-20,sup5,cat8,Спагетти (400г.),1.76
2025-04-20,sup9,cat2,Огурец,2.20
2025-04-20,sup4,cat7,Минтай,1.48
2025-04-20,sup2,cat11,Сосиски молочные,5.62
2025-04-20,sup1,cat5,Свинина,27.55
2025-04-20,sup2,cat6,Котлеты,22.41
2025-04-20,sup5,cat9,Конфеты шоколадные,17.26
2025-04-20,sup4,cat7,Кальмар,30.65
2025-04-20,sup5,cat12,Чай холодный (0.5л.),3.59
2025-04-20,sup10,cat2,Лук репчатый,0.91
2025-04-20,sup8,cat2,Томат,16.57
2025-04-20,sup7,cat10,Батон нарезной (240г.),1.22
2025-04-20,sup5,cat9,Конфеты шоколадные,15.28
2025-04-20,sup10,cat2,Картофель,1.70
2025-04-20,sup3,cat3,Молоко (1л.),2.60
2025-04-20,sup12,cat12,Coca-Cola (1л.),6.14
2025-04-20,sup1,cat11,Колбаса вареная (400г.),4.98
2025-04-20,sup3,cat3,Кефир (1л.),4.54
2025-04-20,sup8,cat2,Капуста,3.27
2025-04-20,sup5,cat8,Чай пак. (25шт.),7.60
2025-04-20,sup10,cat2,Морковь,2.06
2025-04-20,sup8,cat1,Яблоко,1.36
2025-04-20,sup1,cat6,Колбаски,28.04
2025-04-20,sup7,cat10,Батон нарезной (240г.),1.22
2025-04-20,sup3,cat3,Сыр российский,11.34
2025-04-20,sup2,cat4,Яйцо куриное Д1 (10шт.),4.98
2025-04-20,sup5,cat12,Лимонад (2л.),5.35
2025-04-20,sup2,cat4,Яйцо куриное Д1 (10шт.),4.98
2025-04-20,sup3,cat3,Молоко (1л.),2.60
2025-04-20,sup6,cat10,Хлеб светлый (400г.),1.20
2025-04-20,sup1,cat6,Котлеты,18.88
2025-04-20,sup8,cat2,Огурец,1.40
2025-04-20,sup5,cat8,Крупа гречневая (700г.),2.07
2025-04-20,sup6,cat10,Батон нарезной (240г.),1.22
2025-04-20,sup5,cat8,Кофе мол. (250г.),19.99
2025-04-20,sup10,cat2,Картофель,0.98
2025-04-20,sup8,cat2,Томат,14.71
2025-04-20,sup8,cat1,Яблоко,14.43
2025-04-21,sup10,cat2,Лук репчатый,0.26
2025-04-21,sup7,cat10,Багет (200г.),2.49
2025-04-21,sup9,cat1,Банан,6.36
2025-04-21,sup3,cat3,Масло сливочное (1кг.),30.73
2025-04-21,sup9,cat2,Томат,11.68
2025-04-21,sup6,cat10,Батон нарезной (240г.),1.22
2025-04-21,sup4,cat7,Минтай,1.80
2025-04-21,sup6,cat10,Багет (200г.),2.49
2025-04-21,sup4,cat7,Кальмар,26.79
2025-04-21,sup3,cat3,Кефир (1л.),2.27
2025-04-21,sup7,cat10,Хлеб светлый (400г.),1.20
2025-04-21,sup1,cat11,Сосиски молочные,6.09
2025-04-21,sup7,cat10,Батон нарезной (240г.),1.22
2025-04-21,sup5,cat9,Карамель,4.90
2025-04-21,sup5,cat8,Крупа гречневая (700г.),2.07
2025-04-21,sup7,cat10,Батон нарезной (240г.),2.44
2025-04-21,sup6,cat10,Булочка с маком (1шт.),2.98
2025-04-21,sup6,cat10,Батон нарезной (240г.),1.22
2025-04-21,sup2,cat5,Окорочка куриные,11.08
2025-04-21,sup5,cat12,Вода негаз. (0.5л.),0.99
2025-04-21,sup8,cat2,Огурец,4.36
2025-04-21,sup7,cat10,Хлеб светлый (400г.),1.20
2025-04-21,sup5,cat9,Конфеты шоколадные,19.85
2025-04-21,sup9,cat1,Банан,8.92
2025-04-21,sup9,cat2,Огурец,7.12
2025-04-21,sup2,cat4,Яйцо куриное С1 (15шт.),6.44
2025-04-21,sup5,cat9,Зефир (230г.),8.79
2025-04-21,sup3,cat3,Сметана (180г.),1.94
2025-04-21,sup5,cat9,Печенье овсяное (400г.),4.33
2025-04-21,sup5,cat8,Спагетти (400г.),3.52
2025-04-21,sup5,cat12,Вода негаз. (0.5л.),1.98
2025-04-21,sup8,cat2,Морковь,1.93
2025-04-21,sup3,cat3,Сыр сливочный (200г.),5.41
2025-04-21,sup2,cat6,Колбаски,33.64
2025-04-21,sup4,cat7,Скумбрия,15.05
2025-04-21,sup8,cat2,Огурец,1.24
2025-04-21,sup5,cat8,Спагетти (400г.),1.76
2025-04-21,sup1,cat11,Сосиски молочные,5.55
2025-04-21,sup3,cat3,Сыр сливочный (200г.),10.82
2025-04-21,sup2,cat4,Яйцо куриное С1 (10шт.),7.62
2025-04-21,sup7,cat10,Батон нарезной (240г.),2.44
2025-04-21,sup4,cat7,Хек,7.39
2025-04-21,sup4,cat7,Сельдь (250г.),5.99
2025-04-21,sup5,cat8,Масло подсолнечное (0.8л.),2.02
2025-04-21,sup7,cat10,Батон нарезной (240г.),1.22
2025-04-21,sup3,cat3,Творог (200г.),2.44
2025-04-21,sup6,cat10,Хлеб ржаной (450г.),1.50
2025-04-21,sup2,cat6,Печень куриная (550г.),5.50
2025-04-21,sup6,cat10,Лаваш (300г.),2.89
2025-04-22,sup1,cat11,Сосиски молочные,5.16
2025-04-22,sup9,cat1,Банан,11.53
2025-04-22,sup8,cat2,Томат,21.86
2025-04-22,sup3,cat3,Творог (200г.),2.44
2025-04-22,sup2,cat5,Окорочка куриные,4.04
2025-04-22,sup7,cat10,Батон нарезной (240г.),2.44
2025-04-22,sup3,cat3,Масло сливочное (180г.),9.18
2025-04-22,sup8,cat2,Лук репчатый,1.46
2025-04-22,sup5,cat12,Вода негаз. (0.5л.),0.99
2025-04-22,sup7,cat10,Батон нарезной (240г.),1.22
2025-04-22,sup2,cat4,Яйцо куриное С1 (15шт.),6.44
2025-04-22,sup12,cat12,Вода негаз. (0.5л.),0.99
2025-04-22,sup6,cat10,Хлеб ржаной (450г.),1.50
2025-04-22,sup3,cat3,Молоко (1л.),5.20
2025-04-22,sup10,cat2,Свекла,1.34
2025-04-22,sup3,cat3,Сметана (180г.),1.94
2025-04-22,sup3,cat3,Творог (200г.),2.44
2025-04-22,sup2,cat5,Филе куриное,18.22
2025-04-22,sup3,cat3,Масло сливочное (180г.),4.59
2025-04-22,sup1,cat5,Свинина,33.00
2025-04-22,sup3,cat3,Творог (200г.),2.44
2025-04-22,sup2,cat4,Яйцо перепелиное (10шт.),2.95
2025-04-22,sup1,cat6,Фарш,25.22
2025-04-22,sup6,cat10,Хлеб светлый (400г.),1.20
2025-04-22,sup3,cat3,Молоко (1л.),2.60
2025-04-22,sup5,cat8,Мука (2кг.),2.60
2025-04-22,sup12,cat12,Вода негаз. (0.5л.),0.99
2025-04-22,sup2,cat4,Яйцо перепелиное (20шт.),4.65
2025-04-22,sup6,cat10,Булочка с маком (1шт.),1.49
2025-04-22,sup5,cat8,Чай пак. (25шт.),3.80
2025-04-22,sup2,cat6,Печень куриная (550г.),5.50
2025-04-22,sup12,cat12,Coca-Cola (1л.),3.07
2025-04-22,sup5,cat12,Вода негаз. (0.5л.),0.99
2025-04-22,sup1,cat5,Говядина,36.72
2025-04-22,sup5,cat8,Масло подсолнечное (0.8л.),2.02
2025-04-22,sup1,cat11,Колбаса вареная (400г.),4.98
2025-04-22,sup5,cat8,Кофе мол. (250г.),19.99
2025-04-22,sup9,cat1,Банан,12.76
2025-04-22,sup5,cat12,Вода негаз. (0.5л.),0.99
2025-04-22,sup7,cat10,Хлеб светлый (400г.),1.20
2025-04-22,sup4,cat7,Паста рыбная (150г.),2.95
2025-04-22,sup1,cat11,Сосиски молочные,8.32
2025-04-22,sup2,cat11,Колбаса вареная (400г.),4.98
2025-04-22,sup5,cat12,Лимонад (2л.),5.35
2025-04-22,sup5,cat8,Крупа гречневая (700г.),2.07
2025-04-22,sup10,cat1,Яблоко,3.97
2025-04-22,sup10,cat12,Сок яблочный (1л.),5.17
2025-04-22,sup6,cat10,Батон нарезной (240г.),1.22
2025-04-22,sup2,cat4,Яйцо куриное С1 (10шт.),3.81
2025-04-22,sup10,cat2,Лук репчатый,1.02
2025-04-23,sup8,cat2,Томат,12.79
2025-04-23,sup9,cat2,Огурец,4.54
2025-04-23,sup6,cat10,Булочка с маком (1шт.),2.98
2025-04-23,sup8,cat2,Морковь,0.83
2025-04-23,sup2,cat5,Окорочка куриные,2.81
2025-04-23,sup2,cat6,Печень куриная (550г.),5.50
2025-04-23,sup1,cat11,Колбаса вареная (400г.),4.98
2025-04-23,sup1,cat11,Салями,20.68
2025-04-23,sup9,cat1,Банан,13.87
2025-04-23,sup9,cat1,Банан,7.50
2025-04-23,sup1,cat11,Сервелат (400г.),8.51
2025-04-23,sup5,cat8,Соль (1кг.),0.73
2025-04-23,sup8,cat2,Огурец,4.09
2025-04-23,sup1,cat11,Ветчина,16.24
2025-04-23,sup7,cat10,Хлеб светлый (400г.),1.20
2025-04-23,sup1,cat11,Сервелат (400г.),8.51
2025-04-23,sup8,cat2,Томат,7.09
2025-04-23,sup5,cat9,Конфеты шоколадные,30.74
2025-04-23,sup2,cat4,Яйцо куриное С1 (15шт.),6.44
2025-04-23,sup4,cat7,Скумбрия,15.17
2025-04-23,sup1,cat5,Говядина,28.00
2025-04-23,sup9,cat1,Банан,8.08
2025-04-23,sup2,cat4,Яйцо куриное С1 (10шт.),3.81
2025-04-23,sup5,cat8,Кофе раств. (95г.),14.99
2025-04-23,sup6,cat10,Хлеб ржаной (450г.),1.50
2025-04-23,sup1,cat11,Сосиски молочные,11.46
2025-04-23,sup3,cat3,Молоко (1л.),2.60
2025-04-23,sup4,cat7,Форель (200г.),36.50
2025-04-23,sup5,cat9,Печенье овсяное (400г.),4.33
2025-04-23,sup6,cat10,Лаваш (300г.),5.78
2025-04-23,sup10,cat2,Картофель,0.63
2025-04-23,sup8,cat2,Томат,17.65
2025-04-23,sup5,cat8,Кофе мол. (250г.),19.99
2025-04-23,sup1,cat6,Котлеты,9.77
2025-04-23,sup7,cat10,Хлеб светлый (400г.),1.20
2025-04-23,sup3,cat3,Творог (200г.),2.44
2025-04-23,sup5,cat12,Квас светлый (1л.),2.65
2025-04-23,sup3,cat3,Кефир (1л.),4.54
2025-04-23,sup7,cat10,Батон нарезной (240г.),1.22
2025-04-23,sup2,cat4,Яйцо перепелиное (10шт.),2.95
2025-04-23,sup5,cat9,Мармелад,5.29
2025-04-23,sup5,cat12,Вода негаз. (0.5л.),0.99
2025-04-23,sup8,cat2,Картофель,4.41
2025-04-23,sup6,cat10,Булочка с маком (1шт.),2.98
2025-04-23,sup9,cat2,Томат,13.40
2025-04-23,sup2,cat11,Сосиски молочные,10.64
2025-04-23,sup6,cat10,Булочка с маком (1шт.),1.49
2025-04-23,sup2,cat5,Филе куриное,15.78
2025-04-23,sup8,cat2,Лук репчатый,0.56
2025-04-23,sup1,cat11,Сосиски молочные,6.66
2025-04-23,sup5,cat12,Квас светлый (1л.),2.65
2025-04-23,sup2,cat4,Яйцо куриное С1 (15шт.),6.44
2025-04-24,sup5,cat8,Сахар (1кг.),1.46
2025-04-24,sup3,cat3,Кефир (1л.),2.27
2025-04-24,sup3,cat3,Сыр российский,13.96
2025-04-24,sup10,cat12,Сок яблочный (1л.),10.34
2025-04-24,sup3,cat3,Творог (200г.),2.44
2025-04-24,sup7,cat10,Хлеб светлый (400г.),1.20
2025-04-24,sup9,cat2,Томат,14.09
2025-04-24,sup9,cat1,Груша,3.72
2025-04-24,sup12,cat12,Вода негаз. (0.5л.),0.99
2025-04-24,sup6,cat10,Плетенка (450г.),4.04
2025-04-24,sup5,cat12,Вода негаз. (0.5л.),0.99
2025-04-24,sup1,cat6,Фарш,11.53
2025-04-24,sup6,cat10,Батон нарезной (240г.),1.22
2025-04-24,sup2,cat5,Окорочка куриные,7.03
2025-04-24,sup5,cat12,Сок апельсиновый (1л.),7.20
2025-04-24,sup3,cat3,Кефир (1л.),2.27
2025-04-24,sup5,cat8,Масло распсовое (0.8л.),4.99
2025-04-24,sup1,cat6,Голубцы,24.28
2025-04-24,sup2,cat4,Яйцо куриное С1 (15шт.),6.44
2025-04-24,sup10,cat1,Яблоко,7.81
2025-04-24,sup3,cat3,Молоко (1л.),2.60
2025-04-24,sup2,cat4,Яйцо куриное Д1 (10шт.),4.98
2025-04-24,sup1,cat11,Колбаса вареная (400г.),4.98
2025-04-24,sup6,cat10,Булочка с маком (1шт.),2.98
2025-04-24,sup6,cat10,Хлеб светлый (400г.),1.20
2025-04-24,sup12,cat12,Вода негаз. (0.5л.),1.98
2025-04-24,sup7,cat10,Хлеб ржаной (450г.),1.50
2025-04-24,sup5,cat9,Вафли (143г.),2.76
2025-04-24,sup2,cat5,Окорочка куриные,3.48
2025-04-24,sup3,cat3,Кефир (1л.),2.27
2025-04-24,sup5,cat12,Квас светлый (1л.),2.65
2025-04-24,sup2,cat11,Сосиски молочные,8.94
2025-04-24,sup3,cat3,Масло сливочное (360г.),9.49
2025-04-24,sup9,cat1,Груша,8.83
2025-04-24,sup5,cat12,Вода негаз. (0.5л.),0.99
2025-04-24,sup1,cat5,Говядина,23.32
2025-04-24,sup4,cat7,Минтай,0.71
2025-04-24,sup2,cat4,Яйцо куриное С1 (10шт.),7.62
2025-04-24,sup5,cat8,Кофе мол. (250г.),19.99
2025-04-24,sup1,cat11,Ветчина,17.44
2025-04-24,sup5,cat8,Пшено (900г.),2.35
2025-04-24,sup2,cat4,Яйцо куриное С1 (15шт.),6.44
2025-04-24,sup8,cat1,Яблоко,12.21
2025-04-24,sup5,cat9,Вафли (143г.),2.76
2025-04-24,sup12,cat12,Coca-Cola (1л.),6.14
2025-04-24,sup2,cat4,Яйцо куриное С1 (10шт.),3.81
2025-04-24,sup5,cat8,Макароны (900г.),2.98
2025-04-24,sup9,cat2,Томат,10.95
2025-04-24,sup7,cat10,Багет (200г.),2.49
2025-04-24,sup6,cat10,Батон нарезной (240г.),1.22
2025-04-24,sup6,cat10,Лаваш (300г.),2.89
2025-04-24,sup4,cat7,Креветки,43.26
2025-04-24,sup10,cat2,Картофель,1.36
2025-04-25,sup3,cat3,Творог (200г.),2.44
2025-04-25,sup3,cat3,Сметана (180г.),1.94
2025-04-25,sup2,cat4,Яйцо куриное С1 (10шт.),3.81
2025-04-25,sup10,cat1,Груша,19.06
2025-04-25,sup1,cat11,Сервелат (400г.),8.51
2025-04-25,sup3,cat3,Молоко (1л.),2.60
2025-04-25,sup5,cat8,Макароны (900г.),2.98
2025-04-25,sup6,cat10,Батон нарезной (240г.),1.22
2025-04-25,sup6,cat10,Батон нарезной (240г.),1.22
2025-04-25,sup6,cat10,Хлеб светлый (400г.),1.20
2025-04-25,sup3,cat3,Молоко (1л.),2.60
2025-04-25,sup3,cat3,Сметана (380г.),3.71
2025-04-25,sup4,cat7,Сельдь (250г.),5.99
2025-04-25,sup4,cat7,Сельдь (250г.),5.99
2025-04-25,sup2,cat6,Шашлык,50.53
2025-04-25,sup6,cat10,Хлеб ржаной (450г.),1.50
2025-04-25,sup1,cat6,Голубцы,32.43
2025-04-25,sup5,cat8,Макароны (900г.),1.49
2025-04-25,sup10,cat2,Лук репчатый,1.81
2025-04-25,sup2,cat6,Печень куриная (550г.),5.50
2025-04-25,sup2,cat4,Яйцо куриное С1 (15шт.),6.44
2025-04-25,sup9,cat2,Томат,16.72
2025-04-25,sup7,cat10,Батон нарезной (240г.),1.22
2025-04-25,sup8,cat2,Картофель,5.36
2025-04-25,sup6,cat10,Батон нарезной (240г.),1.22
2025-04-25,sup1,cat5,Свинина,36.79
2025-04-25,sup3,cat3,Творог (200г.),4.88
2025-04-25,sup2,cat4,Яйцо куриное С1 (15шт.),6.44
2025-04-25,sup3,cat3,Сметана (180г.),1.94
2025-04-25,sup2,cat5,Окорочка куриные,13.18
2025-04-25,sup1,cat5,Свинина,16.75
2025-04-25,sup7,cat10,Батон нарезной (240г.),1.22
2025-04-25,sup3,cat3,Сметана (380г.),3.71
2025-04-25,sup10,cat2,Картофель,4.42
2025-04-25,sup5,cat8,Спагетти (400г.),3.52
2025-04-25,sup1,cat11,Колбаса вареная (400г.),4.98
2025-04-25,sup2,cat6,Шашлык,41.85
2025-04-25,sup6,cat10,Хлеб светлый (400г.),1.20
2025-04-25,sup6,cat10,Булочка с маком (1шт.),2.98
2025-04-25,sup2,cat6,Печень куриная (550г.),5.50
2025-04-25,sup5,cat12,Сок апельсиновый (1л.),7.20
2025-04-25,sup8,cat2,Картофель,4.29
2025-04-25,sup1,cat5,Говядина,22.66
2025-04-25,sup1,cat5,Говядина,18.34
2025-04-25,sup1,cat6,Голубцы,28.64
2025-04-25,sup3,cat3,Масло сливочное (180г.),9.18
2025-04-25,sup5,cat8,Спагетти (400г.),1.76
2025-04-25,sup5,cat8,Мука (1кг.),1.64
2025-04-25,sup1,cat11,Колбаса вареная (400г.),4.98
2025-04-25,sup5,cat12,Сок апельсиновый (1л.),7.20
2025-04-25,sup5,cat12,Сок яблочный (1л.),5.17
2025-04-25,sup5,cat12,Сок апельсиновый (1л.),7.20
2025-04-25,sup3,cat3,Молоко (1л.),2.60
2025-04-25,sup3,cat3,Масло сливочное (360г.),9.49
2025-04-25,sup3,cat3,Масло сливочное (180г.),4.59
2025-04-25,sup2,cat4,Яйцо куриное Д1 (10шт.),4.98
2025-04-25,sup2,cat5,Окорочка куриные,9.57
2025-04-25,sup10,cat2,Картофель,2.88
2025-04-25,sup5,cat8,Мука (1кг.),1.64
2025-04-25,sup5,cat9,Печенье овсяное (400г.),4.33
2025-04-25,sup2,cat5,Окорочка куриные,3.54
2025-04-25,sup4,cat7,Кальмар,39.19
2025-04-25,sup7,cat10,Хлеб светлый (400г.),1.20
2025-04-25,sup3,cat3,Сметана (380г.),3.71
2025-04-25,sup3,cat3,Кефир (1л.),2.27
2025-04-26,sup2,cat4,Яйцо куриное Д1 (10шт.),4.98
2025-04-26,sup10,cat2,Картофель,3.05
2025-04-26,sup5,cat8,Крупа гречневая (700г.),4.14
2025-04-26,sup6,cat10,Хлеб светлый (400г.),1.20
2025-04-26,sup5,cat8,Чай пак. (25шт.),3.80
2025-04-26,sup2,cat4,Яйцо куриное Д1 (10шт.),4.98
2025-04-26,sup2,cat5,Филе куриное,14.10
2025-04-26,sup5,cat8,Кофе мол. (250г.),19.99
2025-04-26,sup9,cat1,Груша,4.71
2025-04-26,sup2,cat4,Яйцо куриное С1 (15шт.),6.44
2025-04-26,sup5,cat9,Карамель,1.33
2025-04-26,sup6,cat10,Хлеб светлый (400г.),1.20
2025-04-26,sup4,cat7,Минтай,0.95
2025-04-26,sup6,cat10,Булочка с маком (1шт.),1.49
2025-04-26,sup5,cat9,Карамель,4.30
2025-04-26,sup5,cat8,Крупа перловая (1кг.),1.44
2025-04-26,sup1,cat11,Колбаса вареная (400г.),4.98
2025-04-26,sup1,cat11,Сервелат (400г.),17.02
2025-04-26,sup7,cat10,Батон нарезной (240г.),1.22
2025-04-26,sup2,cat4,Яйцо куриное Д1 (10шт.),4.98
2025-04-26,sup6,cat10,Плетенка (450г.),4.04
2025-04-26,sup3,cat3,Творог (200г.),2.44
2025-04-26,sup5,cat12,Чай холодный (0.5л.),3.59
2025-04-26,sup6,cat10,Хлеб светлый (400г.),1.20
2025-04-26,sup8,cat2,Томат,6.81
2025-04-26,sup1,cat11,Колбаса вареная (400г.),4.98
2025-04-26,sup8,cat2,Томат,9.74
2025-04-26,sup3,cat3,Сметана (380г.),3.71
2025-04-26,sup2,cat5,Филе куриное,4.31
2025-04-26,sup3,cat3,Сыр голландский (200г.),5.02
2025-04-26,sup1,cat11,Сервелат (400г.),8.51
2025-04-26,sup6,cat10,Батон нарезной (240г.),2.44
2025-04-26,sup3,cat3,Кефир (1л.),2.27
2025-04-26,sup5,cat12,Вода негаз. (0.5л.),0.99
2025-04-26,sup4,cat7,Кальмар,36.12
2025-04-26,sup1,cat11,Колбаски охотничьи (500г.),18.40
2025-04-26,sup4,cat7,Кальмар,37.47
2025-04-26,sup1,cat11,Сервелат (400г.),8.51
2025-04-26,sup6,cat10,Булочка с маком (1шт.),1.49
2025-04-26,sup2,cat4,Яйцо куриное Д1 (10шт.),4.98
2025-04-26,sup1,cat5,Свинина,43.83
2025-04-26,sup2,cat4,Яйцо куриное Д1 (10шт.),4.98
2025-04-26,sup5,cat8,Кофе раств. (95г.),14.99
2025-04-26,sup6,cat10,Батон нарезной (240г.),1.22
2025-04-26,sup3,cat3,Сметана (180г.),3.88
2025-04-26,sup3,cat3,Молоко (1л.),2.60
2025-04-26,sup10,cat2,Картофель,0.62
2025-04-26,sup1,cat11,Ветчина,3.67
2025-04-26,sup2,cat5,Окорочка куриные,9.44
2025-04-26,sup3,cat3,Масло сливочное (360г.),9.49
2025-04-26,sup10,cat2,Картофель,4.18
2025-04-26,sup6,cat10,Хлеб светлый (400г.),1.20
2025-04-26,sup5,cat9,Карамель,6.52
2025-04-26,sup3,cat3,Сметана (180г.),1.94
2025-04-26,sup3,cat3,Молоко (1л.),2.60
2025-04-26,sup5,cat8,Соль (1кг.),0.73
2025-04-26,sup6,cat10,Хлеб светлый (400г.),1.20
2025-04-26,sup2,cat6,Колбаски,20.92
2025-04-26,sup3,cat3,Молоко (1л.),2.60
2025-04-26,sup6,cat10,Хлеб светлый (400г.),1.20
2025-04-26,sup1,cat5,Говядина,28.01
2025-04-26,sup5,cat9,Печенье овсяное (400г.),8.66
2025-04-26,sup4,cat7,Минтай,1.21
2025-04-26,sup1,cat11,Салями,20.55
2025-04-27,sup1,cat11,Колбаса вареная (400г.),4.98
2025-04-27,sup4,cat7,Форель (200г.),18.25
2025-04-27,sup7,cat10,Батон нарезной (240г.),1.22
2025-04-27,sup1,cat5,Говядина,38.43
2025-04-27,sup5,cat9,Конфеты шоколадные,21.20
2025-04-27,sup4,cat7,Минтай,0.77
2025-04-27,sup9,cat2,Огурец,1.42
2025-04-27,sup5,cat9,Карамель,1.94
2025-04-27,sup1,cat11,Сервелат (400г.),8.51
2025-04-27,sup5,cat8,Кофе раств. (95г.),44.97
2025-04-27,sup10,cat2,Картофель,3.91
2025-04-27,sup2,cat4,Яйцо куриное С1 (10шт.),3.81
2025-04-27,sup10,cat2,Лук репчатый,0.30
2025-04-27,sup8,cat1,Яблоко,15.32
2025-04-27,sup9,cat2,Огурец,1.65
2025-04-27,sup9,cat1,Груша,5.63
2025-04-27,sup5,cat8,Кофе мол. (250г.),39.98
2025-04-27,sup7,cat10,Батон нарезной (240г.),1.22
2025-04-27,sup10,cat1,Яблоко,6.79
2025-04-27,sup5,cat12,Сок апельсиновый (1л.),14.40
2025-04-27,sup3,cat3,Сметана (380г.),3.71
2025-04-27,sup7,cat10,Батон нарезной (240г.),1.22
2025-04-27,sup5,cat9,Печенье овсяное (400г.),4.33
2025-04-27,sup6,cat10,Батон нарезной (240г.),1.22
2025-04-27,sup1,cat6,Голубцы,13.63
2025-04-27,sup5,cat9,Конфеты шоколадные,8.40
2025-04-27,sup1,cat5,Свинина,21.56
2025-04-27,sup6,cat10,Хлеб светлый (400г.),1.20
2025-04-27,sup2,cat4,Яйцо перепелиное (10шт.),2.95
2025-04-27,sup5,cat8,Чай пак. (25шт.),7.60
2025-04-27,sup4,cat7,Креветки,31.72
2025-04-27,sup4,cat7,Хек,3.30
2025-04-27,sup5,cat8,Крупа манная (1кг.),2.02
2025-04-27,sup2,cat4,Яйцо куриное С1 (10шт.),3.81
2025-04-27,sup4,cat7,Форель (200г.),36.50
2025-04-27,sup3,cat3,Молоко (1л.),2.60
2025-04-27,sup12,cat12,Вода негаз. (0.5л.),1.98
2025-04-27,sup3,cat3,Сметана (180г.),3.88
2025-04-27,sup3,cat3,Масло сливочное (180г.),4.59
2025-04-27,sup5,cat8,Сахар (1кг.),0.73
2025-04-27,sup7,cat10,Хлеб светлый (400г.),1.20
2025-04-27,sup1,cat5,Говядина,39.36
2025-04-27,sup3,cat3,Молоко (1л.),2.60
2025-04-27,sup7,cat10,Батон нарезной (240г.),1.22
2025-04-27,sup1,cat11,Колбаса вареная (400г.),4.98
2025-04-27,sup2,cat6,Колбаски,28.36
2025-04-27,sup2,cat4,Яйцо куриное Д1 (10шт.),4.98
2025-04-27,sup1,cat6,Колбаски,29.32
2025-04-27,sup7,cat10,Батон нарезной (240г.),1.22
2025-04-27,sup8,cat2,Томат,1.61
2025-04-27,sup7,cat10,Батон нарезной (240г.),1.22
2025-04-27,sup2,cat4,Яйцо куриное С1 (10шт.),3.81
2025-04-27,sup1,cat5,Говядина,25.58
2025-04-27,sup7,cat10,Батон нарезной (240г.),2.44
2025-04-27,sup2,cat11,Сосиски молочные,6.70
2025-04-27,sup10,cat2,Лук репчатый,0.63
2025-04-28,sup2,cat4,Яйцо куриное С1 (15шт.),6.44
2025-04-28,sup1,cat11,Сервелат (400г.),8.51
2025-04-28,sup2,cat4,Яйцо куриное С1 (15шт.),6.44
2025-04-28,sup3,cat3,Сыр сливочный (200г.),5.41
2025-04-28,sup2,cat4,Яйцо куриное С1 (15шт.),6.44
2025-04-28,sup1,cat5,Говядина,34.96
2025-04-28,sup3,cat3,Творог (200г.),2.44
2025-04-28,sup5,cat8,Крупа перловая (1кг.),2.88
2025-04-28,sup5,cat9,Печенье овсяное (400г.),4.33
2025-04-28,sup9,cat1,Банан,8.95
2025-04-28,sup7,cat10,Хлеб ржаной (450г.),1.50
2025-04-28,sup2,cat6,Фарш,41.06
2025-04-28,sup3,cat3,Сыр российский,17.92
2025-04-28,sup7,cat10,Хлеб светлый (400г.),1.20
2025-04-28,sup4,cat7,Минтай,1.17
2025-04-28,sup5,cat8,Крупа гречневая (700г.),2.07
2025-04-28,sup3,cat3,Сыр сливочный (200г.),5.41
2025-04-28,sup3,cat3,Молоко (1л.),2.60
2025-04-28,sup5,cat8,Масло распсовое (0.8л.),4.99
2025-04-28,sup5,cat9,Печенье овсяное (400г.),4.33
2025-04-28,sup5,cat8,Сахар (1кг.),1.46
2025-04-28,sup5,cat8,Пшено (900г.),2.35
2025-04-28,sup7,cat10,Батон нарезной (240г.),1.22
2025-04-28,sup6,cat10,Батон нарезной (240г.),1.22
2025-04-28,sup1,cat11,Сосиски молочные,12.29
2025-04-28,sup5,cat8,Масло подсолнечное (0.8л.),2.02
2025-04-28,sup2,cat6,Желудки куриные (550г.),4.98
2025-04-28,sup5,cat9,Зефир (230г.),17.58
2025-04-28,sup12,cat12,Coca-Cola (1л.),3.07
2025-04-28,sup5,cat8,Макароны (900г.),1.49
2025-04-28,sup5,cat9,Карамель,4.91
2025-04-28,sup1,cat6,Голубцы,11.03
2025-04-28,sup5,cat8,Макароны (900г.),1.49
2025-04-28,sup5,cat8,Спагетти (400г.),1.76
2025-04-28,sup1,cat5,Свинина,40.38
2025-04-28,sup5,cat8,Спагетти (400г.),1.76
2025-04-28,sup10,cat2,Лук репчатый,0.61
2025-04-28,sup1,cat11,Сосиски молочные,4.68
2025-04-28,sup10,cat2,Лук репчатый,0.58
2025-04-28,sup6,cat10,Батон нарезной (240г.),1.22
2025-04-28,sup12,cat12,Вода негаз. (0.5л.),1.98
2025-04-28,sup7,cat10,Хлеб ржаной (450г.),1.50
2025-04-28,sup3,cat3,Молоко (1л.),2.60
2025-04-28,sup8,cat2,Капуста,4.50
2025-04-28,sup2,cat6,Котлеты,21.28
2025-04-28,sup2,cat11,Сосиски молочные,5.92
2025-04-28,sup12,cat12,Вода негаз. (0.5л.),1.98
2025-04-28,sup5,cat8,Мука (2кг.),2.60
2025-04-28,sup5,cat9,Конфеты шоколадные,27.36
2025-04-28,sup2,cat6,Печень куриная (550г.),5.50
2025-04-28,sup5,cat8,Спагетти (400г.),1.76
2025-04-29,sup1,cat6,Фарш,15.07
2025-04-29,sup5,cat9,Карамель,1.20
2025-04-29,sup3,cat3,Сметана (180г.),1.94
2025-04-29,sup6,cat10,Батон нарезной (240г.),1.22
2025-04-29,sup5,cat8,Рис (900г.),3.49
2025-04-29,sup9,cat1,Яблоко,0.85
2025-04-29,sup3,cat3,Масло сливочное (180г.),4.59
2025-04-29,sup1,cat11,Колбаса вареная (400г.),4.98
2025-04-29,sup3,cat3,Масло сливочное (180г.),4.59
2025-04-29,sup1,cat6,Колбаски,29.43
2025-04-29,sup8,cat2,Томат,12.28
2025-04-29,sup5,cat9,Конфеты шоколадные,18.95
2025-04-29,sup5,cat8,Крупа перловая (1кг.),1.44
2025-04-29,sup5,cat9,Печенье овсяное (400г.),4.33
2025-04-29,sup1,cat6,Колбаски,32.46
2025-04-29,sup5,cat9,Печенье овсяное (400г.),4.33
2025-04-29,sup5,cat8,Кофе мол. (250г.),19.99
2025-04-29,sup12,cat12,Coca-Cola (1л.),3.07
2025-04-29,sup1,cat11,Бекон (220г),9.99
2025-04-29,sup3,cat3,Сыр российский,16.93
2025-04-29,sup5,cat12,Вода негаз. (0.5л.),0.99
2025-04-29,sup7,cat10,Хлеб ржаной (450г.),1.50
2025-04-29,sup2,cat6,Котлеты,8.07
2025-04-29,sup8,cat2,Лук репчатый,0.96
2025-04-29,sup6,cat10,Лаваш (300г.),2.89
2025-04-29,sup8,cat2,Капуста,3.67
2025-04-29,sup8,cat2,Лук репчатый,0.20
2025-04-29,sup1,cat5,Говядина,30.76
2025-04-29,sup1,cat5,Говядина,29.14
2025-04-29,sup5,cat12,Вода негаз. (0.5л.),0.99
2025-04-29,sup5,cat12,Сок апельсиновый (1л.),7.20
2025-04-29,sup6,cat10,Лаваш (300г.),2.89
2025-04-29,sup8,cat2,Морковь,2.04
2025-04-29,sup1,cat6,Фарш,11.56
2025-04-29,sup5,cat8,Крупа гречневая (700г.),2.07
2025-04-29,sup5,cat8,Мука (2кг.),2.60
2025-04-29,sup6,cat10,Хлеб ржаной (450г.),1.50
2025-04-29,sup7,cat10,Батон нарезной (240г.),2.44
2025-04-29,sup2,cat5,Филе куриное,20.90
2025-04-29,sup2,cat6,Фарш,38.56
2025-04-29,sup3,cat3,Молоко (1л.),2.60
2025-04-29,sup5,cat9,Шоколад молочный (90г.),11.98
2025-04-29,sup5,cat12,Сок апельсиновый (1л.),14.40
2025-04-29,sup5,cat8,Мука (2кг.),5.20
2025-04-29,sup6,cat10,Батон нарезной (240г.),2.44
2025-04-29,sup5,cat12,Вода негаз. (0.5л.),0.99
2025-04-29,sup10,cat12,Сок яблочный (1л.),5.17
2025-04-29,sup8,cat2,Огурец,6.26
2025-04-29,sup5,cat12,Вода негаз. (0.5л.),0.99
2025-04-29,sup1,cat11,Салями,21.99
2025-04-30,sup6,cat10,Сушки (500г.),3.99
2025-04-30,sup4,cat7,Минтай,1.47
2025-04-30,sup2,cat4,Яйцо куриное Д1 (10шт.),4.98
2025-04-30,sup3,cat3,Масло сливочное (180г.),9.18
2025-04-30,sup10,cat2,Картофель,1.45
2025-04-30,sup6,cat10,Батон нарезной (240г.),1.22
2025-04-30,sup12,cat12,Coca-Cola (1л.),3.07
2025-04-30,sup2,cat4,Яйцо перепелиное (10шт.),2.95
2025-04-30,sup5,cat8,Крупа гречневая (700г.),2.07
2025-04-30,sup2,cat4,Яйцо куриное Д1 (10шт.),4.98
2025-04-30,sup1,cat5,Говядина,29.64
2025-04-30,sup3,cat3,Молоко (1л.),2.60
2025-04-30,sup5,cat8,Крупа перловая (1кг.),1.44
2025-04-30,sup6,cat10,Булочка с маком (1шт.),2.98
2025-04-30,sup5,cat12,Чай холодный (0.5л.),3.59
2025-04-30,sup5,cat8,Рис (900г.),3.49
2025-04-30,sup5,cat9,Печенье овсяное (400г.),4.33
2025-04-30,sup5,cat12,Чай холодный (0.5л.),3.59
2025-04-30,sup8,cat2,Картофель,4.81
2025-04-30,sup7,cat10,Хлеб ржаной (450г.),1.50
2025-04-30,sup1,cat11,Сервелат (400г.),17.02
2025-04-30,sup5,cat9,Зефир (230г.),8.79
2025-04-30,sup10,cat1,Яблоко,7.52
2025-04-30,sup5,cat9,Печенье овсяное (400г.),4.33
2025-04-30,sup1,cat6,Фарш,21.74
2025-04-30,sup2,cat5,Окорочка куриные,9.91
2025-04-30,sup5,cat8,Сахар (1кг.),3.65
2025-04-30,sup5,cat9,Зефир (230г.),17.58
2025-04-30,sup3,cat3,Сметана (180г.),1.94
2025-04-30,sup5,cat9,Печенье овсяное (400г.),8.66
2025-04-30,sup3,cat3,Молоко (1л.),2.60
2025-04-30,sup8,cat2,Свекла,0.42
2025-04-30,sup8,cat2,Морковь,1.26
2025-04-30,sup10,cat2,Картофель,2.95
2025-04-30,sup2,cat5,Окорочка куриные,4.25
2025-04-30,sup12,cat12,Вода негаз. (0.5л.),1.98
2025-04-30,sup3,cat3,Кефир (1л.),2.27
2025-04-30,sup5,cat9,Конфеты шоколадные,14.95
2025-04-30,sup5,cat9,Конфеты шоколадные,13.36
2025-04-30,sup2,cat5,Окорочка куриные,6.23
2025-04-30,sup8,cat2,Картофель,2.77
2025-04-30,sup1,cat5,Говядина,27.14
2025-04-30,sup2,cat6,Фарш,22.60
2025-04-30,sup5,cat8,Масло распсовое (0.8л.),4.99
2025-04-30,sup2,cat6,Желудки куриные (550г.),4.98
2025-04-30,sup6,cat10,Хлеб ржаной (450г.),1.50
2025-04-30,sup12,cat12,Вода негаз. (0.5л.),0.99
2025-04-30,sup5,cat12,Лимонад (2л.),5.35
2025-04-30,sup6,cat10,Багет (200г.),2.49
2025-04-30,sup6,cat10,Хлеб ржаной (450г.),1.50
2025-04-30,sup9,cat1,Банан,7.90
2025-04-30,sup7,cat10,Батон нарезной (240г.),1.22
2025-05-01,sup3,cat3,Творог (200г.),2.44
2025-05-01,sup5,cat8,Сахар (1кг.),1.46
2025-05-01,sup5,cat9,Печенье овсяное (400г.),8.66
2025-05-01,sup5,cat8,Пшено (900г.),2.35
2025-05-01,sup1,cat11,Бекон (220г),9.99
2025-05-01,sup2,cat11,Ветчина,3.37
2025-05-01,sup6,cat10,Батон нарезной (240г.),1.22
2025-05-01,sup3,cat3,Молоко (1.5л.),3.86
2025-05-01,sup1,cat6,Котлеты,13.42
2025-05-01,sup2,cat6,Печень куриная (550г.),11.00
2025-05-01,sup2,cat4,Яйцо куриное Д1 (10шт.),4.98
2025-05-01,sup3,cat3,Масло сливочное (360г.),9.49
2025-05-01,sup1,cat11,Сервелат (400г.),8.51
2025-05-01,sup6,cat10,Булочка с маком (1шт.),1.49
2025-05-01,sup9,cat1,Груша,3.92
2025-05-01,sup5,cat8,Спагетти (400г.),1.76
2025-05-01,sup4,cat7,Сельдь (250г.),5.99
2025-05-01,sup4,cat7,Креветки,45.14
2025-05-01,sup1,cat11,Сервелат (400г.),17.02
2025-05-01,sup2,cat6,Печень куриная (550г.),5.50
2025-05-01,sup3,cat3,Творог (200г.),4.88
2025-05-01,sup6,cat10,Батон нарезной (240г.),1.22
2025-05-01,sup5,cat9,Зефир (230г.),17.58
2025-05-01,sup5,cat9,Карамель,5.55
2025-05-01,sup3,cat3,Молоко (1.5л.),7.72
2025-05-01,sup6,cat10,Батон нарезной (240г.),2.44
2025-05-01,sup8,cat2,Капуста,2.72
2025-05-01,sup1,cat11,Сервелат (400г.),17.02
2025-05-01,sup8,cat2,Огурец,5.76
2025-05-01,sup1,cat11,Сервелат (400г.),17.02
2025-05-01,sup7,cat10,Багет (200г.),2.49
2025-05-01,sup2,cat5,Филе куриное,13.49
2025-05-01,sup5,cat8,Крупа гречневая (700г.),4.14
2025-05-01,sup9,cat2,Томат,17.21
2025-05-01,sup6,cat10,Батон нарезной (240г.),1.22
2025-05-01,sup2,cat4,Яйцо перепелиное (20шт.),4.65
2025-05-01,sup7,cat10,Батон нарезной (240г.),2.44
2025-05-01,sup5,cat9,Печенье овсяное (400г.),4.33
2025-05-01,sup6,cat10,Булочка с маком (1шт.),2.98
2025-05-01,sup5,cat8,Макароны (900г.),1.49
2025-05-01,sup3,cat3,Творог (200г.),4.88
2025-05-01,sup1,cat5,Свинина,40.13
2025-05-01,sup8,cat2,Огурец,7.56
2025-05-01,sup4,cat7,Скумбрия,6.92
2025-05-01,sup3,cat3,Молоко (1л.),5.20
2025-05-01,sup4,cat7,Форель (200г.),18.25
2025-05-01,sup8,cat2,Морковь,0.93
2025-05-01,sup3,cat3,Молоко (1л.),2.60
2025-05-02,sup5,cat8,Мука (1кг.),1.64
2025-05-02,sup6,cat10,Хлеб светлый (400г.),1.20
2025-05-02,sup7,cat10,Батон нарезной (240г.),1.22
2025-05-02,sup2,cat6,Котлеты,17.20
2025-05-02,sup6,cat10,Батон нарезной (240г.),1.22
2025-05-02,sup2,cat11,Колбаса вареная (400г.),4.98
2025-05-02,sup7,cat10,Хлеб светлый (400г.),1.20
2025-05-02,sup4,cat7,Кальмар,41.38
2025-05-02,sup3,cat3,Молоко (1л.),2.60
2025-05-02,sup2,cat11,Сосиски молочные,8.73
2025-05-02,sup4,cat7,Креветки,14.17
2025-05-02,sup3,cat3,Сметана (180г.),1.94
2025-05-02,sup5,cat9,Мармелад,4.31
2025-05-02,sup3,cat3,Сметана (380г.),3.71
2025-05-02,sup1,cat6,Голубцы,17.61
2025-05-02,sup9,cat1,Апельсин,5.10
2025-05-02,sup3,cat3,Молоко (1л.),2.60
2025-05-02,sup5,cat8,Кофе раств. (95г.),29.98
2025-05-02,sup9,cat2,Томат,13.39
2025-05-02,sup8,cat2,Свекла,0.23
2025-05-02,sup5,cat9,Мармелад,2.48
2025-05-02,sup10,cat1,Груша,4.36
2025-05-02,sup8,cat2,Томат,18.09
2025-05-02,sup1,cat5,Говядина,16.07
2025-05-02,sup2,cat4,Яйцо куриное С1 (10шт.),3.81
2025-05-02,sup4,cat7,Скумбрия,3.06
2025-05-02,sup5,cat8,Кофе мол. (250г.),59.97
2025-05-02,sup6,cat10,Батон нарезной (240г.),1.22
2025-05-02,sup2,cat4,Яйцо куриное С1 (15шт.),6.44
2025-05-02,sup1,cat11,Ветчина,10.20
2025-05-02,sup3,cat3,Кефир (1л.),2.27
2025-05-02,sup5,cat8,Рис (900г.),3.49
2025-05-02,sup6,cat10,Батон нарезной (240г.),1.22
2025-05-02,sup6,cat10,Плетенка (450г.),4.04
2025-05-02,sup6,cat10,Батон нарезной (240г.),1.22
2025-05-02,sup5,cat8,Мука (1кг.),1.64
2025-05-02,sup3,cat3,Молоко (1л.),2.60
2025-05-02,sup3,cat3,Сыр сливочный (200г.),5.41
2025-05-02,sup2,cat11,Сосиски молочные,11.43
2025-05-02,sup3,cat3,Молоко (1л.),2.60
2025-05-02,sup2,cat4,Яйцо куриное Д1 (10шт.),4.98
2025-05-02,sup9,cat1,Банан,8.77
2025-05-02,sup5,cat12,Вода негаз. (0.5л.),0.99
2025-05-02,sup2,cat4,Яйцо перепелиное (10шт.),2.95
2025-05-02,sup5,cat8,Масло подсолнечное (0.8л.),2.02
2025-05-02,sup4,cat7,Кальмар,36.01
2025-05-02,sup12,cat12,Вода негаз. (0.5л.),0.99
2025-05-02,sup6,cat10,Батон нарезной (240г.),1.22
2025-05-02,sup5,cat8,Мука (2кг.),2.60
2025-05-02,sup1,cat11,Колбаски охотничьи (500г.),9.20
2025-05-02,sup5,cat8,Мука (1кг.),1.64
2025-05-02,sup7,cat10,Хлеб светлый (400г.),1.20
2025-05-02,sup5,cat8,Чай пак. (25шт.),3.80
2025-05-02,sup2,cat4,Яйцо перепелиное (10шт.),2.95
2025-05-02,sup10,cat1,Груша,3.64
2025-05-02,sup5,cat9,Печенье овсяное (400г.),4.33
2025-05-02,sup12,cat12,Coca-Cola (1л.),3.07
2025-05-02,sup6,cat10,Батон нарезной (240г.),1.22
2025-05-02,sup2,cat4,Яйцо куриное С1 (15шт.),6.44
2025-05-02,sup7,cat10,Хлеб светлый (400г.),1.20
2025-05-02,sup4,cat7,Паста рыбная (150г.),2.95
2025-05-02,sup3,cat3,Сыр голландский (200г.),5.02
2025-05-02,sup4,cat7,Минтай,1.37
2025-05-02,sup3,cat3,Творог (200г.),4.88
2025-05-02,sup9,cat2,Томат,23.60
2025-05-02,sup8,cat2,Огурец,5.23
2025-05-02,sup2,cat6,Фарш,36.73
2025-05-03,sup5,cat12,Сок яблочный (1л.),5.17
2025-05-03,sup5,cat8,Кофе мол. (250г.),19.99
2025-05-03,sup6,cat10,Хлеб светлый (400г.),1.20
2025-05-03,sup5,cat12,Вода негаз. (0.5л.),1.98
2025-05-03,sup8,cat2,Томат,1.43
2025-05-03,sup5,cat8,Спагетти (400г.),1.76
2025-05-03,sup5,cat12,Вода негаз. (0.5л.),0.99
2025-05-03,sup5,cat8,Крупа гречневая (700г.),2.07
2025-05-03,sup9,cat1,Апельсин,8.16
2025-05-03,sup5,cat8,Макароны (900г.),1.49
2025-05-03,sup12,cat12,Вода негаз. (0.5л.),0.99
2025-05-03,sup6,cat10,Батон нарезной (240г.),1.22
2025-05-03,sup1,cat5,Свинина,30.59
2025-05-03,sup2,cat4,Яйцо куриное С1 (15шт.),6.44
2025-05-03,sup5,cat8,Сахар (1кг.),1.46
2025-05-03,sup4,cat7,Креветки,28.87
2025-05-03,sup3,cat3,Кефир (1л.),2.27
2025-05-03,sup8,cat2,Томат,21.62
2025-05-03,sup3,cat3,Творог (200г.),2.44
2025-05-03,sup5,cat8,Масло подсолнечное (0.8л.),2.02
2025-05-03,sup1,cat11,Сосиски молочные,9.30
2025-05-03,sup6,cat10,Булочка с маком (1шт.),1.49
2025-05-03,sup5,cat12,Сок апельсиновый (1л.),7.20
2025-05-03,sup3,cat3,Творог (200г.),7.32
2025-05-03,sup9,cat1,Груша,12.56
2025-05-03,sup5,cat8,Пшено (900г.),2.35
2025-05-03,sup3,cat3,Кефир (1л.),2.27
2025-05-03,sup1,cat5,Говядина,14.87
2025-05-03,sup1,cat6,Фарш,35.22
2025-05-03,sup2,cat4,Яйцо куриное С1 (10шт.),3.81
2025-05-03,sup5,cat9,Карамель,1.59
2025-05-03,sup9,cat1,Банан,13.92
2025-05-03,sup1,cat11,Колбаса вареная (400г.),4.98
2025-05-03,sup5,cat8,Кофе мол. (250г.),19.99
2025-05-03,sup3,cat3,Молоко (1л.),2.60
2025-05-03,sup6,cat10,Булочка с маком (1шт.),1.49
2025-05-03,sup2,cat4,Яйцо куриное С1 (15шт.),6.44
2025-05-03,sup3,cat3,Молоко (1л.),2.60
2025-05-03,sup6,cat10,Батон нарезной (240г.),1.22
2025-05-03,sup5,cat9,Вафли (143г.),2.76
2025-05-03,sup3,cat3,Масло сливочное (180г.),4.59
2025-05-03,sup6,cat10,Булочка с маком (1шт.),1.49
2025-05-03,sup2,cat4,Яйцо перепелиное (10шт.),2.95
2025-05-03,sup10,cat2,Морковь,0.48
2025-05-03,sup3,cat3,Кефир (1л.),2.27
2025-05-03,sup5,cat12,Сок апельсиновый (1л.),7.20
2025-05-03,sup5,cat12,Вода негаз. (0.5л.),0.99
2025-05-03,sup6,cat10,Хлеб светлый (400г.),1.20
2025-05-03,sup5,cat12,Лимонад (2л.),5.35
2025-05-03,sup6,cat10,Булочка с маком (1шт.),1.49
2025-05-03,sup3,cat3,Творог (200г.),2.44
2025-05-03,sup2,cat4,Яйцо куриное С1 (15шт.),6.44
2025-05-03,sup7,cat10,Хлеб светлый (400г.),1.20
2025-05-03,sup3,cat3,Сметана (180г.),1.94
2025-05-03,sup3,cat3,Сметана (380г.),3.71
2025-05-03,sup5,cat9,Конфеты шоколадные,20.27
2025-05-03,sup6,cat10,Батон нарезной (240г.),1.22
2025-05-03,sup3,cat3,Сыр российский,16.14
2025-05-03,sup1,cat11,Колбаски охотничьи (500г.),9.20
2025-05-03,sup2,cat6,Печень куриная (550г.),5.50
2025-05-03,sup1,cat11,Колбаски охотничьи (500г.),27.60
2025-05-03,sup1,cat5,Говядина,25.84
2025-05-03,sup9,cat1,Груша,17.46
2025-05-03,sup1,cat11,Сервелат (400г.),8.51
2025-05-04,sup2,cat6,Котлеты,16.91
2025-05-04,sup5,cat12,Вода негаз. (0.5л.),1.98
2025-05-04,sup2,cat11,Сосиски молочные,9.18
2025-05-04,sup8,cat2,Огурец,1.81
2025-05-04,sup5,cat9,Мармелад,5.72
2025-05-04,sup6,cat10,Батон нарезной (240г.),2.44
2025-05-04,sup1,cat11,Сервелат (400г.),17.02
2025-05-04,sup6,cat10,Батон нарезной (240г.),1.22
2025-05-04,sup1,cat5,Свинина,25.67
2025-05-04,sup6,cat10,Хлеб светлый (400г.),1.20
2025-05-04,sup1,cat6,Колбаски,32.53
2025-05-04,sup2,cat6,Печень куриная (550г.),5.50
2025-05-04,sup5,cat9,Печенье овсяное (400г.),8.66
2025-05-04,sup12,cat12,Вода негаз. (0.5л.),0.99
2025-05-04,sup9,cat2,Томат,16.13
2025-05-04,sup4,cat7,Паста рыбная (150г.),2.95
2025-05-04,sup5,cat12,Вода негаз. (0.5л.),0.99
2025-05-04,sup9,cat1,Банан,5.17
2025-05-04,sup5,cat12,Лимонад (2л.),5.35
2025-05-04,sup5,cat8,Масло подсолнечное (0.8л.),4.04
2025-05-04,sup1,cat11,Сосиски молочные,8.57
2025-05-04,sup5,cat9,Шоколад молочный (90г.),5.99
2025-05-04,sup3,cat3,Масло сливочное (180г.),4.59
2025-05-04,sup5,cat9,Конфеты шоколадные,4.79
2025-05-04,sup3,cat3,Масло сливочное (180г.),4.59
2025-05-04,sup5,cat12,Чай холодный (0.5л.),3.59
2025-05-04,sup6,cat10,Батон нарезной (240г.),1.22
2025-05-04,sup1,cat11,Сосиски молочные,5.61
2025-05-04,sup6,cat10,Хлеб светлый (400г.),1.20
2025-05-04,sup2,cat6,Печень куриная (550г.),5.50
2025-05-04,sup3,cat3,Сыр голландский (200г.),5.02
2025-05-04,sup2,cat5,Филе куриное,16.98
2025-05-04,sup10,cat1,Груша,2.53
2025-05-04,sup10,cat12,Сок яблочный (1л.),5.17
2025-05-04,sup1,cat11,Ветчина,4.40
2025-05-04,sup3,cat3,Сметана (180г.),1.94
2025-05-04,sup1,cat11,Колбаса вареная (400г.),4.98
2025-05-04,sup12,cat12,Coca-Cola (1л.),3.07
2025-05-04,sup1,cat6,Фарш,16.54
2025-05-04,sup1,cat5,Говядина,11.75
2025-05-04,sup6,cat10,Батон нарезной (240г.),1.22
2025-05-04,sup8,cat2,Огурец,5.53
2025-05-04,sup9,cat2,Томат,19.66
2025-05-04,sup3,cat3,Молоко (1.5л.),3.86
2025-05-04,sup12,cat12,Вода негаз. (0.5л.),1.98
2025-05-04,sup5,cat8,Мука (1кг.),1.64
2025-05-04,sup9,cat2,Томат,23.25
2025-05-04,sup2,cat4,Яйцо куриное Д1 (10шт.),4.98
2025-05-04,sup5,cat8,Спагетти (400г.),1.76
2025-05-04,sup1,cat6,Голубцы,18.83
2025-05-04,sup10,cat2,Свекла,1.56
2025-05-04,sup9,cat2,Томат,13.11
2025-05-04,sup7,cat10,Батон нарезной (240г.),1.22
2025-05-04,sup1,cat5,Говядина,20.94
2025-05-04,sup5,cat12,Сок яблочный (1л.),10.34
2025-05-05,sup2,cat4,Яйцо куриное С1 (15шт.),6.44
2025-05-05,sup6,cat10,Плетенка (450г.),4.04
2025-05-05,sup6,cat10,Батон нарезной (240г.),1.22
2025-05-05,sup3,cat3,Сыр голландский (200г.),5.02
2025-05-05,sup2,cat5,Филе куриное,20.09
2025-05-05,sup6,cat10,Батон нарезной (240г.),1.22
2025-05-05,sup2,cat5,Филе куриное,6.17
2025-05-05,sup2,cat4,Яйцо куриное С1 (10шт.),3.81
2025-05-05,sup3,cat3,Кефир (1л.),2.27
2025-05-05,sup3,cat3,Сметана (380г.),7.42
2025-05-05,sup6,cat10,Булочка с маком (1шт.),2.98
2025-05-05,sup2,cat11,Колбаса вареная (400г.),4.98
2025-05-05,sup9,cat2,Томат,11.10
2025-05-05,sup6,cat10,Батон нарезной (240г.),1.22
2025-05-05,sup5,cat8,Кофе раств. (95г.),14.99
2025-05-05,sup1,cat5,Говядина,38.26
2025-05-05,sup1,cat5,Говядина,39.91
2025-05-05,sup1,cat11,Колбаса вареная (400г.),4.98
2025-05-05,sup6,cat10,Батон нарезной (240г.),1.22
2025-05-05,sup3,cat3,Молоко (1л.),5.20
2025-05-05,sup3,cat3,Кефир (1л.),2.27
2025-05-05,sup1,cat5,Говядина,33.11
2025-05-05,sup2,cat5,Филе куриное,7.52
2025-05-05,sup5,cat12,Сок апельсиновый (1л.),14.40
2025-05-05,sup1,cat11,Колбаса вареная (400г.),4.98
2025-05-05,sup4,cat7,Минтай,1.17
2025-05-05,sup6,cat10,Плетенка (450г.),4.04
2025-05-05,sup2,cat6,Голубцы,9.82
2025-05-05,sup5,cat8,Масло подсолнечное (0.8л.),2.02
2025-05-05,sup3,cat3,Сметана (180г.),1.94
2025-05-05,sup9,cat2,Томат,3.80
2025-05-05,sup7,cat10,Хлеб светлый (400г.),1.20
2025-05-05,sup6,cat10,Лаваш (300г.),2.89
2025-05-05,sup10,cat2,Морковь,2.42
2025-05-05,sup6,cat10,Булочка с маком (1шт.),1.49
2025-05-05,sup1,cat11,Колбаски охотничьи (500г.),27.60
2025-05-05,sup1,cat11,Сервелат (400г.),17.02
2025-05-05,sup12,cat12,Coca-Cola (1л.),3.07
2025-05-05,sup5,cat8,Чай пак. (25шт.),7.60
2025-05-05,sup9,cat1,Банан,8.11
2025-05-05,sup1,cat5,Свинина,46.14
2025-05-05,sup2,cat4,Яйцо куриное С1 (15шт.),6.44
2025-05-05,sup3,cat3,Молоко (1л.),2.60
2025-05-05,sup5,cat8,Крупа гречневая (700г.),2.07
2025-05-05,sup10,cat2,Морковь,1.88
2025-05-05,sup2,cat4,Яйцо куриное С1 (15шт.),6.44
2025-05-05,sup2,cat5,Филе куриное,16.32
2025-05-05,sup6,cat10,Булочка с маком (1шт.),1.49
2025-05-05,sup5,cat8,Кофе мол. (250г.),59.97
2025-05-05,sup4,cat7,Хек,1.82
2025-05-05,sup2,cat6,Фарш,24.49
2025-05-05,sup8,cat2,Капуста,2.51
2025-05-05,sup1,cat11,Сосиски молочные,9.36
2025-05-06,sup3,cat3,Молоко (1л.),2.60
2025-05-06,sup2,cat4,Яйцо куриное Д1 (10шт.),4.98
2025-05-06,sup9,cat1,Банан,3.23
2025-05-06,sup2,cat4,Яйцо перепелиное (10шт.),2.95
2025-05-06,sup1,cat6,Шашлык,54.01
2025-05-06,sup2,cat6,Печень куриная (550г.),5.50
2025-05-06,sup1,cat11,Колбаса вареная (400г.),4.98
2025-05-06,sup8,cat2,Томат,5.23
2025-05-06,sup5,cat8,Рис (900г.),3.49
2025-05-06,sup3,cat3,Масло сливочное (180г.),4.59
2025-05-06,sup1,cat11,Сервелат (400г.),8.51
2025-05-06,sup1,cat6,Фарш,18.92
2025-05-06,sup1,cat5,Свинина,40.33
2025-05-06,sup9,cat2,Огурец,6.37
2025-05-06,sup8,cat2,Морковь,1.74
2025-05-06,sup3,cat3,Молоко (1л.),2.60
2025-05-06,sup6,cat10,Хлеб ржаной (450г.),1.50
2025-05-06,sup5,cat8,Сахар (1кг.),0.73
2025-05-06,sup5,cat12,Лимонад (2л.),5.35
2025-05-06,sup2,cat4,Яйцо куриное Д1 (10шт.),4.98
2025-05-06,sup1,cat6,Фарш,33.98
2025-05-06,sup1,cat5,Говядина,30.16
2025-05-06,sup4,cat7,Хек,11.46
2025-05-06,sup1,cat11,Сервелат (400г.),8.51
2025-05-06,sup3,cat3,Кефир (1л.),2.27
2025-05-06,sup5,cat8,Рис (900г.),3.49
2025-05-06,sup5,cat9,Печенье овсяное (400г.),4.33
2025-05-06,sup9,cat1,Банан,5.82
2025-05-06,sup2,cat4,Яйцо куриное С1 (15шт.),6.44
2025-05-06,sup12,cat12,Вода негаз. (0.5л.),1.98
2025-05-06,sup5,cat8,Кофе мол. (250г.),19.99
2025-05-06,sup10,cat1,Яблоко,2.65
2025-05-06,sup3,cat3,Кефир (1л.),2.27
2025-05-06,sup5,cat9,Шоколад молочный (90г.),11.98
2025-05-06,sup1,cat11,Сосиски молочные,8.56
2025-05-06,sup5,cat12,Вода негаз. (0.5л.),1.98
2025-05-06,sup2,cat4,Яйцо куриное С1 (15шт.),6.44
2025-05-06,sup2,cat5,Филе куриное,18.49
2025-05-06,sup9,cat2,Огурец,1.57
2025-05-06,sup6,cat10,Хлеб светлый (400г.),1.20
2025-05-06,sup2,cat6,Шашлык,44.55
2025-05-06,sup6,cat10,Хлеб светлый (400г.),1.20
2025-05-06,sup8,cat2,Огурец,3.70
2025-05-06,sup3,cat3,Кефир (1л.),2.27
2025-05-06,sup1,cat11,Сервелат (400г.),8.51
2025-05-06,sup3,cat3,Творог (200г.),2.44
2025-05-06,sup1,cat5,Свинина,44.48
2025-05-06,sup6,cat10,Батон нарезной (240г.),2.44
2025-05-06,sup6,cat10,Плетенка (450г.),4.04
2025-05-06,sup1,cat6,Фарш,19.65
2025-05-06,sup5,cat12,Вода негаз. (0.5л.),1.98
2025-05-06,sup2,cat4,Яйцо куриное С1 (10шт.),3.81
2025-05-06,sup5,cat12,Вода мин. газ. (1л.),3.18
2025-05-06,sup1,cat11,Сосиски молочные,10.86
2025-05-07,sup1,cat11,Сервелат (400г.),17.02
2025-05-07,sup2,cat11,Сосиски молочные,5.01
2025-05-07,sup7,cat10,Батон нарезной (240г.),1.22
2025-05-07,sup3,cat3,Молоко (1л.),2.60
2025-05-07,sup1,cat5,Говядина,19.35
2025-05-07,sup3,cat3,Кефир (1л.),2.27
2025-05-07,sup5,cat8,Крупа манная (1кг.),2.02
2025-05-07,sup3,cat3,Молоко (1.5л.),7.72
2025-05-07,sup1,cat5,Говядина,21.19
2025-05-07,sup5,cat12,Лимонад (2л.),5.35
2025-05-07,sup2,cat11,Сосиски молочные,3.92
2025-05-07,sup1,cat11,Сервелат (400г.),17.02
2025-05-07,sup6,cat10,Булочка с маком (1шт.),2.98
2025-05-07,sup10,cat1,Груша,9.85
2025-05-07,sup3,cat3,Масло сливочное (180г.),9.18
2025-05-07,sup8,cat2,Томат,18.12
2025-05-07,sup5,cat8,Кофе мол. (250г.),39.98
2025-05-07,sup1,cat5,Говядина,35.72
2025-05-07,sup6,cat10,Булочка с маком (1шт.),1.49
2025-05-07,sup4,cat7,Скумбрия,10.53
2025-05-07,sup2,cat6,Печень куриная (550г.),5.50
2025-05-07,sup5,cat8,Кофе мол. (250г.),39.98
2025-05-07,sup1,cat5,Говядина,11.35
2025-05-07,sup6,cat10,Батон нарезной (240г.),1.22
2025-05-07,sup8,cat2,Огурец,4.13
2025-05-07,sup4,cat7,Креветки,26.77
2025-05-07,sup5,cat9,Шоколад молочный (90г.),5.99
2025-05-07,sup10,cat2,Морковь,1.39
2025-05-07,sup1,cat6,Фарш,45.20
2025-05-07,sup3,cat3,Молоко (1л.),2.60
2025-05-07,sup2,cat5,Окорочка куриные,5.92
2025-05-07,sup9,cat1,Апельсин,11.93
2025-05-07,sup3,cat3,Молоко (1.5л.),3.86
2025-05-07,sup3,cat3,Кефир (1л.),2.27
2025-05-07,sup3,cat3,Масло сливочное (180г.),9.18
2025-05-07,sup5,cat8,Масло подсолнечное (0.8л.),4.04
2025-05-07,sup12,cat12,Вода негаз. (0.5л.),0.99
2025-05-07,sup6,cat10,Батон нарезной (240г.),2.44
2025-05-07,sup5,cat8,Спагетти (400г.),1.76
2025-05-07,sup2,cat6,Голубцы,18.88
2025-05-07,sup8,cat2,Огурец,1.18
2025-05-07,sup7,cat10,Батон нарезной (240г.),1.22
2025-05-07,sup8,cat2,Томат,3.90
2025-05-07,sup5,cat8,Мука (1кг.),1.64
2025-05-07,sup6,cat10,Хлеб светлый (400г.),1.20
2025-05-07,sup6,cat10,Булочка с маком (1шт.),1.49
2025-05-07,sup10,cat2,Морковь,1.07
2025-05-07,sup9,cat1,Груша,4.27
2025-05-07,sup8,cat2,Томат,19.24
2025-05-07,sup5,cat8,Крупа перловая (1кг.),1.44
2025-05-08,sup2,cat4,Яйцо куриное С1 (10шт.),3.81
2025-05-08,sup10,cat1,Груша,10.97
2025-05-08,sup2,cat4,Яйцо куриное С1 (15шт.),6.44
2025-05-08,sup7,cat10,Хлеб светлый (400г.),1.20
2025-05-08,sup5,cat9,Вафли (143г.),2.76
2025-05-08,sup6,cat10,Булочка с маком (1шт.),7.45
2025-05-08,sup4,cat7,Сельдь (250г.),11.98
2025-05-08,sup2,cat4,Яйцо куриное С1 (10шт.),7.62
2025-05-08,sup6,cat10,Лаваш (300г.),2.89
2025-05-08,sup8,cat2,Морковь,1.13
2025-05-08,sup1,cat5,Свинина,20.50
2025-05-08,sup6,cat10,Хлеб светлый (400г.),1.20
2025-05-08,sup4,cat7,Паста рыбная (150г.),2.95
2025-05-08,sup1,cat6,Фарш,38.01
2025-05-08,sup6,cat10,Батон нарезной (240г.),1.22
2025-05-08,sup4,cat7,Минтай,1.29
2025-05-08,sup7,cat10,Батон нарезной (240г.),2.44
2025-05-08,sup2,cat4,Яйцо куриное С1 (10шт.),3.81
2025-05-08,sup5,cat8,Крупа манная (1кг.),2.02
2025-05-08,sup2,cat4,Яйцо куриное Д1 (10шт.),4.98
2025-05-08,sup4,cat7,Минтай,1.43
2025-05-08,sup10,cat1,Яблоко,7.47
2025-05-08,sup9,cat2,Томат,23.92
2025-05-08,sup1,cat5,Говядина,31.26
2025-05-08,sup7,cat10,Батон нарезной (240г.),1.22
2025-05-08,sup6,cat10,Лаваш (300г.),2.89
2025-05-08,sup1,cat5,Говядина,39.11
2025-05-08,sup5,cat8,Кофе мол. (250г.),39.98
2025-05-08,sup5,cat9,Карамель,1.41
2025-05-08,sup8,cat1,Груша,13.31
2025-05-08,sup3,cat3,Масло сливочное (180г.),4.59
2025-05-08,sup2,cat6,Фарш,11.85
2025-05-08,sup6,cat10,Булочка с маком (1шт.),2.98
2025-05-08,sup5,cat12,Сок апельсиновый (1л.),14.40
2025-05-08,sup5,cat12,Сок апельсиновый (1л.),7.20
2025-05-08,sup5,cat8,Мука (1кг.),1.64
2025-05-08,sup5,cat8,Чай пак. (25шт.),3.80
2025-05-08,sup3,cat3,Сыр российский,5.74
2025-05-08,sup9,cat1,Банан,13.45
2025-05-08,sup8,cat2,Томат,18.51
2025-05-08,sup8,cat2,Томат,11.12
2025-05-08,sup8,cat2,Томат,12.88
2025-05-08,sup6,cat10,Батон нарезной (240г.),1.22
2025-05-08,sup3,cat3,Творог (200г.),4.88
2025-05-08,sup5,cat12,Квас светлый (1л.),2.65
2025-05-08,sup5,cat8,Сахар (1кг.),0.73
2025-05-08,sup2,cat6,Фарш,41.33
2025-05-08,sup8,cat2,Огурец,8.23
2025-05-08,sup7,cat10,Багет (200г.),2.49
2025-05-08,sup6,cat10,Булочка с маком (1шт.),1.49
2025-05-08,sup6,cat10,Лаваш (300г.),2.89
2025-05-08,sup1,cat6,Голубцы,10.02
2025-05-09,sup2,cat4,Яйцо куриное С1 (10шт.),7.62
2025-05-09,sup7,cat10,Батон нарезной (240г.),1.22
2025-05-09,sup5,cat8,Кофе мол. (250г.),19.99
2025-05-09,sup6,cat10,Багет (200г.),2.49
2025-05-09,sup2,cat4,Яйцо куриное С1 (10шт.),7.62
2025-05-09,sup3,cat3,Масло сливочное (180г.),4.59
2025-05-09,sup6,cat10,Лаваш (300г.),2.89
2025-05-09,sup1,cat11,Колбаски охотничьи (500г.),9.20
2025-05-09,sup2,cat11,Сосиски молочные,10.46
2025-05-09,sup5,cat8,Крупа перловая (1кг.),1.44
2025-05-09,sup8,cat1,Груша,11.32
2025-05-09,sup7,cat10,Батон нарезной (240г.),2.44
2025-05-09,sup3,cat3,Кефир (1л.),2.27
2025-05-09,sup2,cat11,Сосиски молочные,10.19
2025-05-09,sup4,cat7,Хек,7.34
2025-05-09,sup3,cat3,Кефир (1л.),2.27
2025-05-09,sup6,cat10,Батон нарезной (240г.),1.22
2025-05-09,sup10,cat2,Морковь,1.79
2025-05-09,sup1,cat6,Колбаски,19.50
2025-05-09,sup5,cat8,Кофе мол. (250г.),19.99
2025-05-09,sup6,cat10,Батон нарезной (240г.),2.44
2025-05-09,sup5,cat8,Кофе мол. (250г.),19.99
2025-05-09,sup2,cat4,Яйцо куриное Д1 (10шт.),4.98
2025-05-09,sup7,cat10,Батон нарезной (240г.),2.44
2025-05-09,sup3,cat3,Кефир (1л.),2.27
2025-05-09,sup2,cat11,Колбаса вареная (400г.),4.98
2025-05-09,sup1,cat11,Колбаса вареная (400г.),4.98
2025-05-09,sup2,cat6,Колбаски,38.88
2025-05-09,sup6,cat10,Батон нарезной (240г.),1.22
2025-05-09,sup3,cat3,Творог (200г.),4.88
2025-05-09,sup2,cat5,Окорочка куриные,6.86
2025-05-09,sup3,cat3,Кефир (1л.),2.27
2025-05-09,sup7,cat10,Батон нарезной (240г.),1.22
2025-05-09,sup7,cat10,Батон нарезной (240г.),1.22
2025-05-09,sup3,cat3,Молоко (1л.),2.60
2025-05-09,sup1,cat11,Сервелат (400г.),8.51
2025-05-09,sup3,cat3,Сметана (180г.),3.88
2025-05-09,sup3,cat3,Творог (200г.),2.44
2025-05-09,sup2,cat11,Сосиски молочные,9.62
2025-05-09,sup4,cat7,Форель (200г.),18.25
2025-05-09,sup7,cat10,Батон нарезной (240г.),1.22
2025-05-09,sup1,cat6,Колбаски,36.55
2025-05-09,sup9,cat1,Банан,2.54
2025-05-09,sup2,cat6,Желудки куриные (550г.),4.98
2025-05-09,sup5,cat9,Конфеты шоколадные,24.41
2025-05-09,sup1,cat11,Колбаски охотничьи (500г.),18.40
2025-05-09,sup6,cat10,Батон нарезной (240г.),2.44
2025-05-09,sup1,cat5,Говядина,12.15
2025-05-09,sup2,cat5,Филе куриное,18.69
2025-05-09,sup1,cat5,Свинина,19.66
2025-05-09,sup7,cat10,Багет (200г.),2.49
2025-05-09,sup5,cat8,Кофе мол. (250г.),19.99
2025-05-09,sup5,cat8,Крупа манная (1кг.),2.02
2025-05-09,sup1,cat5,Говядина,19.81
2025-05-09,sup7,cat10,Батон нарезной (240г.),1.22
2025-05-09,sup1,cat6,Колбаски,34.38
2025-05-09,sup4,cat7,Кальмар,29.37
2025-05-09,sup12,cat12,Coca-Cola (1л.),3.07
2025-05-09,sup2,cat6,Фарш,12.23
2025-05-09,sup5,cat9,Карамель,4.67
2025-05-09,sup8,cat1,Груша,15.49
2025-05-09,sup7,cat10,Батон нарезной (240г.),1.22
2025-05-09,sup4,cat7,Минтай,1.08
2025-05-09,sup4,cat7,Кальмар,32.67
2025-05-09,sup5,cat12,Лимонад (2л.),5.35
2025-05-09,sup2,cat4,Яйцо куриное С1 (10шт.),7.62
2025-05-09,sup3,cat3,Масло сливочное (180г.),4.59
2025-05-10,sup5,cat12,Вода негаз. (0.5л.),0.99
2025-05-10,sup5,cat8,Масло подсолнечное (0.8л.),2.02
2025-05-10,sup1,cat11,Салями,20.98
2025-05-10,sup7,cat10,Батон нарезной (240г.),1.22
2025-05-10,sup6,cat10,Багет (200г.),2.49
2025-05-10,sup5,cat9,Зефир (230г.),17.58
2025-05-10,sup12,cat12,Вода негаз. (0.5л.),0.99
2025-05-10,sup1,cat11,Колбаса вареная (400г.),4.98
2025-05-10,sup3,cat3,Молоко (1л.),2.60
2025-05-10,sup5,cat8,Мука (2кг.),2.60
2025-05-10,sup6,cat10,Булочка с маком (1шт.),2.98
2025-05-10,sup2,cat5,Окорочка куриные,9.33
2025-05-10,sup2,cat6,Колбаски,21.93
2025-05-10,sup1,cat6,Колбаски,28.40
2025-05-10,sup7,cat10,Батон нарезной (240г.),2.44
2025-05-10,sup3,cat3,Сыр российский,17.49
2025-05-10,sup3,cat3,Творог (200г.),4.88
2025-05-10,sup1,cat11,Колбаски охотничьи (500г.),27.60
2025-05-10,sup5,cat8,Крупа гречневая (700г.),2.07
2025-05-10,sup7,cat10,Хлеб светлый (400г.),1.20
2025-05-10,sup1,cat6,Котлеты,12.97
2025-05-10,sup3,cat3,Творог (200г.),4.88
2025-05-10,sup5,cat8,Крупа гречневая (700г.),2.07
2025-05-10,sup2,cat6,Фарш,38.57
2025-05-10,sup8,cat2,Огурец,5.50
2025-05-10,sup4,cat7,Скумбрия,12.12
2025-05-10,sup5,cat8,Масло подсолнечное (0.8л.),6.06
2025-05-10,sup3,cat3,Творог (200г.),4.88
2025-05-10,sup2,cat6,Желудки куриные (550г.),4.98
2025-05-10,sup4,cat7,Паста рыбная (150г.),2.95
2025-05-10,sup5,cat8,Пшено (900г.),2.35
2025-05-10,sup2,cat6,Шашлык,36.58
2025-05-10,sup1,cat6,Голубцы,23.84
2025-05-10,sup1,cat11,Колбаски охотничьи (500г.),9.20
2025-05-10,sup3,cat3,Кефир (1л.),2.27
2025-05-10,sup6,cat10,Булочка с маком (1шт.),2.98
2025-05-10,sup3,cat3,Масло сливочное (180г.),4.59
2025-05-10,sup6,cat10,Плетенка (450г.),4.04
2025-05-10,sup2,cat5,Окорочка куриные,12.97
2025-05-10,sup2,cat5,Окорочка куриные,5.90
2025-05-10,sup12,cat12,Coca-Cola (1л.),3.07
2025-05-10,sup6,cat10,Батон нарезной (240г.),2.44
2025-05-10,sup6,cat10,Булочка с маком (1шт.),1.49
2025-05-10,sup10,cat1,Груша,8.28
2025-05-10,sup1,cat11,Ветчина,4.48
2025-05-10,sup6,cat10,Лаваш (300г.),2.89
2025-05-10,sup9,cat2,Томат,16.03
2025-05-10,sup5,cat12,Квас светлый (1л.),2.65
2025-05-10,sup6,cat10,Батон нарезной (240г.),1.22
2025-05-10,sup9,cat1,Апельсин,22.52
2025-05-10,sup8,cat2,Морковь,2.31
2025-05-10,sup5,cat12,Квас светлый (1л.),2.65
2025-05-10,sup5,cat8,Масло распсовое (0.8л.),4.99
2025-05-10,sup9,cat2,Томат,10.29
2025-05-10,sup8,cat2,Огурец,3.95
2025-05-10,sup3,cat3,Сыр голландский (200г.),5.02
2025-05-10,sup2,cat4,Яйцо куриное С1 (10шт.),3.81
2025-05-10,sup9,cat1,Апельсин,4.32
2025-05-10,sup5,cat12,Вода негаз. (0.5л.),0.99
2025-05-10,sup6,cat10,Батон нарезной (240г.),1.22
2025-05-10,sup2,cat5,Филе куриное,8.80
2025-05-10,sup1,cat5,Говядина,18.96
2025-05-10,sup2,cat6,Желудки куриные (550г.),4.98
2025-05-10,sup2,cat11,Колбаса вареная (400г.),4.98
2025-05-10,sup2,cat4,Яйцо перепелиное (10шт.),2.95
2025-05-10,sup8,cat2,Огурец,3.59
2025-05-10,sup3,cat3,Сметана (380г.),3.71
2025-05-11,sup1,cat11,Колбаса вареная (400г.),4.98
2025-05-11,sup6,cat10,Батон нарезной (240г.),1.22
2025-05-11,sup5,cat8,Мука (1кг.),1.64
2025-05-11,sup6,cat10,Батон нарезной (240г.),1.22
2025-05-11,sup2,cat11,Ветчина,14.43
2025-05-11,sup2,cat11,Колбаса вареная (400г.),4.98
2025-05-11,sup1,cat11,Колбаса вареная (400г.),4.98
2025-05-11,sup5,cat8,Кофе раств. (95г.),14.99
2025-05-11,sup5,cat8,Сахар (1кг.),1.46
2025-05-11,sup5,cat8,Сахар (1кг.),2.92
2025-05-11,sup2,cat5,Окорочка куриные,7.88
2025-05-11,sup3,cat3,Молоко (1л.),2.60
2025-05-11,sup8,cat2,Огурец,2.69
2025-05-11,sup10,cat2,Морковь,0.42
2025-05-11,sup5,cat12,Вода негаз. (0.5л.),1.98
2025-05-11,sup1,cat11,Сосиски молочные,10.02
2025-05-11,sup3,cat3,Молоко (1.5л.),3.86
2025-05-11,sup3,cat3,Кефир (1л.),2.27
2025-05-11,sup9,cat2,Огурец,3.69
2025-05-11,sup12,cat12,Coca-Cola (1л.),3.07
2025-05-11,sup1,cat5,Говядина,27.81
2025-05-11,sup3,cat3,Молоко (1л.),2.60
2025-05-11,sup1,cat11,Колбаса вареная (400г.),4.98
2025-05-11,sup1,cat5,Говядина,37.07
2025-05-11,sup2,cat4,Яйцо куриное С1 (10шт.),3.81
2025-05-11,sup9,cat1,Груша,7.21
2025-05-11,sup4,cat7,Минтай,1.11
2025-05-11,sup2,cat6,Котлеты,7.13
2025-05-11,sup6,cat10,Батон нарезной (240г.),1.22
2025-05-11,sup2,cat4,Яйцо куриное С1 (10шт.),7.62
2025-05-11,sup5,cat12,Лимонад (2л.),5.35
2025-05-11,sup1,cat6,Голубцы,31.77
2025-05-11,sup5,cat12,Вода негаз. (0.5л.),0.99
2025-05-11,sup9,cat1,Банан,14.07
2025-05-11,sup8,cat2,Томат,3.40
2025-05-11,sup1,cat6,Фарш,33.89
2025-05-11,sup10,cat2,Морковь,2.36
2025-05-11,sup5,cat9,Печенье овсяное (400г.),4.33
2025-05-11,sup10,cat1,Яблоко,7.65
2025-05-11,sup1,cat11,Колбаса вареная (400г.),4.98
2025-05-11,sup6,cat10,Батон нарезной (240г.),1.22
2025-05-11,sup3,cat3,Сметана (180г.),3.88
2025-05-11,sup6,cat10,Батон нарезной (240г.),1.22
2025-05-11,sup1,cat11,Сосиски молочные,10.76
2025-05-11,sup3,cat3,Молоко (1.5л.),3.86
2025-05-11,sup7,cat10,Батон нарезной (240г.),1.22
2025-05-11,sup3,cat3,Сметана (180г.),1.94
2025-05-11,sup2,cat11,Сосиски молочные,8.67
2025-05-11,sup4,cat7,Минтай,1.69
2025-05-11,sup4,cat7,Форель (200г.),18.25
2025-05-11,sup5,cat8,Чай пак. (25шт.),3.80
2025-05-11,sup3,cat3,Молоко (1л.),2.60
2025-05-11,sup7,cat10,Батон нарезной (240г.),1.22
2025-05-11,sup5,cat12,Сок яблочный (1л.),5.17
2025-05-11,sup2,cat4,Яйцо куриное Д1 (10шт.),4.98
2025-05-11,sup4,cat7,Сельдь (250г.),5.99
2025-05-11,sup5,cat9,Печенье овсяное (400г.),4.33
2025-05-12,sup5,cat12,Лимонад (2л.),5.35
2025-05-12,sup2,cat4,Яйцо куриное С1 (10шт.),3.81
2025-05-12,sup5,cat9,Печенье овсяное (400г.),8.66
2025-05-12,sup9,cat1,Банан,10.14
2025-05-12,sup5,cat8,Крупа манная (1кг.),2.02
2025-05-12,sup5,cat8,Кофе мол. (250г.),19.99
2025-05-12,sup6,cat10,Батон нарезной (240г.),1.22
2025-05-12,sup9,cat1,Банан,14.98
2025-05-12,sup2,cat4,Яйцо куриное С1 (10шт.),3.81
2025-05-12,sup8,cat2,Свекла,1.46
2025-05-12,sup1,cat11,Колбаса вареная (400г.),4.98
2025-05-12,sup5,cat9,Конфеты шоколадные,30.02
2025-05-12,sup6,cat10,Булочка с маком (1шт.),1.49
2025-05-12,sup5,cat8,Спагетти (400г.),1.76
2025-05-12,sup8,cat2,Томат,14.14
2025-05-12,sup2,cat11,Колбаса вареная (400г.),4.98
2025-05-12,sup5,cat12,Сок апельсиновый (1л.),7.20
2025-05-12,sup3,cat3,Кефир (1л.),2.27
2025-05-12,sup5,cat8,Крупа гречневая (700г.),2.07
2025-05-12,sup1,cat5,Свинина,29.55
2025-05-12,sup3,cat3,Сметана (380г.),3.71
2025-05-12,sup6,cat10,Булочка с маком (1шт.),1.49
2025-05-12,sup8,cat2,Морковь,2.08
2025-05-12,sup2,cat5,Окорочка куриные,10.91
2025-05-12,sup5,cat8,Крупа манная (1кг.),2.02
2025-05-12,sup8,cat2,Огурец,1.10
2025-05-12,sup7,cat10,Батон нарезной (240г.),1.22
2025-05-12,sup2,cat6,Фарш,44.32
2025-05-12,sup3,cat3,Молоко (1л.),2.60
2025-05-12,sup7,cat10,Хлеб ржаной (450г.),1.50
2025-05-12,sup5,cat12,Лимонад (2л.),5.35
2025-05-12,sup1,cat11,Сервелат (400г.),8.51
2025-05-12,sup5,cat9,Печенье овсяное (400г.),4.33
2025-05-12,sup5,cat12,Вода негаз. (0.5л.),0.99
2025-05-12,sup5,cat9,Конфеты шоколадные,8.70
2025-05-12,sup7,cat10,Батон нарезной (240г.),2.44
2025-05-12,sup3,cat3,Кефир (1л.),2.27
2025-05-12,sup4,cat7,Креветки,25.17
2025-05-12,sup3,cat3,Кефир (1л.),4.54
2025-05-12,sup3,cat3,Сыр сливочный (200г.),5.41
2025-05-12,sup7,cat10,Батон нарезной (240г.),1.22
2025-05-12,sup6,cat10,Хлеб светлый (400г.),1.20
2025-05-12,sup2,cat6,Фарш,20.41
2025-05-12,sup5,cat8,Рис (900г.),3.49
2025-05-12,sup1,cat5,Говядина,30.44
2025-05-12,sup5,cat9,Конфеты шоколадные,16.61
2025-05-12,sup10,cat12,Сок яблочный (1л.),5.17
2025-05-12,sup3,cat3,Творог (200г.),2.44
2025-05-12,sup7,cat10,Батон нарезной (240г.),1.22
2025-05-12,sup2,cat5,Филе куриное,12.46
2025-05-13,sup2,cat4,Яйцо куриное С1 (15шт.),6.44
2025-05-13,sup1,cat6,Колбаски,17.48
2025-05-13,sup2,cat6,Голубцы,14.45
2025-05-13,sup7,cat10,Батон нарезной (240г.),1.22
2025-05-13,sup5,cat12,Вода негаз. (0.5л.),0.99
2025-05-13,sup12,cat12,Вода негаз. (0.5л.),1.98
2025-05-13,sup3,cat3,Молоко (1л.),2.60
2025-05-13,sup2,cat4,Яйцо куриное С1 (15шт.),6.44
2025-05-13,sup10,cat2,Свекла,1.63
2025-05-13,sup1,cat6,Голубцы,21.88
2025-05-13,sup5,cat8,Кофе раств. (95г.),14.99
2025-05-13,sup2,cat4,Яйцо куриное С1 (10шт.),3.81
2025-05-13,sup3,cat3,Сыр голландский (200г.),5.02
2025-05-13,sup3,cat3,Молоко (1.5л.),3.86
2025-05-13,sup2,cat6,Желудки куриные (550г.),4.98
2025-05-13,sup3,cat3,Молоко (1л.),2.60
2025-05-13,sup1,cat11,Сервелат (400г.),8.51
2025-05-13,sup10,cat2,Свекла,0.42
2025-05-13,sup2,cat6,Котлеты,6.58
2025-05-13,sup2,cat4,Яйцо куриное С1 (10шт.),7.62
2025-05-13,sup5,cat8,Мука (1кг.),1.64
2025-05-13,sup2,cat6,Фарш,23.77
2025-05-13,sup10,cat12,Сок яблочный (1л.),10.34
2025-05-13,sup1,cat6,Колбаски,13.53
2025-05-13,sup5,cat9,Конфеты шоколадные,19.91
2025-05-13,sup3,cat3,Кефир (1л.),2.27
2025-05-13,sup5,cat8,Крупа перловая (1кг.),1.44
2025-05-13,sup6,cat10,Сушки (500г.),7.98
2025-05-13,sup5,cat12,Лимонад (2л.),5.35
2025-05-13,sup3,cat3,Творог (200г.),4.88
2025-05-13,sup4,cat7,Икра лососевая (140г.),32.99
2025-05-13,sup2,cat6,Фарш,38.98
2025-05-13,sup7,cat10,Багет (200г.),2.49
2025-05-13,sup2,cat6,Шашлык,23.20
2025-05-13,sup7,cat10,Батон нарезной (240г.),2.44
2025-05-13,sup5,cat8,Масло подсолнечное (0.8л.),8.08
2025-05-13,sup5,cat8,Макароны (900г.),1.49
2025-05-13,sup5,cat12,Квас светлый (1л.),2.65
2025-05-13,sup6,cat10,Батон нарезной (240г.),1.22
2025-05-13,sup4,cat7,Сельдь (250г.),5.99
2025-05-13,sup5,cat8,Крупа манная (1кг.),2.02
2025-05-13,sup3,cat3,Молоко (1л.),2.60
2025-05-13,sup1,cat11,Сосиски молочные,11.79
2025-05-13,sup2,cat4,Яйцо куриное С1 (10шт.),3.81
2025-05-13,sup2,cat4,Яйцо куриное Д1 (10шт.),4.98
2025-05-13,sup1,cat5,Говядина,37.37
2025-05-13,sup2,cat4,Яйцо куриное С1 (10шт.),3.81
2025-05-13,sup3,cat3,Молоко (1л.),2.60
2025-05-13,sup6,cat10,Багет (200г.),2.49
2025-05-14,sup12,cat12,Вода негаз. (0.5л.),1.98
2025-05-14,sup4,cat7,Сельдь (250г.),5.99
2025-05-14,sup7,cat10,Хлеб светлый (400г.),1.20
2025-05-14,sup9,cat2,Огурец,8.22
2025-05-14,sup2,cat11,Сосиски молочные,5.24
2025-05-14,sup5,cat8,Рис (900г.),3.49
2025-05-14,sup5,cat12,Вода негаз. (0.5л.),0.99
2025-05-14,sup12,cat12,Coca-Cola (1л.),6.14
2025-05-14,sup5,cat8,Кофе мол. (250г.),39.98
2025-05-14,sup8,cat2,Капуста,4.13
2025-05-14,sup5,cat9,Печенье овсяное (400г.),8.66
2025-05-14,sup5,cat8,Крупа манная (1кг.),2.02
2025-05-14,sup5,cat12,Сок апельсиновый (1л.),7.20
2025-05-14,sup8,cat2,Томат,15.56
2025-05-14,sup3,cat3,Молоко (1л.),2.60
2025-05-14,sup3,cat3,Сметана (180г.),3.88
2025-05-14,sup7,cat10,Сушки (500г.),3.99
2025-05-14,sup1,cat11,Ветчина,8.25
2025-05-14,sup7,cat10,Багет (200г.),2.49
2025-05-14,sup5,cat9,Шоколад молочный (90г.),5.99
2025-05-14,sup3,cat3,Творог (200г.),2.44
2025-05-14,sup1,cat5,Говядина,37.40
2025-05-14,sup3,cat3,Масло сливочное (360г.),9.49
2025-05-14,sup5,cat8,Чай пак. (25шт.),3.80
2025-05-14,sup2,cat5,Окорочка куриные,8.55
2025-05-14,sup2,cat4,Яйцо куриное С1 (15шт.),6.44
2025-05-14,sup7,cat10,Хлеб светлый (400г.),1.20
2025-05-14,sup2,cat6,Желудки куриные (550г.),4.98
2025-05-14,sup5,cat8,Макароны (900г.),1.49
2025-05-14,sup5,cat9,Вафли (143г.),2.76
2025-05-14,sup7,cat10,Батон нарезной (240г.),2.44
2025-05-14,sup3,cat3,Молоко (1л.),5.20
2025-05-14,sup5,cat12,Сок яблочный (1л.),10.34
2025-05-14,sup5,cat12,Сок апельсиновый (1л.),7.20
2025-05-14,sup5,cat8,Масло распсовое (0.8л.),4.99
2025-05-14,sup3,cat3,Творог (200г.),7.32
2025-05-14,sup6,cat10,Лаваш (300г.),2.89
2025-05-14,sup1,cat11,Сосиски молочные,12.44
2025-05-14,sup8,cat1,Яблоко,17.13
2025-05-14,sup8,cat1,Яблоко,16.19
2025-05-14,sup1,cat11,Колбаса вареная (400г.),4.98
2025-05-14,sup1,cat5,Свинина,40.15
2025-05-14,sup3,cat3,Сметана (180г.),1.94
2025-05-14,sup7,cat10,Батон нарезной (240г.),1.22
2025-05-14,sup5,cat9,Конфеты шоколадные,25.58
2025-05-14,sup5,cat9,Конфеты шоколадные,10.55
2025-05-14,sup5,cat8,Масло подсолнечное (0.8л.),6.06
2025-05-14,sup7,cat10,Хлеб светлый (400г.),1.20
2025-05-14,sup8,cat2,Капуста,4.80
2025-05-15,sup5,cat8,Сахар (1кг.),3.65
2025-05-15,sup1,cat11,Сервелат (400г.),8.51
2025-05-15,sup2,cat5,Филе куриное,6.08
2025-05-15,sup9,cat2,Томат,8.67
2025-05-15,sup2,cat6,Печень куриная (550г.),5.50
2025-05-15,sup5,cat8,Мука (1кг.),1.64
2025-05-15,sup4,cat7,Креветки,37.75
2025-05-15,sup9,cat1,Яблоко,18.69
2025-05-15,sup6,cat10,Багет (200г.),2.49
2025-05-15,sup1,cat11,Салями,20.07
2025-05-15,sup5,cat9,Зефир (230г.),8.79
2025-05-15,sup5,cat8,Макароны (900г.),2.98
2025-05-15,sup5,cat12,Вода мин. газ. (1л.),3.18
2025-05-15,sup3,cat3,Сыр российский,12.51
2025-05-15,sup8,cat2,Огурец,5.50
2025-05-15,sup8,cat2,Капуста,3.89
2025-05-15,sup2,cat5,Окорочка куриные,11.14
2025-05-15,sup2,cat4,Яйцо куриное Д1 (10шт.),4.98
2025-05-15,sup3,cat3,Творог (200г.),4.88
2025-05-15,sup4,cat7,Скумбрия,3.31
2025-05-15,sup1,cat5,Говядина,34.19
2025-05-15,sup12,cat12,Вода негаз. (0.5л.),1.98
2025-05-15,sup5,cat9,Конфеты шоколадные,21.38
2025-05-15,sup6,cat10,Батон нарезной (240г.),2.44
2025-05-15,sup2,cat4,Яйцо куриное С1 (10шт.),7.62
2025-05-15,sup3,cat3,Творог (200г.),2.44
2025-05-15,sup9,cat2,Огурец,5.44
2025-05-15,sup8,cat2,Морковь,1.87
2025-05-15,sup5,cat8,Кофе мол. (250г.),19.99
2025-05-15,sup1,cat11,Сервелат (400г.),8.51
2025-05-15,sup2,cat5,Окорочка куриные,10.05
2025-05-15,sup5,cat12,Сок яблочный (1л.),5.17
2025-05-15,sup3,cat3,Творог (200г.),4.88
2025-05-15,sup9,cat2,Томат,5.35
2025-05-15,sup5,cat9,Вафли (143г.),2.76
2025-05-15,sup5,cat8,Спагетти (400г.),3.52
2025-05-15,sup5,cat8,Сахар (1кг.),1.46
2025-05-15,sup6,cat10,Батон нарезной (240г.),1.22
2025-05-15,sup1,cat11,Сервелат (400г.),8.51
2025-05-15,sup3,cat3,Сыр российский,16.65
2025-05-15,sup5,cat8,Кофе раств. (95г.),14.99
2025-05-15,sup4,cat7,Хек,17.32
2025-05-15,sup1,cat11,Колбаса вареная (400г.),4.98
2025-05-15,sup8,cat2,Томат,20.56
2025-05-15,sup4,cat7,Хек,3.57
2025-05-15,sup7,cat10,Батон нарезной (240г.),1.22
2025-05-15,sup5,cat12,Вода негаз. (0.5л.),0.99
2025-05-15,sup5,cat9,Конфеты шоколадные,17.26
2025-05-15,sup2,cat4,Яйцо перепелиное (10шт.),2.95
2025-05-15,sup3,cat3,Молоко (1л.),2.60
2025-05-15,sup5,cat8,Макароны (900г.),1.49
2025-05-15,sup4,cat7,Форель (200г.),36.50
2025-05-15,sup2,cat4,Яйцо куриное С1 (10шт.),7.62
2025-05-16,sup2,cat5,Окорочка куриные,12.48
2025-05-16,sup8,cat2,Свекла,0.89
2025-05-16,sup7,cat10,Батон нарезной (240г.),1.22
2025-05-16,sup5,cat8,Рис (900г.),6.98
2025-05-16,sup5,cat9,Конфеты шоколадные,25.89
2025-05-16,sup4,cat7,Сельдь (250г.),5.99
2025-05-16,sup1,cat11,Сосиски молочные,9.32
2025-05-16,sup7,cat10,Сушки (500г.),7.98
2025-05-16,sup5,cat9,Печенье овсяное (400г.),4.33
2025-05-16,sup5,cat8,Спагетти (400г.),3.52
2025-05-16,sup3,cat3,Масло сливочное (180г.),4.59
2025-05-16,sup1,cat6,Шашлык,43.16
2025-05-16,sup6,cat10,Булочка с маком (1шт.),1.49
2025-05-16,sup6,cat10,Булочка с маком (1шт.),2.98
2025-05-16,sup10,cat1,Яблоко,7.12
2025-05-16,sup4,cat7,Паста рыбная (150г.),2.95
2025-05-16,sup6,cat10,Булочка с маком (1шт.),1.49
2025-05-16,sup3,cat3,Молоко (1л.),5.20
2025-05-16,sup6,cat10,Батон нарезной (240г.),1.22
2025-05-16,sup3,cat3,Молоко (1л.),2.60
2025-05-16,sup2,cat4,Яйцо куриное Д1 (10шт.),4.98
2025-05-16,sup6,cat10,Батон нарезной (240г.),2.44
2025-05-16,sup5,cat8,Спагетти (400г.),1.76
2025-05-16,sup6,cat10,Батон нарезной (240г.),1.22
2025-05-16,sup2,cat4,Яйцо куриное С1 (15шт.),6.44
2025-05-16,sup6,cat10,Батон нарезной (240г.),1.22
2025-05-16,sup1,cat11,Колбаски охотничьи (500г.),9.20
2025-05-16,sup6,cat10,Булочка с маком (1шт.),2.98
2025-05-16,sup5,cat8,Крупа манная (1кг.),2.02
2025-05-16,sup2,cat4,Яйцо куриное Д1 (10шт.),4.98
2025-05-16,sup2,cat5,Филе куриное,19.56
2025-05-16,sup5,cat8,Сахар (1кг.),0.73
2025-05-16,sup9,cat2,Огурец,4.18
2025-05-16,sup7,cat10,Батон нарезной (240г.),1.22
2025-05-16,sup5,cat8,Макароны (900г.),1.49
2025-05-16,sup7,cat10,Хлеб ржаной (450г.),1.50
2025-05-16,sup3,cat3,Кефир (1л.),2.27
2025-05-16,sup5,cat8,Крупа манная (1кг.),2.02
2025-05-16,sup3,cat3,Молоко (1.5л.),3.86
2025-05-16,sup1,cat11,Бекон (220г),9.99
2025-05-16,sup7,cat10,Батон нарезной (240г.),1.22
2025-05-16,sup10,cat1,Груша,9.95
2025-05-16,sup9,cat2,Огурец,4.01
2025-05-16,sup1,cat11,Сосиски молочные,4.56
2025-05-16,sup8,cat2,Огурец,1.01
2025-05-16,sup5,cat8,Сахар (1кг.),1.46
2025-05-16,sup4,cat7,Форель (200г.),18.25
2025-05-16,sup10,cat2,Морковь,0.56
2025-05-16,sup2,cat5,Окорочка куриные,12.44
2025-05-16,sup8,cat2,Огурец,7.42
2025-05-16,sup2,cat11,Сосиски молочные,5.99
2025-05-16,sup2,cat4,Яйцо куриное С1 (15шт.),6.44
2025-05-16,sup5,cat8,Масло подсолнечное (0.8л.),4.04
2025-05-16,sup5,cat12,Лимонад (2л.),5.35
2025-05-16,sup5,cat12,Вода негаз. (0.5л.),0.99
2025-05-16,sup5,cat9,Конфеты шоколадные,30.28
2025-05-16,sup4,cat7,Хек,6.36
2025-05-16,sup1,cat11,Колбаски охотничьи (500г.),18.40
2025-05-16,sup5,cat9,Карамель,1.73
2025-05-16,sup5,cat9,Карамель,1.59
2025-05-16,sup6,cat10,Хлеб светлый (400г.),1.20
2025-05-16,sup2,cat6,Печень куриная (550г.),5.50
2025-05-16,sup5,cat12,Лимонад (2л.),5.35
2025-05-16,sup2,cat4,Яйцо куриное С1 (15шт.),6.44
2025-05-16,sup5,cat12,Вода негаз. (0.5л.),0.99
2025-05-16,sup5,cat9,Карамель,5.47
2025-05-16,sup1,cat11,Сосиски молочные,9.66
2025-05-16,sup2,cat6,Голубцы,17.22
2025-05-17,sup5,cat12,Сок яблочный (1л.),5.17
2025-05-17,sup2,cat4,Яйцо куриное С1 (10шт.),3.81
2025-05-17,sup5,cat8,Мука (2кг.),2.60
2025-05-17,sup4,cat7,Хек,14.12
2025-05-17,sup6,cat10,Булочка с маком (1шт.),2.98
2025-05-17,sup5,cat8,Мука (1кг.),1.64
2025-05-17,sup5,cat9,Печенье овсяное (400г.),4.33
2025-05-17,sup8,cat2,Свекла,1.40
2025-05-17,sup6,cat10,Батон нарезной (240г.),1.22
2025-05-17,sup7,cat10,Багет (200г.),2.49
2025-05-17,sup12,cat12,Вода негаз. (0.5л.),0.99
2025-05-17,sup1,cat5,Свинина,18.67
2025-05-17,sup4,cat7,Форель (200г.),18.25
2025-05-17,sup3,cat3,Сметана (180г.),1.94
2025-05-17,sup1,cat11,Сосиски молочные,9.48
2025-05-17,sup10,cat1,Груша,16.40
2025-05-17,sup1,cat11,Сосиски молочные,8.99
2025-05-17,sup2,cat4,Яйцо куриное Д1 (10шт.),4.98
2025-05-17,sup5,cat9,Мармелад,3.80
2025-05-17,sup8,cat2,Огурец,1.31
2025-05-17,sup3,cat3,Кефир (1л.),2.27
2025-05-17,sup3,cat3,Творог (200г.),4.88
2025-05-17,sup1,cat11,Сервелат (400г.),8.51
2025-05-17,sup9,cat1,Апельсин,7.40
2025-05-17,sup6,cat10,Булочка с маком (1шт.),1.49
2025-05-17,sup3,cat3,Масло сливочное (360г.),9.49
2025-05-17,sup2,cat5,Окорочка куриные,12.33
2025-05-17,sup5,cat8,Крупа перловая (1кг.),1.44
2025-05-17,sup1,cat5,Говядина,38.85
2025-05-17,sup6,cat10,Сушки (500г.),3.99
2025-05-17,sup5,cat12,Вода негаз. (0.5л.),0.99
2025-05-17,sup2,cat6,Печень куриная (550г.),11.00
2025-05-17,sup4,cat7,Хек,7.75
2025-05-17,sup5,cat12,Вода мин. газ. (1л.),1.59
2025-05-17,sup4,cat7,Форель (200г.),18.25
2025-05-17,sup9,cat1,Яблоко,7.04
2025-05-17,sup6,cat10,Батон нарезной (240г.),1.22
2025-05-17,sup12,cat12,Coca-Cola (1л.),3.07
2025-05-17,sup2,cat5,Окорочка куриные,7.33
2025-05-17,sup1,cat5,Говядина,8.64
2025-05-17,sup7,cat10,Хлеб светлый (400г.),1.20
2025-05-17,sup8,cat2,Огурец,7.71
2025-05-17,sup1,cat11,Сервелат (400г.),8.51
2025-05-17,sup5,cat12,Лимонад (2л.),5.35
2025-05-17,sup8,cat2,Огурец,7.29
2025-05-17,sup3,cat3,Сыр российский,11.60
2025-05-17,sup1,cat11,Ветчина,14.13
2025-05-17,sup4,cat7,Скумбрия,10.42
2025-05-17,sup7,cat10,Хлеб светлый (400г.),1.20
2025-05-17,sup5,cat8,Крупа гречневая (700г.),2.07
2025-05-17,sup5,cat12,Лимонад (2л.),5.35
2025-05-17,sup3,cat3,Сметана (180г.),3.88
2025-05-17,sup5,cat9,Печенье овсяное (400г.),8.66
2025-05-17,sup2,cat6,Фарш,20.80
2025-05-17,sup6,cat10,Хлеб светлый (400г.),1.20
2025-05-17,sup5,cat8,Крупа перловая (1кг.),1.44
2025-05-17,sup5,cat12,Вода негаз. (0.5л.),0.99
2025-05-17,sup3,cat3,Молоко (1л.),2.60
2025-05-17,sup6,cat10,Булочка с маком (1шт.),1.49
2025-05-17,sup5,cat8,Масло подсолнечное (0.8л.),2.02
2025-05-17,sup8,cat2,Морковь,1.76
2025-05-17,sup8,cat1,Яблоко,13.93
2025-05-17,sup3,cat3,Молоко (1л.),5.20
2025-05-17,sup1,cat5,Говядина,13.56
2025-05-18,sup3,cat3,Молоко (1л.),2.60
2025-05-18,sup7,cat10,Батон нарезной (240г.),1.22
2025-05-18,sup5,cat9,Конфеты шоколадные,21.89
2025-05-18,sup9,cat2,Огурец,5.59
2025-05-18,sup5,cat9,Печенье овсяное (400г.),4.33
2025-05-18,sup5,cat8,Макароны (900г.),1.49
2025-05-18,sup3,cat3,Сметана (380г.),3.71
2025-05-18,sup8,cat2,Огурец,1.03
2025-05-18,sup1,cat11,Сосиски молочные,3.90
2025-05-18,sup5,cat8,Крупа перловая (1кг.),1.44
2025-05-18,sup8,cat2,Капуста,2.54
2025-05-18,sup9,cat1,Апельсин,21.35
2025-05-18,sup7,cat10,Батон нарезной (240г.),1.22
2025-05-18,sup5,cat8,Мука (2кг.),2.60
2025-05-18,sup4,cat7,Форель (200г.),18.25
2025-05-18,sup12,cat12,Вода негаз. (0.5л.),0.99
2025-05-18,sup3,cat3,Кефир (1л.),2.27
2025-05-18,sup1,cat6,Фарш,29.59
2025-05-18,sup7,cat10,Батон нарезной (240г.),1.22
2025-05-18,sup5,cat8,Чай пак. (25шт.),3.80
2025-05-18,sup5,cat8,Мука (1кг.),1.64
2025-05-18,sup7,cat10,Батон нарезной (240г.),1.22
2025-05-18,sup5,cat12,Вода негаз. (0.5л.),1.98
2025-05-18,sup8,cat2,Капуста,4.39
2025-05-18,sup9,cat2,Огурец,3.76
2025-05-18,sup1,cat5,Говядина,21.62
2025-05-18,sup5,cat8,Крупа гречневая (700г.),2.07
2025-05-18,sup6,cat10,Хлеб светлый (400г.),1.20
2025-05-18,sup3,cat3,Молоко (1л.),2.60
2025-05-18,sup7,cat10,Батон нарезной (240г.),1.22
2025-05-18,sup1,cat11,Сервелат (400г.),8.51
2025-05-18,sup3,cat3,Молоко (1л.),2.60
2025-05-18,sup3,cat3,Сыр российский,7.41
2025-05-18,sup4,cat7,Паста рыбная (150г.),2.95
2025-05-18,sup2,cat4,Яйцо куриное С1 (10шт.),3.81
2025-05-18,sup5,cat9,Конфеты шоколадные,8.19
2025-05-18,sup2,cat4,Яйцо куриное С1 (10шт.),3.81
2025-05-18,sup5,cat8,Мука (2кг.),2.60
2025-05-18,sup2,cat5,Филе куриное,9.72
2025-05-18,sup5,cat12,Вода негаз. (0.5л.),0.99
2025-05-18,sup2,cat6,Фарш,19.97
2025-05-18,sup3,cat3,Молоко (1л.),2.60
2025-05-18,sup8,cat2,Огурец,8.01
2025-05-18,sup1,cat11,Колбаса вареная (400г.),4.98
2025-05-18,sup3,cat3,Масло сливочное (180г.),4.59
2025-05-18,sup1,cat5,Говядина,11.67
2025-05-18,sup8,cat2,Капуста,4.04
2025-05-18,sup10,cat1,Яблоко,11.60
2025-05-18,sup4,cat7,Хек,7.24
2025-05-18,sup5,cat8,Кофе мол. (250г.),19.99
2025-05-18,sup9,cat1,Банан,3.34
2025-05-18,sup5,cat12,Вода негаз. (0.5л.),0.99
2025-05-18,sup6,cat10,Батон нарезной (240г.),1.22
2025-05-18,sup5,cat8,Кофе мол. (250г.),19.99
2025-05-18,sup5,cat9,Вафли (143г.),5.52
2025-05-18,sup1,cat5,Свинина,25.33
2025-05-18,sup9,cat2,Огурец,6.55
2025-05-19,sup6,cat10,Хлеб светлый (400г.),1.20
2025-05-19,sup6,cat10,Булочка с маком (1шт.),1.49
2025-05-19,sup3,cat3,Сметана (180г.),1.94
2025-05-19,sup8,cat2,Капуста,3.83
2025-05-19,sup3,cat3,Молоко (1.5л.),3.86
2025-05-19,sup3,cat3,Сметана (180г.),1.94
2025-05-19,sup6,cat10,Хлеб светлый (400г.),1.20
2025-05-19,sup5,cat8,Мука (1кг.),1.64
2025-05-19,sup1,cat11,Колбаса вареная (400г.),4.98
2025-05-19,sup8,cat1,Груша,16.31
2025-05-19,sup3,cat3,Молоко (1л.),2.60
2025-05-19,sup1,cat5,Говядина,20.54
2025-05-19,sup3,cat3,Молоко (1л.),2.60
2025-05-19,sup5,cat12,Вода негаз. (0.5л.),0.99
2025-05-19,sup1,cat5,Говядина,17.40
2025-05-19,sup5,cat9,Печенье овсяное (400г.),4.33
2025-05-19,sup5,cat8,Крупа гречневая (700г.),2.07
2025-05-19,sup3,cat3,Сыр российский,3.66
2025-05-19,sup6,cat10,Сушки (500г.),3.99
2025-05-19,sup6,cat10,Лаваш (300г.),2.89
2025-05-19,sup8,cat2,Огурец,5.81
2025-05-19,sup3,cat3,Сыр сливочный (200г.),5.41
2025-05-19,sup5,cat8,Рис (900г.),3.49
2025-05-19,sup8,cat2,Томат,6.08
2025-05-19,sup3,cat3,Кефир (1л.),4.54
2025-05-19,sup3,cat3,Сметана (380г.),3.71
2025-05-19,sup9,cat2,Томат,16.59
2025-05-19,sup2,cat4,Яйцо куриное С1 (15шт.),6.44
2025-05-19,sup1,cat6,Колбаски,19.80
2025-05-19,sup5,cat8,Крупа гречневая (700г.),2.07
2025-05-19,sup2,cat11,Сосиски молочные,7.93
2025-05-19,sup5,cat12,Вода негаз. (0.5л.),0.99
2025-05-19,sup7,cat10,Батон нарезной (240г.),1.22
2025-05-19,sup6,cat10,Лаваш (300г.),5.78
2025-05-19,sup3,cat3,Кефир (1л.),2.27
2025-05-19,sup10,cat2,Морковь,0.42
2025-05-19,sup6,cat10,Батон нарезной (240г.),2.44
2025-05-19,sup2,cat6,Фарш,40.02
2025-05-19,sup5,cat8,Масло подсолнечное (0.8л.),2.02
2025-05-19,sup9,cat1,Яблоко,17.22
2025-05-19,sup2,cat5,Окорочка куриные,3.09
2025-05-19,sup10,cat1,Яблоко,1.10
2025-05-19,sup3,cat3,Масло сливочное (180г.),4.59
2025-05-19,sup2,cat4,Яйцо куриное С1 (15шт.),6.44
2025-05-19,sup1,cat6,Голубцы,33.03
2025-05-19,sup7,cat10,Батон нарезной (240г.),2.44
2025-05-19,sup1,cat11,Сервелат (400г.),17.02
2025-05-19,sup5,cat12,Вода негаз. (0.5л.),0.99
2025-05-19,sup7,cat10,Хлеб светлый (400г.),1.20
2025-05-19,sup6,cat10,Булочка с маком (1шт.),4.47
2025-05-20,sup5,cat12,Вода негаз. (0.5л.),0.99
2025-05-20,sup6,cat10,Лаваш (300г.),2.89
2025-05-20,sup5,cat8,Кофе мол. (250г.),39.98
2025-05-20,sup5,cat8,Рис (900г.),3.49
2025-05-20,sup2,cat11,Колбаса вареная (400г.),4.98
2025-05-20,sup1,cat11,Сосиски молочные,8.53
2025-05-20,sup4,cat7,Хек,3.77
2025-05-20,sup5,cat8,Сахар (1кг.),2.19
2025-05-20,sup2,cat4,Яйцо куриное С1 (15шт.),6.44
2025-05-20,sup4,cat7,Креветки,42.55
2025-05-20,sup2,cat4,Яйцо куриное Д1 (10шт.),4.98
2025-05-20,sup4,cat7,Минтай,1.83
2025-05-20,sup12,cat12,Coca-Cola (1л.),3.07
2025-05-20,sup3,cat3,Масло сливочное (180г.),4.59
2025-05-20,sup1,cat6,Колбаски,36.79
2025-05-20,sup5,cat12,Сок апельсиновый (1л.),7.20
2025-05-20,sup3,cat3,Сметана (180г.),1.94
2025-05-20,sup6,cat10,Батон нарезной (240г.),1.22
2025-05-20,sup9,cat2,Томат,19.48
2025-05-20,sup5,cat8,Спагетти (400г.),3.52
2025-05-20,sup6,cat10,Батон нарезной (240г.),1.22
2025-05-20,sup6,cat10,Булочка с маком (1шт.),4.47
2025-05-20,sup2,cat4,Яйцо куриное С1 (15шт.),6.44
2025-05-20,sup7,cat10,Хлеб ржаной (450г.),1.50
2025-05-20,sup1,cat5,Говядина,33.39
2025-05-20,sup12,cat12,Вода негаз. (0.5л.),0.99
2025-05-20,sup1,cat11,Сосиски молочные,8.58
2025-05-20,sup2,cat11,Колбаса вареная (400г.),4.98
2025-05-20,sup5,cat8,Рис (900г.),3.49
2025-05-20,sup2,cat4,Яйцо куриное С1 (10шт.),3.81
2025-05-20,sup5,cat9,Шоколад молочный (90г.),5.99
2025-05-20,sup3,cat3,Творог (200г.),4.88
2025-05-20,sup8,cat1,Груша,6.35
2025-05-20,sup12,cat12,Coca-Cola (1л.),3.07
2025-05-20,sup5,cat9,Зефир (230г.),8.79
2025-05-20,sup8,cat1,Груша,8.11
2025-05-20,sup5,cat8,Масло подсолнечное (0.8л.),4.04
2025-05-20,sup9,cat1,Яблоко,1.85
2025-05-20,sup2,cat11,Сосиски молочные,9.65
2025-05-20,sup1,cat5,Говядина,26.22
2025-05-20,sup6,cat10,Батон нарезной (240г.),1.22
2025-05-20,sup6,cat10,Батон нарезной (240г.),2.44
2025-05-20,sup3,cat3,Молоко (1л.),2.60
2025-05-20,sup6,cat10,Батон нарезной (240г.),1.22
2025-05-20,sup2,cat4,Яйцо куриное С1 (10шт.),7.62
2025-05-20,sup2,cat6,Фарш,14.08
2025-05-20,sup2,cat4,Яйцо куриное С1 (15шт.),6.44
2025-05-20,sup6,cat10,Булочка с маком (1шт.),2.98
2025-05-20,sup6,cat10,Батон нарезной (240г.),1.22
2025-05-20,sup5,cat8,Масло подсолнечное (0.8л.),4.04
2025-05-21,sup5,cat12,Лимонад (2л.),5.35
2025-05-21,sup5,cat9,Вафли (143г.),2.76
2025-05-21,sup7,cat10,Багет (200г.),2.49
2025-05-21,sup2,cat4,Яйцо куриное С1 (15шт.),6.44
2025-05-21,sup5,cat12,Вода негаз. (0.5л.),1.98
2025-05-21,sup5,cat9,Конфеты шоколадные,7.91
2025-05-21,sup1,cat5,Говядина,14.86
2025-05-21,sup12,cat12,Coca-Cola (1л.),6.14
2025-05-21,sup2,cat4,Яйцо куриное С1 (10шт.),3.81
2025-05-21,sup6,cat10,Батон нарезной (240г.),1.22
2025-05-21,sup3,cat3,Творог (200г.),2.44
2025-05-21,sup2,cat6,Голубцы,22.07
2025-05-21,sup3,cat3,Молоко (1л.),5.20
2025-05-21,sup2,cat4,Яйцо перепелиное (10шт.),2.95
2025-05-21,sup7,cat10,Хлеб светлый (400г.),1.20
2025-05-21,sup2,cat4,Яйцо куриное С1 (15шт.),6.44
2025-05-21,sup1,cat6,Котлеты,10.81
2025-05-21,sup2,cat6,Печень куриная (550г.),5.50
2025-05-21,sup2,cat5,Окорочка куриные,12.41
2025-05-21,sup6,cat10,Батон нарезной (240г.),1.22
2025-05-21,sup6,cat10,Хлеб ржаной (450г.),1.50
2025-05-21,sup6,cat10,Лаваш (300г.),2.89
2025-05-21,sup6,cat10,Хлеб ржаной (450г.),1.50
2025-05-21,sup12,cat12,Вода негаз. (0.5л.),0.99
2025-05-21,sup1,cat5,Говядина,13.79
2025-05-21,sup1,cat11,Салями,21.12
2025-05-21,sup3,cat3,Творог (200г.),2.44
2025-05-21,sup9,cat1,Банан,14.39
2025-05-21,sup2,cat6,Шашлык,41.83
2025-05-21,sup2,cat4,Яйцо куриное С1 (15шт.),6.44
2025-05-21,sup6,cat10,Батон нарезной (240г.),1.22
2025-05-21,sup5,cat8,Кофе мол. (250г.),19.99
2025-05-21,sup6,cat10,Плетенка (450г.),4.04
2025-05-21,sup2,cat4,Яйцо куриное С1 (10шт.),3.81
2025-05-21,sup3,cat3,Творог (200г.),2.44
2025-05-21,sup5,cat8,Рис (900г.),3.49
2025-05-21,sup12,cat12,Вода негаз. (0.5л.),0.99
2025-05-21,sup3,cat3,Кефир (1л.),4.54
2025-05-21,sup3,cat3,Кефир (1л.),2.27
2025-05-21,sup5,cat8,Кофе раств. (95г.),29.98
2025-05-21,sup3,cat3,Молоко (1л.),2.60
2025-05-21,sup5,cat12,Квас светлый (1л.),2.65
2025-05-21,sup1,cat5,Говядина,37.27
2025-05-21,sup5,cat8,Крупа гречневая (700г.),4.14
2025-05-21,sup10,cat2,Свекла,0.58
2025-05-21,sup9,cat2,Томат,3.84
2025-05-21,sup2,cat4,Яйцо куриное С1 (10шт.),7.62
2025-05-21,sup10,cat2,Свекла,1.11
2025-05-21,sup7,cat10,Хлеб светлый (400г.),1.20
2025-05-21,sup1,cat6,Шашлык,26.62
2025-05-21,sup1,cat5,Свинина,12.74
2025-05-21,sup5,cat8,Соль (1кг.),0.73
2025-05-21,sup3,cat3,Творог (200г.),4.88
2025-05-21,sup6,cat10,Хлеб ржаной (450г.),1.50
2025-05-22,sup6,cat10,Хлеб ржаной (450г.),1.50
2025-05-22,sup5,cat8,Крупа манная (1кг.),2.02
2025-05-22,sup1,cat11,Сервелат (400г.),8.51
2025-05-22,sup7,cat10,Батон нарезной (240г.),1.22
2025-05-22,sup4,cat7,Кальмар,41.64
2025-05-22,sup2,cat11,Ветчина,11.57
2025-05-22,sup5,cat12,Вода негаз. (0.5л.),1.98
2025-05-22,sup4,cat7,Кальмар,42.19
2025-05-22,sup9,cat2,Томат,22.95
2025-05-22,sup5,cat8,Спагетти (400г.),1.76
2025-05-22,sup6,cat10,Хлеб ржаной (450г.),1.50
2025-05-22,sup3,cat3,Молоко (1.5л.),7.72
2025-05-22,sup3,cat3,Кефир (1л.),4.54
2025-05-22,sup6,cat10,Батон нарезной (240г.),1.22
2025-05-22,sup5,cat8,Сахар (1кг.),0.73
2025-05-22,sup6,cat10,Булочка с маком (1шт.),1.49
2025-05-22,sup5,cat8,Крупа гречневая (700г.),2.07
2025-05-22,sup1,cat5,Говядина,36.35
2025-05-22,sup5,cat8,Мука (1кг.),1.64
2025-05-22,sup2,cat6,Колбаски,31.89
2025-05-22,sup4,cat7,Кальмар,27.81
2025-05-22,sup10,cat1,Яблоко,8.17
2025-05-22,sup5,cat8,Чай пак. (25шт.),3.80
2025-05-22,sup8,cat2,Томат,9.19
2025-05-22,sup6,cat10,Хлеб ржаной (450г.),1.50
2025-05-22,sup10,cat2,Морковь,1.05
2025-05-22,sup2,cat11,Колбаса вареная (400г.),4.98
2025-05-22,sup1,cat11,Сервелат (400г.),8.51
2025-05-22,sup5,cat8,Спагетти (400г.),3.52
2025-05-22,sup7,cat10,Батон нарезной (240г.),1.22
2025-05-22,sup3,cat3,Молоко (1л.),2.60
2025-05-22,sup8,cat2,Томат,2.44
2025-05-22,sup3,cat3,Сыр российский,18.51
2025-05-22,sup3,cat3,Кефир (1л.),2.27
2025-05-22,sup5,cat12,Сок яблочный (1л.),10.34
2025-05-22,sup4,cat7,Кальмар,31.80
2025-05-22,sup5,cat9,Печенье овсяное (400г.),4.33
2025-05-22,sup1,cat11,Колбаса вареная (400г.),4.98
2025-05-22,sup3,cat3,Кефир (1л.),2.27
2025-05-22,sup6,cat10,Хлеб светлый (400г.),1.20
2025-05-22,sup8,cat1,Груша,19.31
2025-05-22,sup6,cat10,Хлеб светлый (400г.),1.20
2025-05-22,sup2,cat4,Яйцо куриное С1 (15шт.),6.44
2025-05-22,sup8,cat2,Томат,19.34
2025-05-22,sup8,cat2,Томат,16.54
2025-05-22,sup1,cat11,Колбаса вареная (400г.),4.98
2025-05-22,sup6,cat10,Батон нарезной (240г.),2.44
2025-05-22,sup2,cat4,Яйцо куриное С1 (10шт.),7.62
2025-05-22,sup3,cat3,Молоко (1л.),2.60
2025-05-22,sup5,cat8,Масло распсовое (0.8л.),4.99
2025-05-23,sup5,cat12,Сок апельсиновый (1л.),7.20
2025-05-23,sup4,cat7,Кальмар,35.88
2025-05-23,sup5,cat8,Мука (1кг.),1.64
2025-05-23,sup5,cat8,Рис (900г.),3.49
2025-05-23,sup8,cat2,Морковь,2.55
2025-05-23,sup5,cat9,Шоколад молочный (90г.),5.99
2025-05-23,sup1,cat11,Сосиски молочные,11.60
2025-05-23,sup1,cat5,Говядина,27.40
2025-05-23,sup6,cat10,Батон нарезной (240г.),2.44
2025-05-23,sup12,cat12,Вода негаз. (0.5л.),0.99
2025-05-23,sup1,cat6,Котлеты,9.15
2025-05-23,sup6,cat10,Батон нарезной (240г.),1.22
2025-05-23,sup6,cat10,Хлеб светлый (400г.),1.20
2025-05-23,sup8,cat2,Свекла,1.02
2025-05-23,sup6,cat10,Булочка с маком (1шт.),1.49
2025-05-23,sup2,cat6,Колбаски,15.34
2025-05-23,sup6,cat10,Булочка с маком (1шт.),2.98
2025-05-23,sup3,cat3,Сметана (380г.),3.71
2025-05-23,sup7,cat10,Хлеб ржаной (450г.),1.50
2025-05-23,sup5,cat8,Сахар (1кг.),0.73
2025-05-23,sup1,cat5,Свинина,47.29
2025-05-23,sup2,cat4,Яйцо куриное С1 (10шт.),7.62
2025-05-23,sup12,cat12,Coca-Cola (1л.),3.07
2025-05-23,sup2,cat4,Яйцо куриное Д1 (10шт.),4.98
2025-05-23,sup10,cat1,Яблоко,1.59
2025-05-23,sup5,cat12,Вода негаз. (0.5л.),0.99
2025-05-23,sup5,cat8,Мука (2кг.),5.20
2025-05-23,sup2,cat11,Сосиски молочные,10.24
2025-05-23,sup9,cat1,Апельсин,6.47
2025-05-23,sup7,cat10,Батон нарезной (240г.),1.22
2025-05-23,sup3,cat3,Сметана (380г.),7.42
2025-05-23,sup3,cat3,Кефир (1л.),2.27
2025-05-23,sup5,cat8,Масло подсолнечное (0.8л.),6.06
2025-05-23,sup1,cat6,Голубцы,33.45
2025-05-23,sup3,cat3,Сыр голландский (200г.),5.02
2025-05-23,sup5,cat9,Шоколад молочный (90г.),5.99
2025-05-23,sup5,cat9,Печенье овсяное (400г.),4.33
2025-05-23,sup7,cat10,Хлеб ржаной (450г.),1.50
2025-05-23,sup6,cat10,Плетенка (450г.),4.04
2025-05-23,sup10,cat2,Свекла,1.16
2025-05-23,sup6,cat10,Хлеб светлый (400г.),1.20
2025-05-23,sup5,cat8,Крупа гречневая (700г.),2.07
2025-05-23,sup1,cat5,Говядина,8.98
2025-05-23,sup6,cat10,Лаваш (300г.),2.89
2025-05-23,sup5,cat8,Масло подсолнечное (0.8л.),2.02
2025-05-23,sup3,cat3,Кефир (1л.),2.27
2025-05-23,sup8,cat2,Свекла,0.65
2025-05-23,sup9,cat1,Яблоко,5.99
2025-05-23,sup3,cat3,Кефир (1л.),2.27
2025-05-23,sup3,cat3,Молоко (1л.),2.60
2025-05-23,sup9,cat2,Огурец,2.49
2025-05-23,sup3,cat3,Сметана (180г.),1.94
2025-05-23,sup1,cat11,Колбаса вареная (400г.),4.98
2025-05-23,sup2,cat4,Яйцо куриное С1 (10шт.),3.81
2025-05-23,sup8,cat1,Яблоко,6.35
2025-05-23,sup3,cat3,Сметана (380г.),3.71
2025-05-23,sup6,cat10,Сушки (500г.),3.99
2025-05-23,sup4,cat7,Хек,8.18
2025-05-23,sup3,cat3,Кефир (1л.),2.27
2025-05-23,sup12,cat12,Вода негаз. (0.5л.),0.99
2025-05-23,sup3,cat3,Молоко (1л.),2.60
2025-05-23,sup9,cat2,Томат,2.01
2025-05-23,sup6,cat10,Лаваш (300г.),2.89
2025-05-23,sup2,cat4,Яйцо куриное С1 (10шт.),3.81
2025-05-23,sup8,cat2,Томат,19.78
2025-05-23,sup5,cat8,Масло подсолнечное (0.8л.),2.02
2025-05-23,sup2,cat4,Яйцо куриное С1 (10шт.),3.81
2025-05-23,sup5,cat8,Крупа гречневая (700г.),2.07
2025-05-23,sup5,cat8,Соль (1кг.),0.73
2025-05-24,sup4,cat7,Хек,14.97
2025-05-24,sup2,cat5,Филе куриное,8.30
2025-05-24,sup9,cat1,Банан,6.15
2025-05-24,sup2,cat4,Яйцо куриное С1 (10шт.),3.81
2025-05-24,sup5,cat9,Шоколад молочный (90г.),5.99
2025-05-24,sup3,cat3,Творог (200г.),2.44
2025-05-24,sup5,cat12,Квас светлый (1л.),2.65
2025-05-24,sup7,cat10,Батон нарезной (240г.),2.44
2025-05-24,sup8,cat2,Морковь,2.64
2025-05-24,sup3,cat3,Сыр российский,17.37
2025-05-24,sup5,cat8,Мука (1кг.),1.64
2025-05-24,sup1,cat11,Сервелат (400г.),8.51
2025-05-24,sup2,cat4,Яйцо куриное С1 (15шт.),6.44
2025-05-24,sup7,cat10,Хлеб светлый (400г.),1.20
2025-05-24,sup2,cat6,Голубцы,17.09
2025-05-24,sup2,cat4,Яйцо куриное С1 (15шт.),6.44
2025-05-24,sup9,cat1,Груша,7.05
2025-05-24,sup2,cat5,Окорочка куриные,12.05
2025-05-24,sup2,cat5,Филе куриное,12.34
2025-05-24,sup5,cat8,Кофе мол. (250г.),19.99
2025-05-24,sup5,cat12,Квас светлый (1л.),2.65
2025-05-24,sup5,cat9,Конфеты шоколадные,10.97
2025-05-24,sup5,cat8,Мука (1кг.),1.64
2025-05-24,sup6,cat10,Батон нарезной (240г.),1.22
2025-05-24,sup3,cat3,Творог (200г.),2.44
2025-05-24,sup10,cat2,Морковь,2.64
2025-05-24,sup3,cat3,Сметана (180г.),3.88
2025-05-24,sup2,cat4,Яйцо куриное С1 (15шт.),6.44
2025-05-24,sup12,cat12,Вода негаз. (0.5л.),0.99
2025-05-24,sup1,cat11,Колбаса вареная (400г.),4.98
2025-05-24,sup2,cat11,Колбаса вареная (400г.),4.98
2025-05-24,sup7,cat10,Батон нарезной (240г.),1.22
2025-05-24,sup5,cat8,Крупа гречневая (700г.),2.07
2025-05-24,sup2,cat4,Яйцо куриное С1 (15шт.),6.44
2025-05-24,sup1,cat5,Говядина,25.60
2025-05-24,sup5,cat9,Зефир (230г.),17.58
2025-05-24,sup3,cat3,Сыр российский,10.94
2025-05-24,sup7,cat10,Батон нарезной (240г.),1.22
2025-05-24,sup3,cat3,Творог (200г.),2.44
2025-05-24,sup6,cat10,Батон нарезной (240г.),1.22
2025-05-24,sup5,cat8,Пшено (900г.),2.35
2025-05-24,sup7,cat10,Хлеб светлый (400г.),1.20
2025-05-24,sup3,cat3,Сыр российский,16.70
2025-05-24,sup3,cat3,Творог (200г.),2.44
2025-05-24,sup4,cat7,Скумбрия,17.00
2025-05-24,sup8,cat2,Огурец,7.78
2025-05-24,sup4,cat7,Сельдь (250г.),5.99
2025-05-24,sup2,cat11,Сосиски молочные,12.27
2025-05-24,sup6,cat10,Батон нарезной (240г.),1.22
2025-05-24,sup5,cat8,Сахар (1кг.),0.73
2025-05-24,sup5,cat8,Мука (1кг.),1.64
2025-05-24,sup2,cat5,Окорочка куриные,4.56
2025-05-24,sup5,cat9,Печенье овсяное (400г.),8.66
2025-05-24,sup6,cat10,Батон нарезной (240г.),1.22
2025-05-24,sup8,cat2,Огурец,6.90
2025-05-24,sup9,cat1,Банан,8.78
2025-05-24,sup5,cat12,Вода негаз. (0.5л.),1.98
2025-05-24,sup3,cat3,Масло сливочное (360г.),9.49
2025-05-24,sup7,cat10,Багет (200г.),2.49
2025-05-24,sup5,cat12,Сок апельсиновый (1л.),7.20
2025-05-24,sup2,cat4,Яйцо куриное С1 (15шт.),6.44
2025-05-24,sup2,cat4,Яйцо куриное С1 (10шт.),7.62
2025-05-24,sup2,cat4,Яйцо куриное Д1 (10шт.),4.98
2025-05-24,sup5,cat12,Сок апельсиновый (1л.),7.20
2025-05-24,sup6,cat10,Булочка с маком (1шт.),1.49
2025-05-24,sup3,cat3,Молоко (1.5л.),3.86
2025-05-25,sup8,cat2,Огурец,1.91
2025-05-25,sup3,cat3,Молоко (1л.),2.60
2025-05-25,sup2,cat4,Яйцо куриное С1 (10шт.),7.62
2025-05-25,sup6,cat10,Батон нарезной (240г.),2.44
2025-05-25,sup2,cat11,Колбаса вареная (400г.),4.98
2025-05-25,sup3,cat3,Молоко (1л.),2.60
2025-05-25,sup6,cat10,Батон нарезной (240г.),1.22
2025-05-25,sup6,cat10,Хлеб светлый (400г.),1.20
2025-05-25,sup6,cat10,Батон нарезной (240г.),1.22
2025-05-25,sup1,cat5,Свинина,40.06
2025-05-25,sup8,cat2,Томат,18.37
2025-05-25,sup3,cat3,Кефир (1л.),2.27
2025-05-25,sup7,cat10,Батон нарезной (240г.),1.22
2025-05-25,sup5,cat9,Конфеты шоколадные,25.44
2025-05-25,sup5,cat8,Спагетти (400г.),1.76
2025-05-25,sup2,cat5,Окорочка куриные,12.18
2025-05-25,sup3,cat3,Молоко (1л.),2.60
2025-05-25,sup2,cat6,Фарш,47.59
2025-05-25,sup9,cat1,Апельсин,4.90
2025-05-25,sup1,cat11,Колбаса вареная (400г.),4.98
2025-05-25,sup2,cat4,Яйцо куриное Д1 (10шт.),4.98
2025-05-25,sup5,cat8,Масло распсовое (0.8л.),4.99
2025-05-25,sup5,cat12,Вода негаз. (0.5л.),0.99
2025-05-25,sup4,cat7,Хек,11.59
2025-05-25,sup3,cat3,Сыр сливочный (200г.),5.41
2025-05-25,sup5,cat8,Мука (2кг.),2.60
2025-05-25,sup5,cat9,Шоколад молочный (90г.),5.99
2025-05-25,sup1,cat6,Голубцы,20.61
2025-05-25,sup1,cat5,Говядина,32.59
2025-05-25,sup1,cat5,Свинина,28.79
2025-05-25,sup3,cat3,Масло сливочное (180г.),4.59
2025-05-25,sup10,cat12,Сок яблочный (1л.),5.17
2025-05-25,sup6,cat10,Батон нарезной (240г.),2.44
2025-05-25,sup6,cat10,Хлеб светлый (400г.),1.20
2025-05-25,sup10,cat12,Сок яблочный (1л.),5.17
2025-05-25,sup9,cat1,Апельсин,1.58
2025-05-25,sup1,cat11,Колбаса вареная (400г.),4.98
2025-05-25,sup1,cat5,Говядина,21.43
2025-05-25,sup2,cat5,Окорочка куриные,8.16
2025-05-25,sup5,cat8,Масло подсолнечное (0.8л.),6.06
2025-05-25,sup2,cat4,Яйцо куриное Д1 (10шт.),4.98
2025-05-25,sup6,cat10,Батон нарезной (240г.),1.22
2025-05-25,sup2,cat11,Сосиски молочные,7.97
2025-05-25,sup5,cat8,Сахар (1кг.),0.73
2025-05-25,sup3,cat3,Сметана (180г.),3.88
2025-05-25,sup2,cat5,Окорочка куриные,4.96
2025-05-25,sup10,cat1,Груша,2.18
2025-05-25,sup5,cat8,Крупа гречневая (700г.),2.07
2025-05-25,sup3,cat3,Молоко (1.5л.),3.86
2025-05-25,sup5,cat9,Конфеты шоколадные,5.39
2025-05-25,sup3,cat3,Молоко (1л.),2.60
2025-05-25,sup3,cat3,Сыр сливочный (200г.),5.41
2025-05-25,sup1,cat6,Шашлык,45.22
2025-05-26,sup3,cat3,Кефир (1л.),2.27
2025-05-26,sup8,cat2,Огурец,6.23
2025-05-26,sup2,cat11,Сосиски молочные,8.42
2025-05-26,sup6,cat10,Хлеб ржаной (450г.),1.50
2025-05-26,sup12,cat12,Вода негаз. (0.5л.),1.98
2025-05-26,sup6,cat10,Багет (200г.),2.49
2025-05-26,sup3,cat3,Сметана (380г.),7.42
2025-05-26,sup5,cat12,Лимонад (2л.),5.35
2025-05-26,sup5,cat12,Вода негаз. (0.5л.),0.99
2025-05-26,sup4,cat7,Форель (200г.),18.25
2025-05-26,sup5,cat8,Мука (1кг.),1.64
2025-05-26,sup1,cat5,Говядина,20.25
2025-05-26,sup5,cat9,Конфеты шоколадные,25.18
2025-05-26,sup8,cat2,Капуста,4.11
2025-05-26,sup7,cat10,Батон нарезной (240г.),1.22
2025-05-26,sup6,cat10,Плетенка (450г.),4.04
2025-05-26,sup3,cat3,Сыр российский,6.80
2025-05-26,sup3,cat3,Кефир (1л.),2.27
2025-05-26,sup2,cat5,Окорочка куриные,6.77
2025-05-26,sup5,cat8,Крупа манная (1кг.),2.02
2025-05-26,sup7,cat10,Хлеб светлый (400г.),1.20
2025-05-26,sup3,cat3,Сметана (380г.),3.71
2025-05-26,sup8,cat2,Огурец,6.43
2025-05-26,sup1,cat11,Сервелат (400г.),8.51
2025-05-26,sup7,cat10,Хлеб светлый (400г.),1.20
2025-05-26,sup9,cat1,Апельсин,19.71
2025-05-26,sup2,cat4,Яйцо куриное С1 (15шт.),6.44
2025-05-26,sup2,cat5,Филе куриное,8.37
2025-05-26,sup6,cat10,Хлеб ржаной (450г.),1.50
2025-05-26,sup5,cat9,Вафли (143г.),2.76
2025-05-26,sup3,cat3,Кефир (1л.),2.27
2025-05-26,sup6,cat10,Лаваш (300г.),2.89
2025-05-26,sup4,cat7,Скумбрия,14.72
2025-05-26,sup5,cat12,Квас светлый (1л.),2.65
2025-05-26,sup5,cat9,Конфеты шоколадные,18.32
2025-05-26,sup4,cat7,Скумбрия,19.97
2025-05-26,sup12,cat12,Вода негаз. (0.5л.),0.99
2025-05-26,sup2,cat4,Яйцо куриное Д1 (10шт.),4.98
2025-05-26,sup2,cat4,Яйцо куриное С1 (10шт.),3.81
2025-05-26,sup1,cat11,Колбаса вареная (400г.),4.98
2025-05-26,sup3,cat3,Молоко (1л.),2.60
2025-05-26,sup5,cat12,Вода негаз. (0.5л.),1.98
2025-05-26,sup10,cat2,Свекла,0.95
2025-05-26,sup3,cat3,Творог (200г.),2.44
2025-05-26,sup3,cat3,Молоко (1л.),2.60
2025-05-26,sup3,cat3,Молоко (1.5л.),3.86
2025-05-26,sup5,cat9,Шоколад молочный (90г.),5.99
2025-05-26,sup8,cat2,Томат,12.98
2025-05-26,sup5,cat8,Рис (900г.),3.49
2025-05-27,sup2,cat6,Колбаски,37.85
2025-05-27,sup3,cat3,Сметана (380г.),3.71
2025-05-27,sup10,cat12,Сок яблочный (1л.),5.17
2025-05-27,sup5,cat8,Рис (900г.),3.49
2025-05-27,sup5,cat8,Спагетти (400г.),1.76
2025-05-27,sup12,cat12,Вода негаз. (0.5л.),1.98
2025-05-27,sup3,cat3,Сметана (180г.),3.88
2025-05-27,sup12,cat12,Coca-Cola (1л.),3.07
2025-05-27,sup5,cat9,Мармелад,5.35
2025-05-27,sup6,cat10,Батон нарезной (240г.),1.22
2025-05-27,sup2,cat4,Яйцо куриное С1 (15шт.),6.44
2025-05-27,sup1,cat6,Котлеты,7.64
2025-05-27,sup1,cat6,Шашлык,54.13
2025-05-27,sup5,cat12,Квас светлый (1л.),2.65
2025-05-27,sup10,cat12,Сок яблочный (1л.),5.17
2025-05-27,sup1,cat11,Сосиски молочные,11.51
2025-05-27,sup5,cat9,Вафли (143г.),2.76
2025-05-27,sup2,cat6,Печень куриная (550г.),11.00
2025-05-27,sup1,cat11,Сосиски молочные,5.39
2025-05-27,sup1,cat11,Салями,21.12
2025-05-27,sup5,cat8,Макароны (900г.),2.98
2025-05-27,sup3,cat3,Молоко (1л.),2.60
2025-05-27,sup5,cat9,Зефир (230г.),8.79
2025-05-27,sup8,cat2,Томат,4.10
2025-05-27,sup9,cat1,Апельсин,15.74
2025-05-27,sup8,cat2,Свекла,1.39
2025-05-27,sup3,cat3,Кефир (1л.),2.27
2025-05-27,sup8,cat2,Томат,2.77
2025-05-27,sup4,cat7,Паста рыбная (150г.),2.95
2025-05-27,sup6,cat10,Хлеб ржаной (450г.),1.50
2025-05-27,sup5,cat8,Крупа перловая (1кг.),1.44
2025-05-27,sup3,cat3,Творог (200г.),7.32
2025-05-27,sup1,cat11,Сосиски молочные,11.21
2025-05-27,sup8,cat2,Морковь,2.42
2025-05-27,sup10,cat12,Сок яблочный (1л.),5.17
2025-05-27,sup9,cat2,Огурец,1.72
2025-05-27,sup9,cat1,Банан,14.60
2025-05-27,sup5,cat8,Рис (900г.),3.49
2025-05-27,sup5,cat9,Конфеты шоколадные,29.00
2025-05-27,sup6,cat10,Лаваш (300г.),2.89
2025-05-27,sup5,cat12,Вода мин. газ. (1л.),4.77
2025-05-27,sup10,cat12,Сок яблочный (1л.),10.34
2025-05-27,sup3,cat3,Сметана (380г.),7.42
2025-05-27,sup3,cat3,Сыр российский,15.60
2025-05-27,sup2,cat11,Сосиски молочные,5.37
2025-05-27,sup9,cat2,Томат,21.34
2025-05-27,sup5,cat9,Печенье овсяное (400г.),8.66
2025-05-27,sup9,cat2,Огурец,7.11
2025-05-27,sup7,cat10,Батон нарезной (240г.),1.22
2025-05-27,sup7,cat10,Батон нарезной (240г.),1.22
2025-05-27,sup5,cat9,Печенье овсяное (400г.),4.33
2025-05-27,sup6,cat10,Лаваш (300г.),2.89
2025-05-27,sup7,cat10,Хлеб светлый (400г.),1.20
2025-05-28,sup5,cat9,Шоколад молочный (90г.),5.99
2025-05-28,sup10,cat2,Свекла,0.20
2025-05-28,sup6,cat10,Багет (200г.),2.49
2025-05-28,sup12,cat12,Coca-Cola (1л.),3.07
2025-05-28,sup1,cat11,Колбаски охотничьи (500г.),18.40
2025-05-28,sup1,cat5,Говядина,15.22
2025-05-28,sup2,cat11,Сосиски молочные,6.13
2025-05-28,sup3,cat3,Молоко (1л.),2.60
2025-05-28,sup5,cat9,Карамель,5.42
2025-05-28,sup8,cat2,Томат,7.34
2025-05-28,sup5,cat8,Сахар (1кг.),0.73
2025-05-28,sup3,cat3,Творог (200г.),4.88
2025-05-28,sup4,cat7,Хек,2.45
2025-05-28,sup3,cat3,Масло сливочное (180г.),9.18
2025-05-28,sup6,cat10,Лаваш (300г.),5.78
2025-05-28,sup5,cat8,Мука (2кг.),5.20
2025-05-28,sup3,cat3,Творог (200г.),7.32
2025-05-28,sup6,cat10,Батон нарезной (240г.),1.22
2025-05-28,sup3,cat3,Творог (200г.),4.88
2025-05-28,sup5,cat9,Конфеты шоколадные,26.69
2025-05-28,sup5,cat8,Соль (1кг.),0.73
2025-05-28,sup6,cat10,Батон нарезной (240г.),1.22
2025-05-28,sup3,cat3,Сметана (180г.),3.88
2025-05-28,sup3,cat3,Молоко (1л.),2.60
2025-05-28,sup7,cat10,Батон нарезной (240г.),1.22
2025-05-28,sup5,cat8,Соль (1кг.),0.73
2025-05-28,sup2,cat6,Шашлык,35.66
2025-05-28,sup5,cat12,Вода негаз. (0.5л.),0.99
2025-05-28,sup2,cat5,Окорочка куриные,13.41
2025-05-28,sup5,cat12,Вода негаз. (0.5л.),1.98
2025-05-28,sup5,cat12,Квас светлый (1л.),2.65
2025-05-28,sup3,cat3,Сметана (180г.),3.88
2025-05-28,sup2,cat5,Окорочка куриные,4.92
2025-05-28,sup5,cat9,Печенье овсяное (400г.),4.33
2025-05-28,sup8,cat2,Томат,5.52
2025-05-28,sup3,cat3,Молоко (1л.),2.60
2025-05-28,sup2,cat6,Печень куриная (550г.),5.50
2025-05-28,sup2,cat11,Сосиски молочные,11.77
2025-05-28,sup7,cat10,Батон нарезной (240г.),2.44
2025-05-28,sup5,cat8,Крупа гречневая (700г.),2.07
2025-05-28,sup1,cat5,Говядина,22.22
2025-05-28,sup2,cat11,Сосиски молочные,5.84
2025-05-28,sup1,cat5,Свинина,16.92
2025-05-28,sup6,cat10,Булочка с маком (1шт.),1.49
2025-05-28,sup2,cat11,Колбаса вареная (400г.),4.98
2025-05-28,sup4,cat7,Минтай,1.85
2025-05-28,sup4,cat7,Форель (200г.),18.25
2025-05-28,sup9,cat1,Банан,11.19
2025-05-28,sup2,cat4,Яйцо куриное С1 (10шт.),3.81
2025-05-29,sup1,cat11,Ветчина,8.04
2025-05-29,sup5,cat12,Квас светлый (1л.),2.65
2025-05-29,sup7,cat10,Батон нарезной (240г.),1.22
2025-05-29,sup6,cat10,Хлеб ржаной (450г.),1.50
2025-05-29,sup7,cat10,Батон нарезной (240г.),1.22
2025-05-29,sup7,cat10,Батон нарезной (240г.),1.22
2025-05-29,sup12,cat12,Вода негаз. (0.5л.),1.98
2025-05-29,sup9,cat1,Банан,12.36
2025-05-29,sup2,cat6,Котлеты,11.96
2025-05-29,sup5,cat8,Кофе мол. (250г.),39.98
2025-05-29,sup3,cat3,Сметана (180г.),3.88
2025-05-29,sup5,cat12,Сок яблочный (1л.),5.17
2025-05-29,sup5,cat8,Кофе мол. (250г.),19.99
2025-05-29,sup5,cat12,Вода негаз. (0.5л.),1.98
2025-05-29,sup9,cat1,Банан,2.03
2025-05-29,sup5,cat12,Квас светлый (1л.),2.65
2025-05-29,sup5,cat12,Вода негаз. (0.5л.),0.99
2025-05-29,sup8,cat2,Огурец,1.46
2025-05-29,sup5,cat8,Пшено (900г.),2.35
2025-05-29,sup2,cat5,Окорочка куриные,13.34
2025-05-29,sup5,cat8,Макароны (900г.),1.49
2025-05-29,sup9,cat2,Томат,18.48
2025-05-29,sup3,cat3,Кефир (1л.),2.27
2025-05-29,sup9,cat2,Томат,5.34
2025-05-29,sup3,cat3,Кефир (1л.),2.27
2025-05-29,sup3,cat3,Молоко (1.5л.),3.86
2025-05-29,sup3,cat3,Сметана (380г.),7.42
2025-05-29,sup5,cat8,Чай пак. (25шт.),3.80
2025-05-29,sup1,cat11,Колбаски охотничьи (500г.),9.20
2025-05-29,sup4,cat7,Форель (200г.),36.50
2025-05-29,sup8,cat2,Огурец,2.40
2025-05-29,sup6,cat10,Батон нарезной (240г.),1.22
2025-05-29,sup5,cat8,Мука (1кг.),1.64
2025-05-29,sup2,cat11,Колбаса вареная (400г.),4.98
2025-05-29,sup2,cat4,Яйцо перепелиное (10шт.),2.95
2025-05-29,sup5,cat9,Конфеты шоколадные,5.18
2025-05-29,sup5,cat9,Печенье овсяное (400г.),8.66
2025-05-29,sup6,cat10,Булочка с маком (1шт.),2.98
2025-05-29,sup7,cat10,Батон нарезной (240г.),2.44
2025-05-29,sup3,cat3,Сыр российский,13.38
2025-05-29,sup9,cat2,Огурец,4.83
2025-05-29,sup3,cat3,Масло сливочное (180г.),4.59
2025-05-29,sup1,cat11,Сосиски молочные,6.26
2025-05-29,sup9,cat1,Банан,2.09
2025-05-29,sup8,cat2,Морковь,1.24
2025-05-29,sup9,cat1,Банан,11.36
2025-05-29,sup8,cat2,Огурец,4.78
2025-05-29,sup9,cat2,Огурец,4.86
2025-05-29,sup2,cat6,Печень куриная (550г.),11.00
2025-05-29,sup3,cat3,Сметана (380г.),3.71
2025-05-29,sup4,cat7,Сельдь (250г.),11.98
2025-05-30,sup5,cat12,Сок яблочный (1л.),5.17
2025-05-30,sup2,cat6,Фарш,46.27
2025-05-30,sup1,cat11,Сервелат (400г.),8.51
2025-05-30,sup3,cat3,Молоко (1л.),2.60
2025-05-30,sup12,cat12,Coca-Cola (1л.),3.07
2025-05-30,sup6,cat10,Булочка с маком (1шт.),1.49
2025-05-30,sup6,cat10,Сушки (500г.),3.99
2025-05-30,sup3,cat3,Молоко (1л.),2.60
2025-05-30,sup6,cat10,Хлеб ржаной (450г.),1.50
2025-05-30,sup5,cat12,Вода негаз. (0.5л.),0.99
2025-05-30,sup6,cat10,Булочка с маком (1шт.),4.47
2025-05-30,sup2,cat6,Колбаски,12.97
2025-05-30,sup8,cat2,Огурец,6.49
2025-05-30,sup1,cat5,Свинина,35.61
2025-05-30,sup4,cat7,Креветки,19.66
2025-05-30,sup3,cat3,Сыр российский,18.26
2025-05-30,sup8,cat2,Огурец,4.41
2025-05-30,sup8,cat2,Морковь,0.71
2025-05-30,sup5,cat8,Мука (2кг.),2.60
2025-05-30,sup4,cat7,Креветки,32.82
2025-05-30,sup1,cat5,Говядина,25.86
2025-05-30,sup2,cat4,Яйцо куриное С1 (10шт.),3.81
2025-05-30,sup3,cat3,Кефир (1л.),2.27
2025-05-30,sup3,cat3,Молоко (1л.),2.60
2025-05-30,sup5,cat12,Сок апельсиновый (1л.),7.20
2025-05-30,sup3,cat3,Масло сливочное (360г.),9.49
2025-05-30,sup2,cat4,Яйцо куриное С1 (10шт.),3.81
2025-05-30,sup5,cat12,Сок апельсиновый (1л.),7.20
2025-05-30,sup12,cat12,Вода негаз. (0.5л.),0.99
2025-05-30,sup6,cat10,Хлеб светлый (400г.),1.20
2025-05-30,sup8,cat2,Огурец,4.23
2025-05-30,sup8,cat2,Томат,23.22
2025-05-30,sup9,cat2,Томат,22.96
2025-05-30,sup6,cat10,Батон нарезной (240г.),1.22
2025-05-30,sup7,cat10,Хлеб ржаной (450г.),1.50
2025-05-30,sup5,cat8,Масло подсолнечное (0.8л.),2.02
2025-05-30,sup5,cat9,Конфеты шоколадные,14.82
2025-05-30,sup1,cat11,Сосиски молочные,3.78
2025-05-30,sup8,cat2,Томат,10.61
2025-05-30,sup3,cat3,Кефир (1л.),2.27
2025-05-30,sup9,cat2,Огурец,6.14
2025-05-30,sup5,cat8,Чай пак. (25шт.),3.80
2025-05-30,sup6,cat10,Батон нарезной (240г.),2.44
2025-05-30,sup1,cat11,Сосиски молочные,3.82
2025-05-30,sup9,cat1,Банан,15.83
2025-05-30,sup9,cat2,Томат,19.73
2025-05-30,sup3,cat3,Творог (200г.),4.88
2025-05-30,sup2,cat4,Яйцо куриное С1 (10шт.),3.81
2025-05-30,sup8,cat2,Томат,19.51
2025-05-30,sup3,cat3,Молоко (1.5л.),7.72
2025-05-30,sup7,cat10,Сушки (500г.),3.99
2025-05-30,sup6,cat10,Лаваш (300г.),2.89
2025-05-30,sup3,cat3,Молоко (1л.),2.60
2025-05-30,sup1,cat5,Говядина,39.35
2025-05-30,sup5,cat12,Лимонад (2л.),5.35
2025-05-30,sup9,cat2,Огурец,5.01
2025-05-30,sup3,cat3,Сметана (380г.),3.71
2025-05-30,sup5,cat8,Масло подсолнечное (0.8л.),2.02
2025-05-30,sup5,cat12,Сок апельсиновый (1л.),7.20
2025-05-30,sup5,cat8,Кофе мол. (250г.),59.97
2025-05-30,sup12,cat12,Coca-Cola (1л.),3.07
2025-05-30,sup5,cat8,Кофе мол. (250г.),59.97
2025-05-30,sup5,cat9,Конфеты шоколадные,23.94
2025-05-30,sup6,cat10,Булочка с маком (1шт.),1.49
2025-05-31,sup5,cat12,Квас светлый (1л.),2.65
2025-05-31,sup2,cat5,Окорочка куриные,10.06
2025-05-31,sup2,cat5,Филе куриное,5.45
2025-05-31,sup2,cat11,Ветчина,4.42
2025-05-31,sup6,cat10,Булочка с маком (1шт.),2.98
2025-05-31,sup4,cat7,Хек,3.38
2025-05-31,sup5,cat8,Макароны (900г.),1.49
2025-05-31,sup6,cat10,Батон нарезной (240г.),1.22
2025-05-31,sup6,cat10,Хлеб светлый (400г.),1.20
2025-05-31,sup9,cat1,Банан,6.22
2025-05-31,sup4,cat7,Кальмар,39.93
2025-05-31,sup1,cat6,Фарш,17.04
2025-05-31,sup1,cat5,Говядина,40.19
2025-05-31,sup2,cat4,Яйцо куриное С1 (15шт.),6.44
2025-05-31,sup3,cat3,Молоко (1л.),2.60
2025-05-31,sup8,cat2,Огурец,6.82
2025-05-31,sup7,cat10,Хлеб ржаной (450г.),1.50
2025-05-31,sup8,cat2,Томат,21.07
2025-05-31,sup6,cat10,Батон нарезной (240г.),1.22
2025-05-31,sup5,cat12,Вода негаз. (0.5л.),0.99
2025-05-31,sup2,cat5,Окорочка куриные,5.48
2025-05-31,sup1,cat11,Сосиски молочные,11.68
2025-05-31,sup1,cat11,Колбаса вареная (400г.),4.98
2025-05-31,sup1,cat11,Сосиски молочные,8.48
2025-05-31,sup3,cat3,Кефир (1л.),2.27
2025-05-31,sup6,cat10,Батон нарезной (240г.),1.22
2025-05-31,sup6,cat10,Батон нарезной (240г.),1.22
2025-05-31,sup7,cat10,Хлеб ржаной (450г.),1.50
2025-05-31,sup9,cat1,Апельсин,15.82
2025-05-31,sup6,cat10,Булочка с маком (1шт.),1.49
2025-05-31,sup3,cat3,Молоко (1л.),2.60
2025-05-31,sup1,cat6,Фарш,12.53
2025-05-31,sup6,cat10,Батон нарезной (240г.),1.22
2025-05-31,sup5,cat8,Кофе мол. (250г.),19.99
2025-05-31,sup5,cat12,Вода мин. газ. (1л.),1.59
2025-05-31,sup8,cat2,Капуста,3.38
2025-05-31,sup2,cat11,Сосиски молочные,8.04
2025-05-31,sup3,cat3,Молоко (1.5л.),7.72
2025-05-31,sup3,cat3,Масло сливочное (180г.),4.59
2025-05-31,sup6,cat10,Батон нарезной (240г.),2.44
2025-05-31,sup5,cat12,Вода негаз. (0.5л.),0.99
2025-05-31,sup2,cat6,Фарш,40.39
2025-05-31,sup5,cat8,Кофе мол. (250г.),19.99
2025-05-31,sup1,cat11,Сосиски молочные,9.89
2025-05-31,sup1,cat5,Свинина,27.01
2025-05-31,sup3,cat3,Творог (200г.),2.44
2025-05-31,sup1,cat5,Говядина,36.61
2025-05-31,sup9,cat2,Томат,17.16
2025-05-31,sup3,cat3,Кефир (1л.),4.54
2025-05-31,sup10,cat2,Морковь,2.26
2025-05-31,sup3,cat3,Творог (200г.),2.44
2025-05-31,sup3,cat3,Масло сливочное (180г.),4.59
2025-05-31,sup9,cat1,Банан,8.30
2025-05-31,sup6,cat10,Булочка с маком (1шт.),1.49
2025-05-31,sup7,cat10,Багет (200г.),2.49
2025-05-31,sup6,cat10,Булочка с маком (1шт.),4.47
2025-05-31,sup7,cat10,Батон нарезной (240г.),1.22
2025-05-31,sup5,cat12,Сок апельсиновый (1л.),7.20
2025-05-31,sup6,cat10,Булочка с маком (1шт.),2.98
2025-05-31,sup6,cat10,Хлеб светлый (400г.),1.20
2025-05-31,sup3,cat3,Молоко (1л.),2.60
2025-05-31,sup2,cat4,Яйцо куриное С1 (15шт.),6.44
2025-05-31,sup5,cat8,Рис (900г.),3.49
2025-06-01,sup5,cat8,Крупа гречневая (700г.),4.14
2025-06-01,sup3,cat3,Сметана (380г.),3.71
2025-06-01,sup1,cat11,Сосиски молочные,10.03
2025-06-01,sup3,cat3,Сыр голландский (200г.),5.02
2025-06-01,sup5,cat12,Сок апельсиновый (1л.),7.20
2025-06-01,sup1,cat5,Говядина,36.36
2025-06-01,sup9,cat2,Томат,8.69
2025-06-01,sup5,cat9,Конфеты шоколадные,14.17
2025-06-01,sup3,cat3,Сметана (380г.),3.71
2025-06-01,sup5,cat12,Сок яблочный (1л.),5.17
2025-06-01,sup6,cat10,Хлеб светлый (400г.),1.20
2025-06-01,sup12,cat12,Вода негаз. (0.5л.),0.99
2025-06-01,sup2,cat5,Окорочка куриные,12.99
2025-06-01,sup7,cat10,Батон нарезной (240г.),1.22
2025-06-01,sup9,cat2,Огурец,2.57
2025-06-01,sup2,cat4,Яйцо куриное Д1 (10шт.),4.98
2025-06-01,sup7,cat10,Хлеб светлый (400г.),1.20
2025-06-01,sup3,cat3,Кефир (1л.),2.27
2025-06-01,sup1,cat11,Сервелат (400г.),17.02
2025-06-01,sup1,cat5,Говядина,28.52
2025-06-01,sup2,cat4,Яйцо куриное С1 (10шт.),7.62
2025-06-01,sup3,cat3,Молоко (1л.),2.60
2025-06-01,sup5,cat8,Масло подсолнечное (0.8л.),2.02
2025-06-01,sup12,cat12,Вода негаз. (0.5л.),1.98
2025-06-01,sup12,cat12,Coca-Cola (1л.),3.07
2025-06-01,sup5,cat12,Лимонад (2л.),5.35
2025-06-01,sup12,cat12,Вода негаз. (0.5л.),0.99
2025-06-01,sup2,cat5,Окорочка куриные,7.68
2025-06-01,sup8,cat2,Свекла,1.70
2025-06-01,sup2,cat4,Яйцо перепелиное (10шт.),2.95
2025-06-01,sup2,cat4,Яйцо куриное Д1 (10шт.),4.98
2025-06-01,sup5,cat8,Чай пак. (25шт.),3.80
2025-06-01,sup3,cat3,Масло сливочное (360г.),9.49
2025-06-01,sup5,cat12,Вода негаз. (0.5л.),1.98
2025-06-01,sup5,cat8,Пшено (900г.),2.35
2025-06-01,sup2,cat5,Окорочка куриные,5.32
2025-06-01,sup5,cat8,Сахар (1кг.),1.46
2025-06-01,sup5,cat8,Спагетти (400г.),3.52
2025-06-01,sup3,cat3,Кефир (1л.),2.27
2025-06-01,sup4,cat7,Сельдь (250г.),5.99
2025-06-01,sup3,cat3,Кефир (1л.),2.27
2025-06-01,sup12,cat12,Вода негаз. (0.5л.),0.99
2025-06-01,sup5,cat12,Вода негаз. (0.5л.),0.99
2025-06-01,sup2,cat6,Фарш,18.22
2025-06-01,sup4,cat7,Сельдь (250г.),5.99
2025-06-01,sup1,cat5,Свинина,20.61
2025-06-01,sup2,cat6,Колбаски,19.00
2025-06-01,sup5,cat8,Макароны (900г.),1.49
2025-06-01,sup5,cat9,Конфеты шоколадные,7.51
2025-06-01,sup6,cat10,Батон нарезной (240г.),1.22
2025-06-01,sup3,cat3,Молоко (1.5л.),3.86
2025-06-01,sup7,cat10,Сушки (500г.),7.98
2025-06-01,sup5,cat8,Макароны (900г.),1.49
2025-06-01,sup1,cat6,Фарш,46.53
2025-06-01,sup2,cat4,Яйцо куриное С1 (10шт.),7.62
2025-06-02,sup5,cat8,Масло подсолнечное (0.8л.),4.04
2025-06-02,sup3,cat3,Кефир (1л.),2.27
2025-06-02,sup1,cat5,Свинина,15.33
2025-06-02,sup3,cat3,Молоко (1.5л.),7.72
2025-06-02,sup6,cat10,Булочка с маком (1шт.),2.98
2025-06-02,sup5,cat12,Сок апельсиновый (1л.),7.20
2025-06-02,sup2,cat11,Колбаса вареная (400г.),4.98
2025-06-02,sup10,cat2,Морковь,0.73
2025-06-02,sup5,cat9,Конфеты шоколадные,6.07
2025-06-02,sup6,cat10,Батон нарезной (240г.),2.44
2025-06-02,sup5,cat8,Рис (900г.),3.49
2025-06-02,sup5,cat12,Вода мин. газ. (1л.),1.59
2025-06-02,sup5,cat12,Вода негаз. (0.5л.),0.99
2025-06-02,sup4,cat7,Паста рыбная (150г.),2.95
2025-06-02,sup2,cat4,Яйцо куриное С1 (10шт.),3.81
2025-06-02,sup1,cat11,Сервелат (400г.),8.51
2025-06-02,sup3,cat3,Сметана (180г.),1.94
2025-06-02,sup1,cat11,Сосиски молочные,6.25
2025-06-02,sup8,cat2,Огурец,2.34
2025-06-02,sup5,cat12,Вода негаз. (0.5л.),1.98
2025-06-02,sup1,cat11,Сосиски молочные,10.04
2025-06-02,sup12,cat12,Coca-Cola (1л.),6.14
2025-06-02,sup3,cat3,Творог (200г.),2.44
2025-06-02,sup8,cat2,Томат,18.70
2025-06-02,sup2,cat11,Сосиски молочные,10.22
2025-06-02,sup6,cat10,Батон нарезной (240г.),1.22
2025-06-02,sup3,cat3,Сметана (180г.),1.94
2025-06-02,sup2,cat5,Окорочка куриные,11.31
2025-06-02,sup5,cat8,Масло подсолнечное (0.8л.),6.06
2025-06-02,sup1,cat11,Сервелат (400г.),8.51
2025-06-02,sup3,cat3,Кефир (1л.),2.27
2025-06-02,sup8,cat2,Морковь,2.55
2025-06-02,sup5,cat9,Вафли (143г.),2.76
2025-06-02,sup5,cat12,Вода негаз. (0.5л.),0.99
2025-06-02,sup8,cat2,Огурец,6.72
2025-06-02,sup1,cat5,Свинина,34.46
2025-06-02,sup5,cat8,Крупа манная (1кг.),2.02
2025-06-02,sup5,cat8,Крупа манная (1кг.),2.02
2025-06-02,sup5,cat12,Вода негаз. (0.5л.),1.98
2025-06-02,sup8,cat1,Яблоко,13.61
2025-06-02,sup4,cat7,Скумбрия,4.39
2025-06-02,sup7,cat10,Хлеб светлый (400г.),1.20
2025-06-02,sup1,cat5,Говядина,21.07
2025-06-02,sup9,cat1,Апельсин,10.59
2025-06-02,sup5,cat12,Сок апельсиновый (1л.),7.20
2025-06-02,sup6,cat10,Батон нарезной (240г.),2.44
2025-06-02,sup4,cat7,Креветки,20.85
2025-06-02,sup1,cat11,Колбаски охотничьи (500г.),18.40
2025-06-02,sup5,cat12,Сок яблочный (1л.),5.17
2025-06-02,sup5,cat8,Крупа гречневая (700г.),2.07
2025-06-02,sup2,cat6,Фарш,18.62
2025-06-02,sup3,cat3,Молоко (1л.),2.60
2025-06-03,sup4,cat7,Сельдь (250г.),5.99
2025-06-03,sup8,cat2,Огурец,6.58
2025-06-03,sup9,cat1,Апельсин,1.14
2025-06-03,sup6,cat10,Лаваш (300г.),2.89
2025-06-03,sup3,cat3,Сметана (380г.),3.71
2025-06-03,sup8,cat2,Огурец,1.38
2025-06-03,sup1,cat5,Говядина,38.33
2025-06-03,sup1,cat5,Свинина,42.06
2025-06-03,sup6,cat10,Багет (200г.),2.49
2025-06-03,sup5,cat12,Вода негаз. (0.5л.),1.98
2025-06-03,sup5,cat9,Зефир (230г.),8.79
2025-06-03,sup12,cat12,Coca-Cola (1л.),3.07
2025-06-03,sup2,cat6,Желудки куриные (550г.),4.98
2025-06-03,sup6,cat10,Плетенка (450г.),4.04
2025-06-03,sup2,cat6,Фарш,24.93
2025-06-03,sup5,cat8,Рис (900г.),3.49
2025-06-03,sup2,cat6,Колбаски,24.65
2025-06-03,sup5,cat8,Спагетти (400г.),1.76
2025-06-03,sup1,cat5,Свинина,28.80
2025-06-03,sup8,cat2,Огурец,2.24
2025-06-03,sup6,cat10,Батон нарезной (240г.),1.22
2025-06-03,sup3,cat3,Сыр голландский (200г.),10.04
2025-06-03,sup8,cat1,Груша,15.45
2025-06-03,sup12,cat12,Вода негаз. (0.5л.),0.99
2025-06-03,sup6,cat10,Сушки (500г.),3.99
2025-06-03,sup5,cat8,Крупа гречневая (700г.),4.14
2025-06-03,sup4,cat7,Кальмар,32.86
2025-06-03,sup1,cat11,Сервелат (400г.),8.51
2025-06-03,sup3,cat3,Молоко (1л.),2.60
2025-06-03,sup5,cat12,Сок яблочный (1л.),5.17
2025-06-03,sup4,cat7,Паста рыбная (150г.),2.95
2025-06-03,sup5,cat9,Карамель,1.93
2025-06-03,sup2,cat5,Окорочка куриные,4.16
2025-06-03,sup6,cat10,Батон нарезной (240г.),1.22
2025-06-03,sup5,cat12,Вода негаз. (0.5л.),0.99
2025-06-03,sup4,cat7,Форель (200г.),36.50
2025-06-03,sup6,cat10,Булочка с маком (1шт.),4.47
2025-06-03,sup3,cat3,Масло сливочное (1кг.),30.73
2025-06-03,sup7,cat10,Хлеб ржаной (450г.),1.50
2025-06-03,sup8,cat2,Морковь,1.87
2025-06-03,sup6,cat10,Булочка с маком (1шт.),2.98
2025-06-03,sup8,cat2,Огурец,5.41
2025-06-03,sup9,cat2,Огурец,7.21
2025-06-03,sup3,cat3,Творог (200г.),2.44
2025-06-03,sup2,cat4,Яйцо куриное Д1 (10шт.),4.98
2025-06-03,sup6,cat10,Батон нарезной (240г.),1.22
2025-06-03,sup10,cat2,Свекла,1.32
2025-06-03,sup4,cat7,Хек,3.27
2025-06-03,sup1,cat6,Фарш,28.30
2025-06-03,sup5,cat8,Кофе мол. (250г.),19.99
2025-06-03,sup3,cat3,Молоко (1л.),2.60
2025-06-03,sup5,cat9,Вафли (143г.),2.76
2025-06-04,sup7,cat10,Батон нарезной (240г.),1.22
2025-06-04,sup3,cat3,Кефир (1л.),2.27
2025-06-04,sup2,cat4,Яйцо куриное С1 (10шт.),3.81
2025-06-04,sup2,cat4,Яйцо куриное С1 (15шт.),6.44
2025-06-04,sup4,cat7,Хек,8.54
2025-06-04,sup1,cat6,Шашлык,51.80
2025-06-04,sup6,cat10,Батон нарезной (240г.),1.22
2025-06-04,sup1,cat6,Колбаски,9.36
2025-06-04,sup9,cat1,Банан,5.62
2025-06-04,sup5,cat8,Кофе раств. (95г.),29.98
2025-06-04,sup3,cat3,Творог (200г.),4.88
2025-06-04,sup3,cat3,Молоко (1л.),2.60
2025-06-04,sup6,cat10,Батон нарезной (240г.),1.22
2025-06-04,sup8,cat2,Капуста,2.74
2025-06-04,sup5,cat8,Макароны (900г.),1.49
2025-06-04,sup1,cat11,Сосиски молочные,7.98
2025-06-04,sup6,cat10,Лаваш (300г.),2.89
2025-06-04,sup6,cat10,Батон нарезной (240г.),1.22
2025-06-04,sup10,cat12,Сок яблочный (1л.),5.17
2025-06-04,sup1,cat11,Сервелат (400г.),17.02
2025-06-04,sup4,cat7,Креветки,40.75
2025-06-04,sup1,cat6,Колбаски,15.97
2025-06-04,sup9,cat2,Томат,19.01
2025-06-04,sup1,cat11,Сосиски молочные,5.99
2025-06-04,sup2,cat4,Яйцо куриное Д1 (10шт.),4.98
2025-06-04,sup6,cat10,Батон нарезной (240г.),1.22
2025-06-04,sup5,cat12,Вода негаз. (0.5л.),1.98
2025-06-04,sup2,cat11,Сосиски молочные,7.34
2025-06-04,sup3,cat3,Молоко (1л.),5.20
2025-06-04,sup1,cat5,Свинина,44.98
2025-06-04,sup5,cat12,Сок яблочный (1л.),5.17
2025-06-04,sup5,cat8,Пшено (900г.),2.35
2025-06-04,sup2,cat5,Окорочка куриные,8.43
2025-06-04,sup6,cat10,Булочка с маком (1шт.),1.49
2025-06-04,sup2,cat6,Колбаски,13.80
2025-06-04,sup5,cat8,Мука (2кг.),5.20
2025-06-04,sup7,cat10,Хлеб ржаной (450г.),1.50
2025-06-04,sup5,cat12,Сок апельсиновый (1л.),7.20
2025-06-04,sup6,cat10,Хлеб светлый (400г.),1.20
2025-06-04,sup3,cat3,Кефир (1л.),2.27
2025-06-04,sup2,cat4,Яйцо куриное С1 (10шт.),3.81
2025-06-04,sup1,cat11,Сосиски молочные,4.97
2025-06-04,sup9,cat1,Банан,14.16
2025-06-04,sup5,cat8,Крупа перловая (1кг.),1.44
2025-06-04,sup10,cat2,Свекла,0.47
2025-06-04,sup1,cat11,Сервелат (400г.),8.51
2025-06-04,sup1,cat11,Сосиски молочные,12.10
2025-06-04,sup5,cat8,Спагетти (400г.),1.76
2025-06-04,sup3,cat3,Молоко (1л.),5.20
2025-06-04,sup6,cat10,Хлеб ржаной (450г.),1.50
2025-06-04,sup6,cat10,Хлеб светлый (400г.),1.20
2025-06-04,sup6,cat10,Батон нарезной (240г.),1.22
2025-06-05,sup6,cat10,Булочка с маком (1шт.),2.98
2025-06-05,sup4,cat7,Скумбрия,6.14
2025-06-05,sup6,cat10,Булочка с маком (1шт.),1.49
2025-06-05,sup2,cat4,Яйцо куриное С1 (10шт.),3.81
2025-06-05,sup3,cat3,Творог (200г.),7.32
2025-06-05,sup5,cat12,Вода негаз. (0.5л.),1.98
2025-06-05,sup5,cat8,Мука (2кг.),2.60
2025-06-05,sup6,cat10,Батон нарезной (240г.),1.22
2025-06-05,sup12,cat12,Coca-Cola (1л.),3.07
2025-06-05,sup5,cat8,Крупа гречневая (700г.),2.07
2025-06-05,sup1,cat11,Колбаски охотничьи (500г.),18.40
2025-06-05,sup2,cat11,Колбаса вареная (400г.),4.98
2025-06-05,sup9,cat2,Огурец,5.25
2025-06-05,sup2,cat4,Яйцо куриное Д1 (10шт.),4.98
2025-06-05,sup6,cat10,Лаваш (300г.),2.89
2025-06-05,sup1,cat5,Говядина,20.16
2025-06-05,sup5,cat8,Спагетти (400г.),1.76
2025-06-05,sup8,cat2,Томат,21.15
2025-06-05,sup2,cat11,Сосиски молочные,4.14
2025-06-05,sup2,cat6,Фарш,32.70
2025-06-05,sup6,cat10,Батон нарезной (240г.),2.44
2025-06-05,sup5,cat12,Вода негаз. (0.5л.),0.99
2025-06-05,sup3,cat3,Сыр российский,6.71
2025-06-05,sup1,cat5,Говядина,13.13
2025-06-05,sup12,cat12,Вода негаз. (0.5л.),1.98
2025-06-05,sup1,cat11,Сосиски молочные,10.47
2025-06-05,sup5,cat8,Крупа перловая (1кг.),1.44
2025-06-05,sup6,cat10,Булочка с маком (1шт.),2.98
2025-06-05,sup2,cat4,Яйцо куриное Д1 (10шт.),4.98
2025-06-05,sup3,cat3,Кефир (1л.),4.54
2025-06-05,sup6,cat10,Батон нарезной (240г.),1.22
2025-06-05,sup2,cat11,Ветчина,13.04
2025-06-05,sup3,cat3,Кефир (1л.),2.27
2025-06-05,sup9,cat2,Томат,20.97
2025-06-05,sup5,cat12,Вода мин. газ. (1л.),1.59
2025-06-05,sup4,cat7,Креветки,27.36
2025-06-05,sup2,cat5,Окорочка куриные,3.55
2025-06-05,sup5,cat9,Печенье овсяное (400г.),4.33
2025-06-05,sup1,cat11,Сосиски молочные,12.25
2025-06-05,sup5,cat8,Сахар (1кг.),0.73
2025-06-05,sup9,cat1,Апельсин,19.91
2025-06-05,sup3,cat3,Кефир (1л.),2.27
2025-06-05,sup5,cat8,Спагетти (400г.),1.76
2025-06-05,sup9,cat2,Огурец,3.12
2025-06-05,sup2,cat4,Яйцо куриное С1 (15шт.),6.44
2025-06-05,sup3,cat3,Молоко (1л.),2.60
2025-06-05,sup2,cat4,Яйцо куриное С1 (15шт.),6.44
2025-06-05,sup5,cat8,Спагетти (400г.),1.76
2025-06-05,sup3,cat3,Сыр голландский (200г.),5.02
2025-06-05,sup3,cat3,Молоко (1.5л.),3.86
2025-06-05,sup5,cat9,Печенье овсяное (400г.),4.33
2025-06-05,sup7,cat10,Батон нарезной (240г.),2.44
2025-06-05,sup6,cat10,Лаваш (300г.),2.89
2025-06-06,sup5,cat9,Печенье овсяное (400г.),4.33
2025-06-06,sup6,cat10,Булочка с маком (1шт.),2.98
2025-06-06,sup5,cat9,Печенье овсяное (400г.),4.33
2025-06-06,sup5,cat12,Вода негаз. (0.5л.),1.98
2025-06-06,sup2,cat4,Яйцо куриное С1 (15шт.),6.44
2025-06-06,sup10,cat2,Морковь,2.27
2025-06-06,sup5,cat8,Чай пак. (25шт.),7.60
2025-06-06,sup1,cat6,Голубцы,12.07
2025-06-06,sup6,cat10,Батон нарезной (240г.),1.22
2025-06-06,sup9,cat2,Томат,6.48
2025-06-06,sup3,cat3,Творог (200г.),4.88
2025-06-06,sup5,cat8,Спагетти (400г.),1.76
2025-06-06,sup5,cat8,Крупа гречневая (700г.),4.14
2025-06-06,sup6,cat10,Хлеб светлый (400г.),1.20
2025-06-06,sup12,cat12,Вода негаз. (0.5л.),0.99
2025-06-06,sup5,cat8,Сахар (1кг.),2.19
2025-06-06,sup5,cat8,Рис (900г.),3.49
2025-06-06,sup7,cat10,Батон нарезной (240г.),1.22
2025-06-06,sup2,cat4,Яйцо куриное Д1 (10шт.),4.98
2025-06-06,sup5,cat8,Кофе раств. (95г.),14.99
2025-06-06,sup7,cat10,Хлеб ржаной (450г.),1.50
2025-06-06,sup3,cat3,Сыр голландский (200г.),5.02
2025-06-06,sup3,cat3,Сметана (180г.),1.94
2025-06-06,sup6,cat10,Булочка с маком (1шт.),1.49
2025-06-06,sup6,cat10,Хлеб ржаной (450г.),1.50
2025-06-06,sup2,cat11,Колбаса вареная (400г.),4.98
2025-06-06,sup8,cat2,Томат,13.88
2025-06-06,sup6,cat10,Булочка с маком (1шт.),1.49
2025-06-06,sup5,cat8,Пшено (900г.),2.35
2025-06-06,sup8,cat2,Капуста,3.79
2025-06-06,sup1,cat5,Свинина,35.85
2025-06-06,sup3,cat3,Кефир (1л.),2.27
2025-06-06,sup3,cat3,Молоко (1л.),2.60
2025-06-06,sup5,cat12,Вода негаз. (0.5л.),1.98
2025-06-06,sup12,cat12,Вода негаз. (0.5л.),0.99
2025-06-06,sup6,cat10,Батон нарезной (240г.),1.22
2025-06-06,sup3,cat3,Кефир (1л.),2.27
2025-06-06,sup5,cat12,Лимонад (2л.),5.35
2025-06-06,sup3,cat3,Творог (200г.),2.44
2025-06-06,sup3,cat3,Сыр сливочный (200г.),5.41
2025-06-06,sup1,cat11,Колбаса вареная (400г.),4.98
2025-06-06,sup1,cat11,Салями,21.92
2025-06-06,sup10,cat1,Яблоко,1.19
2025-06-06,sup1,cat11,Сосиски молочные,9.90
2025-06-06,sup9,cat2,Томат,16.66
2025-06-06,sup3,cat3,Кефир (1л.),4.54
2025-06-06,sup10,cat1,Яблоко,15.35
2025-06-06,sup8,cat2,Томат,15.48
2025-06-06,sup2,cat11,Ветчина,13.04
2025-06-06,sup3,cat3,Творог (200г.),4.88
2025-06-06,sup5,cat12,Вода мин. газ. (1л.),1.59
2025-06-06,sup7,cat10,Батон нарезной (240г.),2.44
2025-06-06,sup5,cat8,Сахар (1кг.),0.73
2025-06-06,sup6,cat10,Батон нарезной (240г.),1.22
2025-06-06,sup5,cat12,Лимонад (2л.),5.35
2025-06-06,sup6,cat10,Батон нарезной (240г.),2.44
2025-06-06,sup10,cat1,Яблоко,15.84
2025-06-06,sup3,cat3,Сыр голландский (200г.),5.02
2025-06-06,sup3,cat3,Сметана (180г.),3.88
2025-06-06,sup3,cat3,Молоко (1.5л.),3.86
2025-06-06,sup4,cat7,Форель (200г.),18.25
2025-06-06,sup6,cat10,Батон нарезной (240г.),1.22
2025-06-06,sup6,cat10,Булочка с маком (1шт.),2.98
2025-06-07,sup2,cat5,Окорочка куриные,7.26
2025-06-07,sup3,cat3,Кефир (1л.),4.54
2025-06-07,sup1,cat11,Сервелат (400г.),8.51
2025-06-07,sup6,cat10,Хлеб ржаной (450г.),1.50
2025-06-07,sup6,cat10,Батон нарезной (240г.),2.44
2025-06-07,sup3,cat3,Молоко (1л.),2.60
2025-06-07,sup5,cat9,Шоколад молочный (90г.),5.99
2025-06-07,sup5,cat9,Зефир (230г.),8.79
2025-06-07,sup9,cat1,Груша,9.01
2025-06-07,sup6,cat10,Батон нарезной (240г.),2.44
2025-06-07,sup3,cat3,Масло сливочное (180г.),4.59
2025-06-07,sup1,cat5,Говядина,34.70
2025-06-07,sup6,cat10,Батон нарезной (240г.),1.22
2025-06-07,sup12,cat12,Coca-Cola (1л.),3.07
2025-06-07,sup5,cat8,Спагетти (400г.),1.76
2025-06-07,sup7,cat10,Батон нарезной (240г.),1.22
2025-06-07,sup2,cat4,Яйцо куриное С1 (10шт.),3.81
2025-06-07,sup5,cat9,Печенье овсяное (400г.),4.33
2025-06-07,sup3,cat3,Творог (200г.),2.44
2025-06-07,sup6,cat10,Булочка с маком (1шт.),1.49
2025-06-07,sup3,cat3,Кефир (1л.),2.27
2025-06-07,sup7,cat10,Багет (200г.),2.49
2025-06-07,sup4,cat7,Хек,12.22
2025-06-07,sup3,cat3,Кефир (1л.),2.27
2025-06-07,sup3,cat3,Творог (200г.),4.88
2025-06-07,sup1,cat11,Сосиски молочные,8.26
2025-06-07,sup12,cat12,Вода негаз. (0.5л.),0.99
2025-06-07,sup2,cat6,Печень куриная (550г.),11.00
2025-06-07,sup8,cat2,Огурец,3.91
2025-06-07,sup2,cat6,Шашлык,35.56
2025-06-07,sup5,cat8,Крупа гречневая (700г.),2.07
2025-06-07,sup4,cat7,Форель (200г.),18.25
2025-06-07,sup1,cat11,Сервелат (400г.),8.51
2025-06-07,sup9,cat1,Апельсин,23.73
2025-06-07,sup7,cat10,Батон нарезной (240г.),1.22
2025-06-07,sup5,cat9,Зефир (230г.),8.79
2025-06-07,sup5,cat8,Крупа перловая (1кг.),1.44
2025-06-07,sup5,cat12,Лимонад (2л.),5.35
2025-06-07,sup5,cat8,Соль (1кг.),0.73
2025-06-07,sup6,cat10,Багет (200г.),2.49
2025-06-07,sup1,cat5,Говядина,41.20
2025-06-07,sup5,cat9,Карамель,8.17
2025-06-07,sup2,cat4,Яйцо куриное С1 (15шт.),6.44
2025-06-07,sup5,cat8,Соль (1кг.),0.73
2025-06-07,sup2,cat4,Яйцо куриное С1 (10шт.),7.62
2025-06-07,sup2,cat6,Шашлык,51.87
2025-06-07,sup8,cat2,Томат,7.83
2025-06-07,sup1,cat11,Колбаски охотничьи (500г.),9.20
2025-06-07,sup3,cat3,Кефир (1л.),2.27
2025-06-07,sup12,cat12,Coca-Cola (1л.),3.07
2025-06-07,sup2,cat4,Яйцо куриное Д1 (10шт.),4.98
2025-06-07,sup9,cat1,Банан,11.48
2025-06-07,sup2,cat4,Яйцо перепелиное (10шт.),2.95
2025-06-07,sup2,cat11,Сосиски молочные,4.02
2025-06-07,sup2,cat4,Яйцо куриное С1 (15шт.),6.44
2025-06-07,sup6,cat10,Хлеб ржаной (450г.),1.50
2025-06-07,sup3,cat3,Молоко (1л.),2.60
2025-06-07,sup3,cat3,Кефир (1л.),2.27
2025-06-07,sup1,cat5,Свинина,22.99
2025-06-07,sup3,cat3,Творог (200г.),7.32
2025-06-07,sup3,cat3,Творог (200г.),2.44
2025-06-07,sup3,cat3,Молоко (1л.),2.60
2025-06-07,sup3,cat3,Масло сливочное (180г.),4.59
2025-06-07,sup6,cat10,Батон нарезной (240г.),2.44
2025-06-07,sup5,cat12,Сок апельсиновый (1л.),7.20
2025-06-07,sup6,cat10,Батон нарезной (240г.),2.44
2025-06-07,sup5,cat9,Шоколад молочный (90г.),17.97
2025-06-07,sup8,cat2,Капуста,4.07
2025-06-07,sup5,cat9,Печенье овсяное (400г.),4.33
2025-06-07,sup5,cat9,Конфеты шоколадные,31.68
2025-06-08,sup5,cat9,Печенье овсяное (400г.),8.66
2025-06-08,sup1,cat5,Говядина,36.70
2025-06-08,sup1,cat6,Шашлык,38.27
2025-06-08,sup5,cat8,Чай пак. (25шт.),3.80
2025-06-08,sup8,cat2,Огурец,5.85
2025-06-08,sup1,cat11,Сервелат (400г.),8.51
2025-06-08,sup5,cat9,Печенье овсяное (400г.),4.33
2025-06-08,sup1,cat11,Сосиски молочные,8.45
2025-06-08,sup1,cat11,Салями,21.38
2025-06-08,sup1,cat11,Бекон (220г),9.99
2025-06-08,sup5,cat12,Лимонад (2л.),5.35
2025-06-08,sup1,cat5,Говядина,24.63
2025-06-08,sup1,cat11,Сосиски молочные,7.36
2025-06-08,sup3,cat3,Сыр сливочный (200г.),10.82
2025-06-08,sup7,cat10,Хлеб светлый (400г.),1.20
2025-06-08,sup5,cat12,Вода негаз. (0.5л.),0.99
2025-06-08,sup3,cat3,Масло сливочное (180г.),9.18
2025-06-08,sup5,cat8,Спагетти (400г.),1.76
2025-06-08,sup9,cat2,Огурец,2.56
2025-06-08,sup1,cat11,Сосиски молочные,11.50
2025-06-08,sup3,cat3,Кефир (1л.),4.54
2025-06-08,sup6,cat10,Хлеб светлый (400г.),1.20
2025-06-08,sup3,cat3,Молоко (1л.),2.60
2025-06-08,sup9,cat1,Банан,12.07
2025-06-08,sup5,cat9,Конфеты шоколадные,5.60
2025-06-08,sup2,cat5,Окорочка куриные,8.57
2025-06-08,sup6,cat10,Хлеб светлый (400г.),1.20
2025-06-08,sup8,cat2,Томат,5.93
2025-06-08,sup5,cat8,Мука (1кг.),1.64
2025-06-08,sup9,cat1,Апельсин,22.69
2025-06-08,sup3,cat3,Молоко (1.5л.),3.86
2025-06-08,sup5,cat8,Макароны (900г.),1.49
2025-06-08,sup1,cat5,Говядина,35.86
2025-06-08,sup6,cat10,Батон нарезной (240г.),1.22
2025-06-08,sup5,cat9,Конфеты шоколадные,14.50
2025-06-08,sup2,cat4,Яйцо перепелиное (10шт.),2.95
2025-06-08,sup12,cat12,Coca-Cola (1л.),3.07
2025-06-08,sup2,cat4,Яйцо куриное Д1 (10шт.),4.98
2025-06-08,sup3,cat3,Сметана (380г.),7.42
2025-06-08,sup8,cat2,Огурец,7.26
2025-06-08,sup3,cat3,Кефир (1л.),2.27
2025-06-08,sup2,cat4,Яйцо куриное Д1 (10шт.),4.98
2025-06-08,sup5,cat12,Вода негаз. (0.5л.),1.98
2025-06-08,sup2,cat11,Колбаса вареная (400г.),4.98
2025-06-08,sup5,cat9,Шоколад молочный (90г.),11.98
2025-06-08,sup3,cat3,Молоко (1л.),2.60
2025-06-08,sup1,cat11,Бекон (220г),9.99
2025-06-08,sup8,cat2,Огурец,6.89
2025-06-08,sup3,cat3,Молоко (1л.),2.60
2025-06-08,sup8,cat2,Томат,11.11
2025-06-08,sup5,cat8,Чай пак. (25шт.),7.60
2025-06-08,sup3,cat3,Молоко (1.5л.),3.86
2025-06-08,sup3,cat3,Кефир (1л.),2.27
2025-06-08,sup5,cat8,Спагетти (400г.),1.76
2025-06-09,sup3,cat3,Сметана (380г.),3.71
2025-06-09,sup6,cat10,Лаваш (300г.),2.89
2025-06-09,sup3,cat3,Масло сливочное (180г.),4.59
2025-06-09,sup5,cat12,Вода негаз. (0.5л.),1.98
2025-06-09,sup5,cat8,Чай пак. (25шт.),3.80
2025-06-09,sup5,cat8,Сахар (1кг.),0.73
2025-06-09,sup7,cat10,Батон нарезной (240г.),1.22
2025-06-09,sup3,cat3,Творог (200г.),7.32
2025-06-09,sup1,cat11,Колбаса вареная (400г.),4.98
2025-06-09,sup2,cat4,Яйцо куриное С1 (15шт.),6.44
2025-06-09,sup5,cat8,Мука (2кг.),2.60
2025-06-09,sup5,cat8,Кофе раств. (95г.),14.99
2025-06-09,sup5,cat12,Сок яблочный (1л.),5.17
2025-06-09,sup5,cat9,Печенье овсяное (400г.),4.33
2025-06-09,sup8,cat2,Огурец,7.97
2025-06-09,sup12,cat12,Вода негаз. (0.5л.),0.99
2025-06-09,sup1,cat6,Фарш,20.19
2025-06-09,sup1,cat6,Фарш,30.50
2025-06-09,sup2,cat4,Яйцо перепелиное (10шт.),2.95
2025-06-09,sup2,cat5,Филе куриное,14.90
2025-06-09,sup2,cat6,Печень куриная (550г.),5.50
2025-06-09,sup2,cat11,Ветчина,13.31
2025-06-09,sup3,cat3,Молоко (1л.),2.60
2025-06-09,sup5,cat8,Спагетти (400г.),1.76
2025-06-09,sup4,cat7,Креветки,29.78
2025-06-09,sup3,cat3,Кефир (1л.),4.54
2025-06-09,sup6,cat10,Хлеб светлый (400г.),1.20
2025-06-09,sup5,cat8,Кофе раств. (95г.),14.99
2025-06-09,sup2,cat6,Шашлык,39.70
2025-06-09,sup5,cat8,Крупа гречневая (700г.),2.07
2025-06-09,sup2,cat6,Фарш,24.64
2025-06-09,sup2,cat4,Яйцо куриное С1 (10шт.),3.81
2025-06-09,sup5,cat12,Квас светлый (1л.),2.65
2025-06-09,sup3,cat3,Сыр голландский (200г.),10.04
2025-06-09,sup2,cat4,Яйцо куриное С1 (15шт.),6.44
2025-06-09,sup5,cat9,Конфеты шоколадные,12.08
2025-06-09,sup12,cat12,Вода негаз. (0.5л.),1.98
2025-06-09,sup3,cat3,Молоко (1л.),2.60
2025-06-09,sup4,cat7,Форель (200г.),36.50
2025-06-09,sup1,cat11,Колбаски охотничьи (500г.),9.20
2025-06-09,sup5,cat9,Конфеты шоколадные,29.97
2025-06-09,sup5,cat8,Кофе мол. (250г.),19.99
2025-06-09,sup12,cat12,Вода негаз. (0.5л.),0.99
2025-06-09,sup1,cat11,Сервелат (400г.),17.02
2025-06-09,sup6,cat10,Батон нарезной (240г.),1.22
2025-06-09,sup6,cat10,Батон нарезной (240г.),1.22
2025-06-09,sup7,cat10,Багет (200г.),2.49
2025-06-09,sup8,cat2,Огурец,1.92
2025-06-09,sup5,cat9,Конфеты шоколадные,25.10
2025-06-09,sup3,cat3,Сметана (380г.),3.71
2025-06-09,sup3,cat3,Масло сливочное (180г.),4.59
2025-06-09,sup3,cat3,Кефир (1л.),2.27
2025-06-10,sup2,cat11,Колбаса вареная (400г.),4.98
2025-06-10,sup6,cat10,Батон нарезной (240г.),1.22
2025-06-10,sup6,cat10,Булочка с маком (1шт.),4.47
2025-06-10,sup2,cat11,Колбаса вареная (400г.),4.98
2025-06-10,sup2,cat6,Колбаски,26.21
2025-06-10,sup3,cat3,Молоко (1л.),2.60
2025-06-10,sup5,cat8,Сахар (1кг.),0.73
2025-06-10,sup5,cat9,Печенье овсяное (400г.),4.33
2025-06-10,sup2,cat4,Яйцо куриное Д1 (10шт.),4.98
2025-06-10,sup2,cat11,Ветчина,9.03
2025-06-10,sup3,cat3,Молоко (1л.),2.60
2025-06-10,sup4,cat7,Креветки,34.43
2025-06-10,sup5,cat8,Мука (1кг.),1.64
2025-06-10,sup3,cat3,Молоко (1л.),2.60
2025-06-10,sup5,cat8,Мука (1кг.),1.64
2025-06-10,sup5,cat9,Шоколад молочный (90г.),5.99
2025-06-10,sup4,cat7,Сельдь (250г.),5.99
2025-06-10,sup12,cat12,Coca-Cola (1л.),3.07
2025-06-10,sup3,cat3,Сметана (180г.),3.88
2025-06-10,sup2,cat5,Окорочка куриные,5.61
2025-06-10,sup5,cat8,Сахар (1кг.),1.46
2025-06-10,sup7,cat10,Батон нарезной (240г.),2.44
2025-06-10,sup5,cat12,Вода негаз. (0.5л.),0.99
2025-06-10,sup5,cat12,Сок апельсиновый (1л.),7.20
2025-06-10,sup3,cat3,Масло сливочное (180г.),4.59
2025-06-10,sup5,cat8,Крупа перловая (1кг.),1.44
2025-06-10,sup3,cat3,Молоко (1л.),2.60
2025-06-10,sup6,cat10,Батон нарезной (240г.),1.22
2025-06-10,sup3,cat3,Кефир (1л.),2.27
2025-06-10,sup5,cat12,Лимонад (2л.),5.35
2025-06-10,sup3,cat3,Молоко (1л.),2.60
2025-06-10,sup9,cat1,Апельсин,13.13
2025-06-10,sup5,cat12,Квас светлый (1л.),2.65
2025-06-10,sup12,cat12,Coca-Cola (1л.),6.14
2025-06-10,sup6,cat10,Булочка с маком (1шт.),7.45
2025-06-10,sup12,cat12,Вода негаз. (0.5л.),0.99
2025-06-10,sup7,cat10,Батон нарезной (240г.),1.22
2025-06-10,sup3,cat3,Сметана (180г.),3.88
2025-06-10,sup6,cat10,Плетенка (450г.),4.04
2025-06-10,sup10,cat12,Сок яблочный (1л.),10.34
2025-06-10,sup5,cat12,Сок апельсиновый (1л.),14.40
2025-06-10,sup1,cat11,Сервелат (400г.),17.02
2025-06-10,sup3,cat3,Масло сливочное (180г.),4.59
2025-06-10,sup2,cat4,Яйцо куриное С1 (15шт.),6.44
2025-06-10,sup12,cat12,Coca-Cola (1л.),3.07
2025-06-10,sup6,cat10,Хлеб ржаной (450г.),1.50
2025-06-10,sup2,cat4,Яйцо куриное С1 (15шт.),6.44
2025-06-10,sup8,cat2,Огурец,2.37
2025-06-10,sup6,cat10,Булочка с маком (1шт.),4.47
2025-06-10,sup12,cat12,Вода негаз. (0.5л.),0.99
2025-06-11,sup6,cat10,Батон нарезной (240г.),1.22
2025-06-11,sup4,cat7,Скумбрия,6.94
2025-06-11,sup4,cat7,Кальмар,25.31
2025-06-11,sup6,cat10,Лаваш (300г.),2.89
2025-06-11,sup5,cat8,Рис (900г.),3.49
2025-06-11,sup2,cat4,Яйцо куриное С1 (10шт.),3.81
2025-06-11,sup3,cat3,Творог (200г.),7.32
2025-06-11,sup8,cat2,Томат,16.03
2025-06-11,sup5,cat8,Масло подсолнечное (0.8л.),10.10
2025-06-11,sup5,cat9,Вафли (143г.),2.76
2025-06-11,sup5,cat12,Сок апельсиновый (1л.),14.40
2025-06-11,sup7,cat10,Хлеб ржаной (450г.),1.50
2025-06-11,sup5,cat9,Шоколад молочный (90г.),5.99
2025-06-11,sup3,cat3,Сыр российский,15.30
2025-06-11,sup5,cat8,Мука (1кг.),1.64
2025-06-11,sup8,cat2,Капуста,4.34
2025-06-11,sup6,cat10,Булочка с маком (1шт.),2.98
2025-06-11,sup3,cat3,Сметана (380г.),3.71
2025-06-11,sup5,cat9,Шоколад молочный (90г.),5.99
2025-06-11,sup10,cat1,Груша,3.64
2025-06-11,sup3,cat3,Творог (200г.),2.44
2025-06-11,sup3,cat3,Сметана (180г.),1.94
2025-06-11,sup4,cat7,Минтай,1.05
2025-06-11,sup3,cat3,Творог (200г.),2.44
2025-06-11,sup4,cat7,Минтай,1.64
2025-06-11,sup5,cat9,Печенье овсяное (400г.),4.33
2025-06-11,sup5,cat8,Макароны (900г.),1.49
2025-06-11,sup2,cat6,Фарш,33.64
2025-06-11,sup5,cat8,Крупа перловая (1кг.),2.88
2025-06-11,sup6,cat10,Плетенка (450г.),4.04
2025-06-11,sup5,cat9,Конфеты шоколадные,15.44
2025-06-11,sup3,cat3,Молоко (1.5л.),3.86
2025-06-11,sup3,cat3,Кефир (1л.),2.27
2025-06-11,sup6,cat10,Хлеб светлый (400г.),1.20
2025-06-11,sup8,cat1,Груша,5.71
2025-06-11,sup6,cat10,Батон нарезной (240г.),1.22
2025-06-11,sup2,cat4,Яйцо куриное С1 (15шт.),6.44
2025-06-11,sup9,cat2,Огурец,1.14
2025-06-11,sup9,cat2,Огурец,2.12
2025-06-11,sup5,cat9,Мармелад,5.15
2025-06-11,sup2,cat5,Окорочка куриные,13.22
2025-06-11,sup5,cat8,Кофе мол. (250г.),19.99
2025-06-11,sup1,cat5,Говядина,9.52
2025-06-11,sup9,cat1,Банан,4.52
2025-06-11,sup5,cat12,Вода негаз. (0.5л.),0.99
2025-06-11,sup6,cat10,Батон нарезной (240г.),1.22
2025-06-11,sup5,cat8,Рис (900г.),3.49
2025-06-11,sup3,cat3,Сметана (380г.),3.71
2025-06-11,sup3,cat3,Молоко (1л.),2.60
2025-06-12,sup5,cat8,Чай пак. (25шт.),3.80
2025-06-12,sup8,cat2,Огурец,4.52
2025-06-12,sup2,cat5,Окорочка куриные,8.25
2025-06-12,sup6,cat10,Батон нарезной (240г.),1.22
2025-06-12,sup6,cat10,Батон нарезной (240г.),1.22
2025-06-12,sup6,cat10,Хлеб светлый (400г.),1.20
2025-06-12,sup3,cat3,Творог (200г.),2.44
2025-06-12,sup3,cat3,Творог (200г.),2.44
2025-06-12,sup3,cat3,Сметана (380г.),3.71
2025-06-12,sup12,cat12,Вода негаз. (0.5л.),0.99
2025-06-12,sup5,cat9,Зефир (230г.),8.79
2025-06-12,sup5,cat9,Конфеты шоколадные,12.80
2025-06-12,sup4,cat7,Сельдь (250г.),5.99
2025-06-12,sup5,cat8,Мука (2кг.),5.20
2025-06-12,sup1,cat11,Сосиски молочные,8.75
2025-06-12,sup3,cat3,Кефир (1л.),4.54
2025-06-12,sup6,cat10,Багет (200г.),2.49
2025-06-12,sup3,cat3,Молоко (1л.),2.60
2025-06-12,sup5,cat9,Зефир (230г.),17.58
2025-06-12,sup9,cat1,Апельсин,9.38
2025-06-12,sup5,cat8,Крупа манная (1кг.),2.02
2025-06-12,sup2,cat4,Яйцо куриное С1 (10шт.),3.81
2025-06-12,sup5,cat12,Вода негаз. (0.5л.),1.98
2025-06-12,sup3,cat3,Кефир (1л.),2.27
2025-06-12,sup2,cat4,Яйцо куриное С1 (15шт.),6.44
2025-06-12,sup5,cat8,Крупа гречневая (700г.),2.07
2025-06-12,sup1,cat5,Говядина,23.94
2025-06-12,sup1,cat5,Говядина,36.29
2025-06-12,sup2,cat5,Окорочка куриные,10.14
2025-06-12,sup3,cat3,Сметана (380г.),3.71
2025-06-12,sup2,cat5,Филе куриное,4.91
2025-06-12,sup5,cat8,Крупа гречневая (700г.),2.07
2025-06-12,sup3,cat3,Сыр голландский (200г.),5.02
2025-06-12,sup2,cat4,Яйцо куриное С1 (10шт.),3.81
2025-06-12,sup7,cat10,Хлеб ржаной (450г.),1.50
2025-06-12,sup3,cat3,Кефир (1л.),2.27
2025-06-12,sup8,cat2,Томат,8.39
2025-06-12,sup1,cat11,Салями,21.37
2025-06-12,sup2,cat4,Яйцо куриное Д1 (10шт.),4.98
2025-06-12,sup9,cat1,Банан,7.13
2025-06-12,sup4,cat7,Минтай,1.49
2025-06-12,sup5,cat8,Масло подсолнечное (0.8л.),6.06
2025-06-12,sup2,cat6,Голубцы,12.23
2025-06-12,sup5,cat9,Зефир (230г.),17.58
2025-06-12,sup1,cat5,Говядина,35.14
2025-06-12,sup6,cat10,Булочка с маком (1шт.),2.98
2025-06-12,sup2,cat4,Яйцо куриное С1 (10шт.),7.62
2025-06-12,sup1,cat6,Фарш,19.78
2025-06-12,sup6,cat10,Хлеб светлый (400г.),1.20
2025-06-12,sup5,cat9,Шоколад молочный (90г.),5.99
2025-06-12,sup7,cat10,Батон нарезной (240г.),1.22
2025-06-12,sup1,cat11,Сервелат (400г.),17.02
2025-06-13,sup5,cat9,Мармелад,2.89
2025-06-13,sup1,cat11,Колбаски охотничьи (500г.),9.20
2025-06-13,sup8,cat2,Капуста,3.70
2025-06-13,sup7,cat10,Сушки (500г.),3.99
2025-06-13,sup2,cat4,Яйцо куриное С1 (15шт.),6.44
2025-06-13,sup3,cat3,Молоко (1л.),2.60
2025-06-13,sup2,cat6,Шашлык,24.91
2025-06-13,sup2,cat5,Окорочка куриные,6.51
2025-06-13,sup10,cat2,Свекла,0.45
2025-06-13,sup4,cat7,Паста рыбная (150г.),2.95
2025-06-13,sup6,cat10,Плетенка (450г.),4.04
2025-06-13,sup3,cat3,Кефир (1л.),2.27
2025-06-13,sup1,cat11,Сосиски молочные,9.18
2025-06-13,sup5,cat9,Шоколад молочный (90г.),5.99
2025-06-13,sup3,cat3,Сыр сливочный (200г.),5.41
2025-06-13,sup5,cat8,Крупа гречневая (700г.),2.07
2025-06-13,sup8,cat2,Огурец,3.33
2025-06-13,sup3,cat3,Молоко (1.5л.),3.86
2025-06-13,sup12,cat12,Coca-Cola (1л.),3.07
2025-06-13,sup5,cat12,Вода негаз. (0.5л.),0.99
2025-06-13,sup3,cat3,Молоко (1.5л.),3.86
2025-06-13,sup2,cat5,Филе куриное,6.31
2025-06-13,sup1,cat11,Сервелат (400г.),8.51
2025-06-13,sup5,cat8,Кофе мол. (250г.),19.99
2025-06-13,sup3,cat3,Кефир (1л.),2.27
2025-06-13,sup5,cat12,Вода негаз. (0.5л.),0.99
2025-06-13,sup6,cat10,Сушки (500г.),3.99
2025-06-13,sup6,cat10,Хлеб светлый (400г.),1.20
2025-06-13,sup10,cat1,Груша,5.38
2025-06-13,sup12,cat12,Coca-Cola (1л.),3.07
2025-06-13,sup3,cat3,Сыр голландский (200г.),5.02
2025-06-13,sup5,cat8,Пшено (900г.),2.35
2025-06-13,sup2,cat5,Окорочка куриные,4.63
2025-06-13,sup3,cat3,Молоко (1л.),2.60
2025-06-13,sup5,cat12,Вода негаз. (0.5л.),0.99
2025-06-13,sup2,cat4,Яйцо куриное Д1 (10шт.),4.98
2025-06-13,sup5,cat9,Шоколад молочный (90г.),11.98
2025-06-13,sup5,cat9,Карамель,5.14
2025-06-13,sup3,cat3,Творог (200г.),4.88
2025-06-13,sup8,cat2,Огурец,8.04
2025-06-13,sup5,cat12,Вода негаз. (0.5л.),0.99
2025-06-13,sup1,cat11,Салями,21.05
2025-06-13,sup3,cat3,Сметана (380г.),3.71
2025-06-13,sup6,cat10,Батон нарезной (240г.),1.22
2025-06-13,sup9,cat2,Огурец,2.18
2025-06-13,sup6,cat10,Хлеб ржаной (450г.),1.50
2025-06-13,sup3,cat3,Молоко (1.5л.),7.72
2025-06-13,sup3,cat3,Молоко (1л.),2.60
2025-06-13,sup2,cat4,Яйцо куриное Д1 (10шт.),4.98
2025-06-13,sup6,cat10,Булочка с маком (1шт.),7.45
2025-06-13,sup2,cat5,Окорочка куриные,4.99
2025-06-13,sup6,cat10,Хлеб ржаной (450г.),1.50
2025-06-13,sup1,cat5,Свинина,11.86
2025-06-13,sup5,cat9,Конфеты шоколадные,12.96
2025-06-13,sup7,cat10,Батон нарезной (240г.),1.22
2025-06-13,sup6,cat10,Батон нарезной (240г.),2.44
2025-06-13,sup5,cat8,Крупа гречневая (700г.),2.07
2025-06-13,sup3,cat3,Кефир (1л.),2.27
2025-06-13,sup3,cat3,Кефир (1л.),2.27
2025-06-13,sup3,cat3,Творог (200г.),4.88
2025-06-13,sup6,cat10,Батон нарезной (240г.),1.22
2025-06-13,sup5,cat12,Вода негаз. (0.5л.),0.99
2025-06-13,sup12,cat12,Вода негаз. (0.5л.),0.99
2025-06-13,sup2,cat4,Яйцо куриное С1 (10шт.),7.62
2025-06-13,sup3,cat3,Масло сливочное (360г.),9.49
2025-06-14,sup2,cat11,Колбаса вареная (400г.),4.98
2025-06-14,sup2,cat4,Яйцо перепелиное (10шт.),2.95
2025-06-14,sup1,cat11,Бекон (220г),9.99
2025-06-14,sup2,cat4,Яйцо перепелиное (10шт.),2.95
2025-06-14,sup5,cat8,Масло подсолнечное (0.8л.),2.02
2025-06-14,sup6,cat10,Батон нарезной (240г.),1.22
2025-06-14,sup1,cat5,Говядина,31.35
2025-06-14,sup5,cat12,Лимонад (2л.),5.35
2025-06-14,sup6,cat10,Хлеб светлый (400г.),1.20
2025-06-14,sup1,cat5,Говядина,35.04
2025-06-14,sup3,cat3,Творог (200г.),4.88
2025-06-14,sup5,cat8,Сахар (1кг.),0.73
2025-06-14,sup6,cat10,Батон нарезной (240г.),1.22
2025-06-14,sup5,cat8,Рис (900г.),3.49
2025-06-14,sup1,cat11,Сосиски молочные,9.16
2025-06-14,sup2,cat5,Окорочка куриные,12.68
2025-06-14,sup2,cat11,Сосиски молочные,3.97
2025-06-14,sup2,cat6,Желудки куриные (550г.),4.98
2025-06-14,sup9,cat1,Апельсин,12.09
2025-06-14,sup4,cat7,Хек,13.14
2025-06-14,sup5,cat9,Печенье овсяное (400г.),4.33
2025-06-14,sup5,cat9,Конфеты шоколадные,23.74
2025-06-14,sup2,cat5,Филе куриное,10.07
2025-06-14,sup2,cat4,Яйцо куриное С1 (15шт.),6.44
2025-06-14,sup8,cat2,Капуста,2.73
2025-06-14,sup9,cat2,Томат,7.94
2025-06-14,sup5,cat8,Крупа гречневая (700г.),2.07
2025-06-14,sup5,cat8,Масло подсолнечное (0.8л.),2.02
2025-06-14,sup5,cat12,Вода негаз. (0.5л.),1.98
2025-06-14,sup7,cat10,Сушки (500г.),3.99
2025-06-14,sup9,cat1,Апельсин,18.26
2025-06-14,sup10,cat1,Груша,4.66
2025-06-14,sup6,cat10,Багет (200г.),2.49
2025-06-14,sup5,cat8,Рис (900г.),3.49
2025-06-14,sup1,cat5,Говядина,21.67
2025-06-14,sup1,cat5,Говядина,24.51
2025-06-14,sup5,cat9,Печенье овсяное (400г.),8.66
2025-06-14,sup3,cat3,Молоко (1л.),2.60
2025-06-14,sup12,cat12,Вода негаз. (0.5л.),1.98
2025-06-14,sup6,cat10,Плетенка (450г.),4.04
2025-06-14,sup6,cat10,Батон нарезной (240г.),1.22
2025-06-14,sup2,cat4,Яйцо куриное Д1 (10шт.),4.98
2025-06-14,sup4,cat7,Сельдь (250г.),5.99
2025-06-14,sup1,cat6,Фарш,20.77
2025-06-14,sup12,cat12,Вода негаз. (0.5л.),0.99
2025-06-14,sup10,cat1,Яблоко,12.97
2025-06-14,sup1,cat11,Ветчина,14.91
2025-06-14,sup1,cat11,Салями,21.49
2025-06-14,sup7,cat10,Багет (200г.),2.49
2025-06-14,sup1,cat6,Фарш,44.29
2025-06-14,sup9,cat2,Огурец,7.58
2025-06-14,sup3,cat3,Сметана (380г.),7.42
2025-06-14,sup3,cat3,Масло сливочное (180г.),4.59
2025-06-14,sup6,cat10,Булочка с маком (1шт.),1.49
2025-06-14,sup2,cat5,Окорочка куриные,10.53
2025-06-14,sup12,cat12,Coca-Cola (1л.),3.07
2025-06-14,sup2,cat4,Яйцо куриное С1 (15шт.),6.44
2025-06-14,sup9,cat2,Огурец,6.86
2025-06-14,sup5,cat8,Крупа гречневая (700г.),2.07
2025-06-14,sup5,cat12,Лимонад (2л.),5.35
2025-06-14,sup5,cat8,Кофе мол. (250г.),19.99
2025-06-14,sup2,cat4,Яйцо куриное С1 (15шт.),6.44
2025-06-14,sup2,cat11,Сосиски молочные,10.26
2025-06-14,sup5,cat8,Сахар (1кг.),1.46
2025-06-14,sup2,cat4,Яйцо куриное С1 (15шт.),6.44
2025-06-14,sup3,cat3,Кефир (1л.),4.54
2025-06-14,sup5,cat9,Конфеты шоколадные,27.36
2025-06-14,sup3,cat3,Творог (200г.),4.88
2025-06-15,sup2,cat11,Сосиски молочные,10.46
2025-06-15,sup10,cat2,Морковь,2.51
2025-06-15,sup3,cat3,Сыр голландский (200г.),5.02
2025-06-15,sup5,cat12,Вода негаз. (0.5л.),1.98
2025-06-15,sup2,cat4,Яйцо куриное С1 (10шт.),3.81
2025-06-15,sup5,cat12,Вода негаз. (0.5л.),0.99
2025-06-15,sup3,cat3,Сыр российский,21.48
2025-06-15,sup1,cat5,Говядина,12.74
2025-06-15,sup5,cat9,Зефир (230г.),8.79
2025-06-15,sup12,cat12,Вода негаз. (0.5л.),0.99
2025-06-15,sup1,cat11,Колбаса вареная (400г.),4.98
2025-06-15,sup1,cat5,Говядина,24.31
2025-06-15,sup9,cat1,Апельсин,1.60
2025-06-15,sup3,cat3,Сыр сливочный (200г.),5.41
2025-06-15,sup4,cat7,Кальмар,31.11
2025-06-15,sup5,cat9,Зефир (230г.),8.79
2025-06-15,sup10,cat2,Морковь,0.29
2025-06-15,sup5,cat8,Масло подсолнечное (0.8л.),2.02
2025-06-15,sup2,cat6,Колбаски,40.83
2025-06-15,sup9,cat2,Огурец,3.54
2025-06-15,sup5,cat9,Шоколад молочный (90г.),5.99
2025-06-15,sup12,cat12,Coca-Cola (1л.),3.07
2025-06-15,sup3,cat3,Сыр голландский (200г.),5.02
2025-06-15,sup5,cat8,Макароны (900г.),1.49
2025-06-15,sup9,cat1,Банан,7.98
2025-06-15,sup2,cat5,Филе куриное,16.42
2025-06-15,sup3,cat3,Сметана (380г.),3.71
2025-06-15,sup9,cat2,Огурец,1.27
2025-06-15,sup6,cat10,Хлеб светлый (400г.),1.20
2025-06-15,sup2,cat6,Печень куриная (550г.),5.50
2025-06-15,sup1,cat6,Голубцы,26.16
2025-06-15,sup5,cat12,Лимонад (2л.),5.35
2025-06-15,sup1,cat5,Свинина,29.23
2025-06-15,sup3,cat3,Сметана (180г.),3.88
2025-06-15,sup2,cat6,Фарш,45.28
2025-06-15,sup3,cat3,Сыр российский,3.33
2025-06-15,sup2,cat5,Окорочка куриные,3.65
2025-06-15,sup12,cat12,Coca-Cola (1л.),6.14
2025-06-15,sup1,cat6,Котлеты,10.82
2025-06-15,sup5,cat12,Вода негаз. (0.5л.),1.98
2025-06-15,sup10,cat12,Сок яблочный (1л.),10.34
2025-06-15,sup5,cat9,Карамель,2.74
2025-06-15,sup5,cat8,Мука (1кг.),1.64
2025-06-15,sup8,cat1,Груша,16.56
2025-06-15,sup2,cat5,Филе куриное,12.28
2025-06-15,sup7,cat10,Сушки (500г.),3.99
2025-06-15,sup8,cat2,Капуста,3.50
2025-06-15,sup5,cat12,Вода негаз. (0.5л.),0.99
2025-06-15,sup4,cat7,Хек,4.28
2025-06-15,sup2,cat5,Филе куриное,14.77
2025-06-15,sup10,cat1,Яблоко,4.27
2025-06-15,sup6,cat10,Батон нарезной (240г.),1.22
2025-06-15,sup4,cat7,Паста рыбная (150г.),2.95
2025-06-16,sup1,cat5,Говядина,13.94
2025-06-16,sup5,cat8,Спагетти (400г.),1.76
2025-06-16,sup2,cat4,Яйцо куриное Д1 (10шт.),4.98
2025-06-16,sup9,cat2,Огурец,8.12
2025-06-16,sup6,cat10,Батон нарезной (240г.),1.22
2025-06-16,sup9,cat1,Груша,5.96
2025-06-16,sup12,cat12,Coca-Cola (1л.),3.07
2025-06-16,sup7,cat10,Батон нарезной (240г.),1.22
2025-06-16,sup2,cat4,Яйцо куриное С1 (10шт.),7.62
2025-06-16,sup1,cat5,Говядина,22.34
2025-06-16,sup6,cat10,Лаваш (300г.),2.89
2025-06-16,sup8,cat1,Груша,13.24
2025-06-16,sup9,cat2,Огурец,3.12
2025-06-16,sup3,cat3,Сметана (180г.),3.88
2025-06-16,sup5,cat8,Рис (900г.),3.49
2025-06-16,sup3,cat3,Сыр сливочный (200г.),10.82
2025-06-16,sup1,cat11,Сервелат (400г.),8.51
2025-06-16,sup8,cat2,Огурец,6.17
2025-06-16,sup6,cat10,Булочка с маком (1шт.),1.49
2025-06-16,sup2,cat4,Яйцо куриное С1 (10шт.),7.62
2025-06-16,sup5,cat8,Крупа манная (1кг.),2.02
2025-06-16,sup6,cat10,Лаваш (300г.),2.89
2025-06-16,sup5,cat8,Спагетти (400г.),1.76
2025-06-16,sup4,cat7,Минтай,1.37
2025-06-16,sup4,cat7,Скумбрия,11.56
2025-06-16,sup4,cat7,Форель (200г.),18.25
2025-06-16,sup6,cat10,Булочка с маком (1шт.),2.98
2025-06-16,sup5,cat12,Сок яблочный (1л.),5.17
2025-06-16,sup3,cat3,Молоко (1л.),2.60
2025-06-16,sup9,cat1,Апельсин,24.60
2025-06-16,sup2,cat6,Фарш,32.86
2025-06-16,sup5,cat9,Зефир (230г.),8.79
2025-06-16,sup12,cat12,Coca-Cola (1л.),3.07
2025-06-16,sup8,cat1,Груша,12.33
2025-06-16,sup6,cat10,Хлеб ржаной (450г.),1.50
2025-06-16,sup5,cat9,Печенье овсяное (400г.),8.66
2025-06-16,sup8,cat2,Томат,10.81
2025-06-16,sup2,cat6,Шашлык,51.70
2025-06-16,sup1,cat11,Ветчина,9.26
2025-06-16,sup12,cat12,Coca-Cola (1л.),3.07
2025-06-16,sup5,cat12,Квас светлый (1л.),2.65
2025-06-16,sup1,cat5,Говядина,39.28
2025-06-16,sup2,cat6,Фарш,44.11
2025-06-16,sup4,cat7,Скумбрия,3.56
2025-06-16,sup12,cat12,Coca-Cola (1л.),6.14
2025-06-16,sup5,cat12,Вода негаз. (0.5л.),1.98
2025-06-16,sup9,cat2,Огурец,4.94
2025-06-16,sup5,cat12,Вода негаз. (0.5л.),1.98
2025-06-16,sup5,cat8,Спагетти (400г.),1.76
2025-06-16,sup5,cat8,Масло подсолнечное (0.8л.),2.02
2025-06-16,sup1,cat11,Ветчина,9.04
2025-06-16,sup6,cat10,Батон нарезной (240г.),1.22
2025-06-16,sup4,cat7,Хек,4.90
2025-06-17,sup8,cat2,Томат,21.35
2025-06-17,sup2,cat6,Печень куриная (550г.),11.00
2025-06-17,sup6,cat10,Хлеб ржаной (450г.),1.50
2025-06-17,sup8,cat2,Огурец,1.35
2025-06-17,sup6,cat10,Хлеб ржаной (450г.),1.50
2025-06-17,sup6,cat10,Хлеб светлый (400г.),1.20
2025-06-17,sup5,cat12,Сок апельсиновый (1л.),7.20
2025-06-17,sup3,cat3,Масло сливочное (180г.),4.59
2025-06-17,sup6,cat10,Батон нарезной (240г.),1.22
2025-06-17,sup1,cat11,Сосиски молочные,11.93
2025-06-17,sup9,cat2,Огурец,5.18
2025-06-17,sup6,cat10,Булочка с маком (1шт.),1.49
2025-06-17,sup3,cat3,Кефир (1л.),2.27
2025-06-17,sup6,cat10,Батон нарезной (240г.),1.22
2025-06-17,sup7,cat10,Батон нарезной (240г.),1.22
2025-06-17,sup5,cat9,Шоколад молочный (90г.),5.99
2025-06-17,sup10,cat1,Яблоко,16.90
2025-06-17,sup8,cat2,Огурец,5.17
2025-06-17,sup2,cat11,Сосиски молочные,8.34
2025-06-17,sup10,cat2,Морковь,1.16
2025-06-17,sup4,cat7,Минтай,1.09
2025-06-17,sup3,cat3,Сыр сливочный (200г.),5.41
2025-06-17,sup5,cat8,Пшено (900г.),2.35
2025-06-17,sup5,cat12,Лимонад (2л.),5.35
2025-06-17,sup5,cat12,Квас светлый (1л.),2.65
2025-06-17,sup8,cat2,Морковь,0.47
2025-06-17,sup5,cat8,Спагетти (400г.),3.52
2025-06-17,sup12,cat12,Вода негаз. (0.5л.),1.98
2025-06-17,sup3,cat3,Масло сливочное (180г.),4.59
2025-06-17,sup4,cat7,Форель (200г.),18.25
2025-06-17,sup6,cat10,Лаваш (300г.),2.89
2025-06-17,sup3,cat3,Творог (200г.),2.44
2025-06-17,sup5,cat12,Сок апельсиновый (1л.),7.20
2025-06-17,sup5,cat9,Карамель,3.55
2025-06-17,sup5,cat8,Чай пак. (25шт.),3.80
2025-06-17,sup5,cat12,Вода негаз. (0.5л.),0.99
2025-06-17,sup5,cat12,Лимонад (2л.),5.35
2025-06-17,sup5,cat8,Мука (2кг.),2.60
2025-06-17,sup10,cat12,Сок яблочный (1л.),5.17
2025-06-17,sup5,cat8,Пшено (900г.),2.35
2025-06-17,sup3,cat3,Молоко (1л.),2.60
2025-06-17,sup3,cat3,Сыр сливочный (200г.),5.41
2025-06-17,sup1,cat5,Говядина,35.97
2025-06-17,sup7,cat10,Хлеб светлый (400г.),1.20
2025-06-17,sup8,cat2,Огурец,1.05
2025-06-17,sup5,cat9,Печенье овсяное (400г.),4.33
2025-06-17,sup6,cat10,Плетенка (450г.),4.04
2025-06-17,sup8,cat2,Огурец,7.26
2025-06-17,sup2,cat4,Яйцо куриное Д1 (10шт.),4.98
2025-06-17,sup1,cat11,Колбаса вареная (400г.),4.98
2025-06-17,sup7,cat10,Сушки (500г.),3.99
2025-06-17,sup8,cat1,Груша,14.27
2025-06-17,sup10,cat1,Груша,14.31
2025-06-17,sup12,cat12,Coca-Cola (1л.),3.07
2025-06-18,sup5,cat8,Спагетти (400г.),1.76
2025-06-18,sup5,cat9,Зефир (230г.),17.58
2025-06-18,sup2,cat4,Яйцо куриное Д1 (10шт.),4.98
2025-06-18,sup1,cat6,Котлеты,17.42
2025-06-18,sup6,cat10,Батон нарезной (240г.),1.22
2025-06-18,sup2,cat11,Сосиски молочные,8.26
2025-06-18,sup3,cat3,Молоко (1л.),2.60
2025-06-18,sup3,cat3,Масло сливочное (360г.),9.49
2025-06-18,sup2,cat4,Яйцо куриное С1 (15шт.),6.44
2025-06-18,sup6,cat10,Сушки (500г.),3.99
2025-06-18,sup3,cat3,Молоко (1.5л.),3.86
2025-06-18,sup3,cat3,Сыр российский,13.18
2025-06-18,sup3,cat3,Сметана (380г.),3.71
2025-06-18,sup3,cat3,Кефир (1л.),2.27
2025-06-18,sup6,cat10,Хлеб ржаной (450г.),1.50
2025-06-18,sup4,cat7,Сельдь (250г.),5.99
2025-06-18,sup5,cat9,Конфеты шоколадные,13.23
2025-06-18,sup5,cat8,Кофе раств. (95г.),14.99
2025-06-18,sup5,cat8,Масло распсовое (0.8л.),4.99
2025-06-18,sup9,cat2,Огурец,1.89
2025-06-18,sup4,cat7,Сельдь (250г.),5.99
2025-06-18,sup1,cat6,Фарш,47.37
2025-06-18,sup7,cat10,Хлеб светлый (400г.),1.20
2025-06-18,sup12,cat12,Вода негаз. (0.5л.),0.99
2025-06-18,sup7,cat10,Батон нарезной (240г.),1.22
2025-06-18,sup1,cat5,Свинина,30.68
2025-06-18,sup3,cat3,Сыр российский,8.61
2025-06-18,sup3,cat3,Кефир (1л.),2.27
2025-06-18,sup12,cat12,Вода негаз. (0.5л.),0.99
2025-06-18,sup1,cat11,Сосиски молочные,7.76
2025-06-18,sup8,cat2,Томат,3.41
2025-06-18,sup2,cat4,Яйцо куриное С1 (15шт.),6.44
2025-06-18,sup3,cat3,Молоко (1л.),2.60
2025-06-18,sup8,cat2,Томат,13.38
2025-06-18,sup6,cat10,Батон нарезной (240г.),1.22
2025-06-18,sup3,cat3,Молоко (1л.),2.60
2025-06-18,sup3,cat3,Кефир (1л.),2.27
2025-06-18,sup6,cat10,Батон нарезной (240г.),1.22
2025-06-18,sup4,cat7,Минтай,1.89
2025-06-18,sup8,cat2,Капуста,4.18
2025-06-18,sup2,cat6,Голубцы,29.64
2025-06-18,sup6,cat10,Булочка с маком (1шт.),1.49
2025-06-18,sup2,cat4,Яйцо куриное Д1 (10шт.),4.98
2025-06-18,sup3,cat3,Творог (200г.),4.88
2025-06-18,sup5,cat8,Мука (1кг.),1.64
2025-06-18,sup2,cat4,Яйцо куриное С1 (15шт.),6.44
2025-06-18,sup4,cat7,Сельдь (250г.),5.99
2025-06-18,sup5,cat8,Пшено (900г.),2.35
2025-06-18,sup6,cat10,Батон нарезной (240г.),1.22
2025-06-18,sup3,cat3,Молоко (1.5л.),3.86
2025-06-18,sup6,cat10,Хлеб ржаной (450г.),1.50
2025-06-18,sup1,cat6,Фарш,28.55
2025-06-18,sup5,cat8,Макароны (900г.),1.49
2025-06-19,sup2,cat4,Яйцо куриное Д1 (10шт.),4.98
2025-06-19,sup1,cat5,Свинина,15.27
2025-06-19,sup10,cat1,Груша,8.39
2025-06-19,sup9,cat2,Томат,19.29
2025-06-19,sup7,cat10,Батон нарезной (240г.),1.22
2025-06-19,sup5,cat12,Вода негаз. (0.5л.),1.98
2025-06-19,sup5,cat8,Масло подсолнечное (0.8л.),2.02
2025-06-19,sup8,cat2,Томат,14.45
2025-06-19,sup5,cat8,Рис (900г.),3.49
2025-06-19,sup6,cat10,Батон нарезной (240г.),2.44
2025-06-19,sup6,cat10,Хлеб светлый (400г.),1.20
2025-06-19,sup5,cat8,Рис (900г.),3.49
2025-06-19,sup2,cat4,Яйцо куриное С1 (10шт.),3.81
2025-06-19,sup3,cat3,Масло сливочное (180г.),4.59
2025-06-19,sup5,cat12,Квас светлый (1л.),2.65
2025-06-19,sup1,cat5,Свинина,31.15
2025-06-19,sup3,cat3,Сыр сливочный (200г.),5.41
2025-06-19,sup12,cat12,Вода негаз. (0.5л.),0.99
2025-06-19,sup2,cat4,Яйцо куриное С1 (15шт.),6.44
2025-06-19,sup6,cat10,Батон нарезной (240г.),1.22
2025-06-19,sup2,cat6,Колбаски,27.79
2025-06-19,sup3,cat3,Кефир (1л.),2.27
2025-06-19,sup9,cat1,Апельсин,10.45
2025-06-19,sup5,cat12,Квас светлый (1л.),2.65
2025-06-19,sup9,cat1,Банан,12.12
2025-06-19,sup6,cat10,Багет (200г.),2.49
2025-06-19,sup5,cat9,Карамель,4.72
2025-06-19,sup4,cat7,Креветки,16.34
2025-06-19,sup2,cat4,Яйцо перепелиное (10шт.),2.95
2025-06-19,sup6,cat10,Батон нарезной (240г.),1.22
2025-06-19,sup5,cat8,Спагетти (400г.),1.76
2025-06-19,sup5,cat12,Вода мин. газ. (1л.),4.77
2025-06-19,sup9,cat2,Огурец,2.31
2025-06-19,sup5,cat8,Рис (900г.),3.49
2025-06-19,sup3,cat3,Молоко (1л.),5.20
2025-06-19,sup7,cat10,Батон нарезной (240г.),1.22
2025-06-19,sup3,cat3,Кефир (1л.),2.27
2025-06-19,sup5,cat12,Сок яблочный (1л.),5.17
2025-06-19,sup4,cat7,Минтай,1.45
2025-06-19,sup1,cat11,Сосиски молочные,10.26
2025-06-19,sup5,cat8,Кофе мол. (250г.),19.99
2025-06-19,sup6,cat10,Булочка с маком (1шт.),1.49
2025-06-19,sup1,cat5,Говядина,18.87
2025-06-19,sup2,cat6,Желудки куриные (550г.),4.98
2025-06-19,sup1,cat11,Салями,21.16
2025-06-19,sup2,cat6,Фарш,31.33
2025-06-19,sup3,cat3,Творог (200г.),2.44
2025-06-19,sup5,cat9,Шоколад молочный (90г.),5.99
2025-06-19,sup5,cat12,Вода негаз. (0.5л.),1.98
2025-06-19,sup8,cat2,Томат,22.49
2025-06-19,sup6,cat10,Батон нарезной (240г.),1.22
2025-06-19,sup8,cat2,Томат,2.90
2025-06-19,sup3,cat3,Творог (200г.),2.44
2025-06-20,sup1,cat11,Колбаса вареная (400г.),4.98
2025-06-20,sup7,cat10,Батон нарезной (240г.),1.22
2025-06-20,sup4,cat7,Сельдь (250г.),5.99
2025-06-20,sup8,cat2,Морковь,2.24
2025-06-20,sup5,cat9,Конфеты шоколадные,20.57
2025-06-20,sup8,cat1,Яблоко,5.78
2025-06-20,sup2,cat11,Сосиски молочные,11.93
2025-06-20,sup6,cat10,Батон нарезной (240г.),1.22
2025-06-20,sup4,cat7,Форель (200г.),18.25
2025-06-20,sup7,cat10,Хлеб светлый (400г.),1.20
2025-06-20,sup6,cat10,Батон нарезной (240г.),1.22
2025-06-20,sup3,cat3,Молоко (1.5л.),7.72
2025-06-20,sup12,cat12,Вода негаз. (0.5л.),1.98
2025-06-20,sup9,cat1,Банан,2.50
2025-06-20,sup9,cat1,Банан,11.11
2025-06-20,sup7,cat10,Батон нарезной (240г.),1.22
2025-06-20,sup5,cat8,Крупа манная (1кг.),2.02
2025-06-20,sup3,cat3,Масло сливочное (180г.),9.18
2025-06-20,sup2,cat6,Голубцы,10.08
2025-06-20,sup7,cat10,Батон нарезной (240г.),2.44
2025-06-20,sup10,cat2,Морковь,1.23
2025-06-20,sup5,cat8,Чай пак. (25шт.),3.80
2025-06-20,sup5,cat8,Крупа гречневая (700г.),2.07
2025-06-20,sup2,cat4,Яйцо перепелиное (20шт.),4.65
2025-06-20,sup7,cat10,Батон нарезной (240г.),1.22
2025-06-20,sup3,cat3,Творог (200г.),4.88
2025-06-20,sup6,cat10,Хлеб светлый (400г.),1.20
2025-06-20,sup5,cat8,Макароны (900г.),1.49
2025-06-20,sup3,cat3,Молоко (1л.),2.60
2025-06-20,sup5,cat12,Вода негаз. (0.5л.),0.99
2025-06-20,sup1,cat11,Бекон (220г),9.99
2025-06-20,sup3,cat3,Молоко (1л.),2.60
2025-06-20,sup2,cat4,Яйцо куриное С1 (10шт.),3.81
2025-06-20,sup12,cat12,Вода негаз. (0.5л.),1.98
2025-06-20,sup12,cat12,Вода негаз. (0.5л.),1.98
2025-06-20,sup5,cat8,Пшено (900г.),2.35
2025-06-20,sup3,cat3,Сметана (180г.),1.94
2025-06-20,sup8,cat2,Томат,14.80
2025-06-20,sup2,cat5,Окорочка куриные,4.17
2025-06-20,sup6,cat10,Багет (200г.),2.49
2025-06-20,sup1,cat11,Бекон (220г),19.98
2025-06-20,sup5,cat9,Печенье овсяное (400г.),4.33
2025-06-20,sup10,cat2,Морковь,1.36
2025-06-20,sup7,cat10,Батон нарезной (240г.),1.22
2025-06-20,sup5,cat8,Спагетти (400г.),1.76
2025-06-20,sup2,cat6,Желудки куриные (550г.),4.98
2025-06-20,sup3,cat3,Кефир (1л.),2.27
2025-06-20,sup3,cat3,Кефир (1л.),2.27
2025-06-20,sup5,cat9,Вафли (143г.),2.76
2025-06-20,sup2,cat5,Окорочка куриные,13.38
2025-06-20,sup3,cat3,Кефир (1л.),2.27
2025-06-20,sup2,cat11,Колбаса вареная (400г.),4.98
2025-06-20,sup7,cat10,Батон нарезной (240г.),1.22
2025-06-20,sup3,cat3,Кефир (1л.),2.27
2025-06-20,sup2,cat4,Яйцо куриное С1 (10шт.),3.81
2025-06-20,sup3,cat3,Масло сливочное (180г.),4.59
2025-06-20,sup3,cat3,Сыр российский,12.06
2025-06-20,sup6,cat10,Булочка с маком (1шт.),1.49
2025-06-20,sup5,cat8,Спагетти (400г.),3.52
2025-06-20,sup6,cat10,Лаваш (300г.),2.89
2025-06-20,sup3,cat3,Творог (200г.),2.44
2025-06-20,sup5,cat12,Вода негаз. (0.5л.),0.99
2025-06-20,sup2,cat6,Печень куриная (550г.),5.50
2025-06-20,sup7,cat10,Батон нарезной (240г.),1.22
2025-06-20,sup3,cat3,Молоко (1л.),5.20
2025-06-20,sup1,cat5,Свинина,13.10
2025-06-21,sup1,cat6,Котлеты,14.47
2025-06-21,sup1,cat6,Котлеты,13.09
2025-06-21,sup2,cat4,Яйцо куриное С1 (15шт.),6.44
2025-06-21,sup1,cat11,Сосиски молочные,5.53
2025-06-21,sup6,cat10,Булочка с маком (1шт.),1.49
2025-06-21,sup6,cat10,Лаваш (300г.),2.89
2025-06-21,sup3,cat3,Масло сливочное (180г.),4.59
2025-06-21,sup7,cat10,Батон нарезной (240г.),1.22
2025-06-21,sup2,cat5,Окорочка куриные,2.80
2025-06-21,sup2,cat4,Яйцо куриное Д1 (10шт.),4.98
2025-06-21,sup2,cat4,Яйцо куриное С1 (15шт.),6.44
2025-06-21,sup4,cat7,Минтай,1.42
2025-06-21,sup4,cat7,Паста рыбная (150г.),2.95
2025-06-21,sup2,cat5,Окорочка куриные,6.06
2025-06-21,sup6,cat10,Багет (200г.),2.49
2025-06-21,sup5,cat12,Квас светлый (1л.),2.65
2025-06-21,sup5,cat12,Вода негаз. (0.5л.),0.99
2025-06-21,sup10,cat1,Груша,16.83
2025-06-21,sup7,cat10,Батон нарезной (240г.),2.44
2025-06-21,sup12,cat12,Coca-Cola (1л.),3.07
2025-06-21,sup6,cat10,Батон нарезной (240г.),1.22
2025-06-21,sup7,cat10,Хлеб светлый (400г.),1.20
2025-06-21,sup7,cat10,Хлеб светлый (400г.),1.20
2025-06-21,sup5,cat12,Сок апельсиновый (1л.),7.20
2025-06-21,sup5,cat8,Кофе мол. (250г.),19.99
2025-06-21,sup6,cat10,Булочка с маком (1шт.),1.49
2025-06-21,sup5,cat12,Вода негаз. (0.5л.),0.99
2025-06-21,sup5,cat12,Вода негаз. (0.5л.),0.99
2025-06-21,sup2,cat6,Фарш,13.68
2025-06-21,sup8,cat2,Капуста,4.06
2025-06-21,sup2,cat6,Колбаски,28.86
2025-06-21,sup5,cat8,Чай пак. (25шт.),3.80
2025-06-21,sup6,cat10,Булочка с маком (1шт.),1.49
2025-06-21,sup8,cat2,Огурец,7.04
2025-06-21,sup3,cat3,Масло сливочное (180г.),4.59
2025-06-21,sup2,cat5,Окорочка куриные,12.95
2025-06-21,sup6,cat10,Хлеб ржаной (450г.),1.50
2025-06-21,sup9,cat1,Апельсин,1.52
2025-06-21,sup1,cat11,Сосиски молочные,10.31
2025-06-21,sup7,cat10,Батон нарезной (240г.),1.22
2025-06-21,sup5,cat8,Крупа гречневая (700г.),2.07
2025-06-21,sup1,cat6,Колбаски,34.90
2025-06-21,sup6,cat10,Батон нарезной (240г.),1.22
2025-06-21,sup10,cat1,Груша,2.94
2025-06-21,sup2,cat4,Яйцо куриное Д1 (10шт.),4.98
2025-06-21,sup1,cat11,Колбаса вареная (400г.),4.98
2025-06-21,sup8,cat2,Капуста,2.47
2025-06-21,sup5,cat12,Сок апельсиновый (1л.),7.20
2025-06-21,sup6,cat10,Плетенка (450г.),4.04
2025-06-21,sup5,cat8,Кофе мол. (250г.),19.99
2025-06-21,sup6,cat10,Хлеб ржаной (450г.),1.50
2025-06-21,sup8,cat2,Огурец,3.88
2025-06-21,sup9,cat1,Яблоко,8.33
2025-06-21,sup1,cat5,Говядина,30.54
2025-06-21,sup1,cat6,Фарш,45.07
2025-06-21,sup1,cat11,Ветчина,5.15
2025-06-21,sup5,cat9,Печенье овсяное (400г.),4.33
2025-06-21,sup8,cat2,Томат,23.35
2025-06-21,sup2,cat4,Яйцо куриное Д1 (10шт.),4.98
2025-06-21,sup3,cat3,Сметана (380г.),7.42
2025-06-21,sup2,cat4,Яйцо куриное С1 (10шт.),3.81
2025-06-21,sup5,cat8,Рис (900г.),3.49
2025-06-21,sup6,cat10,Багет (200г.),2.49
2025-06-21,sup3,cat3,Молоко (1л.),2.60
2025-06-22,sup5,cat9,Шоколад молочный (90г.),5.99
2025-06-22,sup8,cat2,Огурец,7.98
2025-06-22,sup8,cat2,Огурец,7.50
2025-06-22,sup5,cat12,Лимонад (2л.),5.35
2025-06-22,sup5,cat9,Вафли (143г.),2.76
2025-06-22,sup1,cat5,Говядина,16.53
2025-06-22,sup5,cat12,Квас светлый (1л.),2.65
2025-06-22,sup7,cat10,Батон нарезной (240г.),1.22
2025-06-22,sup5,cat8,Крупа гречневая (700г.),2.07
2025-06-22,sup5,cat8,Пшено (900г.),2.35
2025-06-22,sup2,cat5,Окорочка куриные,9.38
2025-06-22,sup3,cat3,Кефир (1л.),2.27
2025-06-22,sup1,cat11,Ветчина,3.01
2025-06-22,sup9,cat1,Банан,6.50
2025-06-22,sup1,cat6,Фарш,32.85
2025-06-22,sup5,cat8,Сахар (1кг.),0.73
2025-06-22,sup9,cat2,Томат,12.02
2025-06-22,sup2,cat4,Яйцо куриное Д1 (10шт.),4.98
2025-06-22,sup5,cat8,Кофе мол. (250г.),39.98
2025-06-22,sup9,cat2,Томат,20.04
2025-06-22,sup6,cat10,Батон нарезной (240г.),2.44
2025-06-22,sup5,cat8,Рис (900г.),3.49
2025-06-22,sup5,cat8,Спагетти (400г.),1.76
2025-06-22,sup2,cat6,Голубцы,20.93
2025-06-22,sup8,cat2,Огурец,6.71
2025-06-22,sup3,cat3,Молоко (1л.),2.60
2025-06-22,sup12,cat12,Coca-Cola (1л.),3.07
2025-06-22,sup2,cat4,Яйцо перепелиное (10шт.),2.95
2025-06-22,sup8,cat2,Томат,22.68
2025-06-22,sup3,cat3,Молоко (1л.),2.60
2025-06-22,sup4,cat7,Креветки,40.17
2025-06-22,sup3,cat3,Сыр голландский (200г.),5.02
2025-06-22,sup2,cat4,Яйцо куриное Д1 (10шт.),4.98
2025-06-22,sup5,cat9,Печенье овсяное (400г.),8.66
2025-06-22,sup5,cat8,Кофе мол. (250г.),19.99
2025-06-22,sup6,cat10,Батон нарезной (240г.),1.22
2025-06-22,sup1,cat5,Говядина,15.56
2025-06-22,sup3,cat3,Молоко (1л.),2.60
2025-06-22,sup9,cat2,Томат,23.01
2025-06-22,sup6,cat10,Батон нарезной (240г.),1.22
2025-06-22,sup3,cat3,Кефир (1л.),4.54
2025-06-22,sup4,cat7,Минтай,1.88
2025-06-22,sup3,cat3,Сыр российский,11.02
2025-06-22,sup4,cat7,Скумбрия,19.98
2025-06-22,sup6,cat10,Батон нарезной (240г.),1.22
2025-06-22,sup3,cat3,Молоко (1.5л.),3.86
2025-06-22,sup9,cat1,Апельсин,1.65
2025-06-22,sup2,cat11,Сосиски молочные,3.88
2025-06-22,sup1,cat11,Сосиски молочные,6.05
2025-06-22,sup12,cat12,Coca-Cola (1л.),3.07
2025-06-22,sup1,cat6,Шашлык,21.77
2025-06-22,sup5,cat9,Шоколад молочный (90г.),5.99
2025-06-22,sup6,cat10,Батон нарезной (240г.),2.44
2025-06-22,sup1,cat6,Фарш,13.83
2025-06-23,sup5,cat8,Крупа гречневая (700г.),2.07
2025-06-23,sup5,cat8,Крупа гречневая (700г.),2.07
2025-06-23,sup6,cat10,Батон нарезной (240г.),1.22
2025-06-23,sup5,cat8,Спагетти (400г.),3.52
2025-06-23,sup6,cat10,Булочка с маком (1шт.),1.49
2025-06-23,sup3,cat3,Молоко (1л.),2.60
2025-06-23,sup2,cat4,Яйцо куриное С1 (15шт.),6.44
2025-06-23,sup2,cat4,Яйцо куриное Д1 (10шт.),4.98
2025-06-23,sup8,cat2,Капуста,2.80
2025-06-23,sup3,cat3,Молоко (1л.),2.60
2025-06-23,sup9,cat1,Груша,14.85
2025-06-23,sup5,cat8,Крупа гречневая (700г.),2.07
2025-06-23,sup2,cat4,Яйцо куриное С1 (10шт.),3.81
2025-06-23,sup8,cat2,Капуста,3.75
2025-06-23,sup3,cat3,Творог (200г.),2.44
2025-06-23,sup5,cat9,Зефир (230г.),8.79
2025-06-23,sup1,cat11,Колбаса вареная (400г.),4.98
2025-06-23,sup6,cat10,Булочка с маком (1шт.),1.49
2025-06-23,sup1,cat11,Сосиски молочные,5.38
2025-06-23,sup7,cat10,Батон нарезной (240г.),1.22
2025-06-23,sup6,cat10,Батон нарезной (240г.),1.22
2025-06-23,sup8,cat2,Томат,9.80
2025-06-23,sup6,cat10,Хлеб светлый (400г.),1.20
2025-06-23,sup8,cat2,Огурец,0.90
2025-06-23,sup7,cat10,Хлеб светлый (400г.),1.20
2025-06-23,sup9,cat2,Огурец,2.48
2025-06-23,sup8,cat2,Морковь,0.33
2025-06-23,sup5,cat9,Шоколад молочный (90г.),5.99
2025-06-23,sup6,cat10,Хлеб ржаной (450г.),1.50
2025-06-23,sup5,cat8,Макароны (900г.),1.49
2025-06-23,sup3,cat3,Творог (200г.),2.44
2025-06-23,sup9,cat1,Банан,1.73
2025-06-23,sup3,cat3,Сыр российский,4.97
2025-06-23,sup5,cat8,Мука (2кг.),2.60
2025-06-23,sup2,cat4,Яйцо куриное С1 (15шт.),6.44
2025-06-23,sup1,cat11,Сосиски молочные,9.19
2025-06-23,sup3,cat3,Сметана (380г.),3.71
2025-06-23,sup8,cat2,Капуста,3.98
2025-06-23,sup9,cat2,Томат,8.52
2025-06-23,sup5,cat8,Чай пак. (25шт.),3.80
2025-06-23,sup5,cat12,Сок яблочный (1л.),5.17
2025-06-23,sup3,cat3,Молоко (1л.),2.60
2025-06-23,sup4,cat7,Хек,5.26
2025-06-23,sup1,cat11,Салями,22.01
2025-06-23,sup3,cat3,Молоко (1л.),2.60
2025-06-23,sup6,cat10,Булочка с маком (1шт.),2.98
2025-06-23,sup9,cat1,Апельсин,10.46
2025-06-23,sup5,cat12,Квас светлый (1л.),2.65
2025-06-23,sup6,cat10,Батон нарезной (240г.),1.22
2025-06-24,sup3,cat3,Сметана (180г.),3.88
2025-06-24,sup8,cat1,Груша,10.64
2025-06-24,sup1,cat11,Сосиски молочные,11.65
2025-06-24,sup6,cat10,Лаваш (300г.),2.89
2025-06-24,sup5,cat8,Кофе мол. (250г.),39.98
2025-06-24,sup3,cat3,Масло сливочное (360г.),9.49
2025-06-24,sup1,cat6,Колбаски,38.59
2025-06-24,sup9,cat2,Томат,21.83
2025-06-24,sup2,cat4,Яйцо куриное С1 (15шт.),6.44
2025-06-24,sup2,cat4,Яйцо куриное Д1 (10шт.),4.98
2025-06-24,sup3,cat3,Сметана (180г.),1.94
2025-06-24,sup4,cat7,Форель (200г.),18.25
2025-06-24,sup5,cat12,Вода негаз. (0.5л.),1.98
2025-06-24,sup3,cat3,Масло сливочное (180г.),4.59
2025-06-24,sup5,cat12,Квас светлый (1л.),2.65
2025-06-24,sup1,cat11,Салями,21.44
2025-06-24,sup5,cat9,Шоколад молочный (90г.),17.97
2025-06-24,sup9,cat1,Апельсин,14.34
2025-06-24,sup5,cat8,Крупа гречневая (700г.),2.07
2025-06-24,sup3,cat3,Сметана (380г.),3.71
2025-06-24,sup7,cat10,Батон нарезной (240г.),1.22
2025-06-24,sup5,cat12,Квас светлый (1л.),2.65
2025-06-24,sup2,cat4,Яйцо куриное С1 (10шт.),3.81
2025-06-24,sup5,cat12,Вода негаз. (0.5л.),0.99
2025-06-24,sup9,cat1,Апельсин,23.48
2025-06-24,sup2,cat4,Яйцо куриное С1 (15шт.),6.44
2025-06-24,sup4,cat7,Кальмар,26.04
2025-06-24,sup4,cat7,Форель (200г.),36.50
2025-06-24,sup5,cat8,Сахар (1кг.),2.19
2025-06-24,sup6,cat10,Батон нарезной (240г.),1.22
2025-06-24,sup6,cat10,Батон нарезной (240г.),1.22
2025-06-24,sup1,cat11,Сосиски молочные,5.13
2025-06-24,sup8,cat2,Томат,8.18
2025-06-24,sup5,cat8,Макароны (900г.),2.98
2025-06-24,sup9,cat1,Банан,6.43
2025-06-24,sup5,cat8,Масло подсолнечное (0.8л.),4.04
2025-06-24,sup5,cat9,Печенье овсяное (400г.),8.66
2025-06-24,sup2,cat4,Яйцо куриное С1 (15шт.),6.44
2025-06-24,sup1,cat11,Колбаса вареная (400г.),4.98
2025-06-24,sup5,cat12,Квас светлый (1л.),2.65
2025-06-24,sup9,cat1,Банан,13.81
2025-06-24,sup5,cat9,Конфеты шоколадные,27.23
2025-06-24,sup3,cat3,Кефир (1л.),2.27
2025-06-24,sup1,cat5,Говядина,33.13
2025-06-24,sup1,cat11,Сосиски молочные,9.49
2025-06-24,sup5,cat8,Крупа манная (1кг.),2.02
2025-06-24,sup6,cat10,Булочка с маком (1шт.),2.98
2025-06-24,sup5,cat8,Масло распсовое (0.8л.),9.98
2025-06-24,sup5,cat8,Крупа гречневая (700г.),2.07
2025-06-24,sup3,cat3,Кефир (1л.),2.27
2025-06-24,sup8,cat2,Огурец,6.52
2025-06-25,sup5,cat8,Мука (1кг.),1.64
2025-06-25,sup3,cat3,Творог (200г.),2.44
2025-06-25,sup3,cat3,Сметана (380г.),3.71
2025-06-25,sup7,cat10,Багет (200г.),2.49
2025-06-25,sup6,cat10,Хлеб светлый (400г.),1.20
2025-06-25,sup4,cat7,Сельдь (250г.),5.99
2025-06-25,sup2,cat5,Окорочка куриные,13.12
2025-06-25,sup3,cat3,Кефир (1л.),2.27
2025-06-25,sup5,cat8,Крупа манная (1кг.),2.02
2025-06-25,sup1,cat6,Голубцы,10.91
2025-06-25,sup2,cat4,Яйцо куриное С1 (10шт.),7.62
2025-06-25,sup2,cat4,Яйцо куриное С1 (15шт.),6.44
2025-06-25,sup3,cat3,Масло сливочное (360г.),9.49
2025-06-25,sup2,cat5,Филе куриное,4.79
2025-06-25,sup5,cat12,Лимонад (2л.),5.35
2025-06-25,sup5,cat12,Лимонад (2л.),5.35
2025-06-25,sup1,cat6,Фарш,34.59
2025-06-25,sup6,cat10,Сушки (500г.),3.99
2025-06-25,sup4,cat7,Паста рыбная (150г.),2.95
2025-06-25,sup2,cat4,Яйцо куриное С1 (15шт.),6.44
2025-06-25,sup10,cat1,Яблоко,8.33
2025-06-25,sup2,cat11,Колбаса вареная (400г.),4.98
2025-06-25,sup5,cat9,Печенье овсяное (400г.),4.33
2025-06-25,sup1,cat11,Сосиски молочные,10.93
2025-06-25,sup5,cat12,Квас светлый (1л.),2.65
2025-06-25,sup12,cat12,Вода негаз. (0.5л.),1.98
2025-06-25,sup8,cat2,Томат,20.49
2025-06-25,sup2,cat4,Яйцо куриное С1 (10шт.),7.62
2025-06-25,sup9,cat2,Томат,8.57
2025-06-25,sup12,cat12,Вода негаз. (0.5л.),0.99
2025-06-25,sup8,cat2,Огурец,5.61
2025-06-25,sup5,cat8,Макароны (900г.),2.98
2025-06-25,sup1,cat11,Колбаса вареная (400г.),4.98
2025-06-25,sup5,cat12,Вода негаз. (0.5л.),0.99
2025-06-25,sup6,cat10,Хлеб светлый (400г.),1.20
2025-06-25,sup10,cat12,Сок яблочный (1л.),5.17
2025-06-25,sup5,cat9,Конфеты шоколадные,22.07
2025-06-25,sup5,cat12,Вода негаз. (0.5л.),0.99
2025-06-25,sup10,cat1,Яблоко,11.72
2025-06-25,sup10,cat2,Морковь,2.52
2025-06-25,sup4,cat7,Минтай,1.24
2025-06-25,sup5,cat12,Лимонад (2л.),10.70
2025-06-25,sup6,cat10,Хлеб светлый (400г.),1.20
2025-06-25,sup7,cat10,Хлеб светлый (400г.),1.20
2025-06-25,sup3,cat3,Масло сливочное (180г.),4.59
2025-06-25,sup2,cat5,Окорочка куриные,7.40
2025-06-25,sup3,cat3,Кефир (1л.),2.27
2025-06-25,sup2,cat4,Яйцо куриное С1 (15шт.),6.44
2025-06-25,sup2,cat5,Окорочка куриные,10.36
2025-06-25,sup8,cat2,Томат,7.79
2025-06-25,sup7,cat10,Багет (200г.),2.49
2025-06-25,sup2,cat4,Яйцо куриное С1 (10шт.),3.81
2025-06-26,sup1,cat11,Ветчина,16.90
2025-06-26,sup5,cat8,Макароны (900г.),1.49
2025-06-26,sup3,cat3,Кефир (1л.),2.27
2025-06-26,sup5,cat8,Макароны (900г.),1.49
2025-06-26,sup5,cat8,Пшено (900г.),2.35
2025-06-26,sup9,cat2,Томат,22.53
2025-06-26,sup9,cat1,Апельсин,24.64
2025-06-26,sup8,cat2,Томат,19.89
2025-06-26,sup2,cat4,Яйцо перепелиное (10шт.),2.95
2025-06-26,sup2,cat4,Яйцо куриное С1 (15шт.),6.44
2025-06-26,sup2,cat6,Шашлык,49.34
2025-06-26,sup2,cat6,Шашлык,50.96
2025-06-26,sup1,cat6,Фарш,45.42
2025-06-26,sup9,cat2,Огурец,1.30
2025-06-26,sup5,cat9,Карамель,6.75
2025-06-26,sup3,cat3,Творог (200г.),7.32
2025-06-26,sup10,cat1,Груша,13.99
2025-06-26,sup2,cat4,Яйцо куриное Д1 (10шт.),4.98
2025-06-26,sup2,cat4,Яйцо куриное С1 (15шт.),6.44
2025-06-26,sup2,cat4,Яйцо куриное Д1 (10шт.),4.98
2025-06-26,sup6,cat10,Батон нарезной (240г.),1.22
2025-06-26,sup3,cat3,Сыр российский,15.09
2025-06-26,sup2,cat11,Колбаса вареная (400г.),4.98
2025-06-26,sup7,cat10,Хлеб светлый (400г.),1.20
2025-06-26,sup4,cat7,Кальмар,41.42
2025-06-26,sup2,cat4,Яйцо перепелиное (10шт.),2.95
2025-06-26,sup3,cat3,Творог (200г.),2.44
2025-06-26,sup6,cat10,Батон нарезной (240г.),2.44
2025-06-26,sup5,cat12,Лимонад (2л.),5.35
2025-06-26,sup9,cat2,Томат,19.78
2025-06-26,sup2,cat4,Яйцо куриное С1 (15шт.),6.44
2025-06-26,sup10,cat2,Морковь,2.66
2025-06-26,sup3,cat3,Сыр сливочный (200г.),5.41
2025-06-26,sup7,cat10,Батон нарезной (240г.),2.44
2025-06-26,sup5,cat8,Крупа перловая (1кг.),1.44
2025-06-26,sup5,cat8,Рис (900г.),3.49
2025-06-26,sup3,cat3,Творог (200г.),4.88
2025-06-26,sup5,cat12,Вода негаз. (0.5л.),0.99
2025-06-26,sup3,cat3,Молоко (1л.),2.60
2025-06-26,sup5,cat8,Спагетти (400г.),1.76
2025-06-26,sup3,cat3,Творог (200г.),4.88
2025-06-26,sup4,cat7,Сельдь (250г.),11.98
2025-06-26,sup6,cat10,Батон нарезной (240г.),1.22
2025-06-26,sup8,cat1,Яблоко,3.88
2025-06-26,sup9,cat2,Томат,4.20
2025-06-26,sup12,cat12,Coca-Cola (1л.),3.07
2025-06-26,sup2,cat11,Сосиски молочные,10.49
2025-06-26,sup3,cat3,Молоко (1л.),2.60
2025-06-26,sup5,cat8,Масло подсолнечное (0.8л.),6.06
2025-06-26,sup5,cat8,Рис (900г.),3.49
2025-06-26,sup3,cat3,Творог (200г.),4.88
2025-06-26,sup5,cat12,Вода негаз. (0.5л.),1.98
2025-06-27,sup3,cat3,Молоко (1л.),2.60
2025-06-27,sup5,cat12,Вода негаз. (0.5л.),0.99
2025-06-27,sup7,cat10,Хлеб светлый (400г.),1.20
2025-06-27,sup8,cat2,Морковь,2.23
2025-06-27,sup5,cat9,Шоколад молочный (90г.),11.98
2025-06-27,sup5,cat8,Сахар (1кг.),0.73
2025-06-27,sup5,cat9,Шоколад молочный (90г.),5.99
2025-06-27,sup3,cat3,Молоко (1л.),2.60
2025-06-27,sup7,cat10,Батон нарезной (240г.),1.22
2025-06-27,sup3,cat3,Молоко (1л.),5.20
2025-06-27,sup5,cat8,Спагетти (400г.),3.52
2025-06-27,sup8,cat2,Огурец,4.34
2025-06-27,sup6,cat10,Батон нарезной (240г.),1.22
2025-06-27,sup1,cat5,Свинина,27.32
2025-06-27,sup12,cat12,Вода негаз. (0.5л.),0.99
2025-06-27,sup7,cat10,Батон нарезной (240г.),1.22
2025-06-27,sup5,cat9,Конфеты шоколадные,10.27
2025-06-27,sup1,cat11,Колбаса вареная (400г.),4.98
2025-06-27,sup5,cat8,Спагетти (400г.),1.76
2025-06-27,sup4,cat7,Минтай,1.79
2025-06-27,sup2,cat4,Яйцо куриное С1 (10шт.),3.81
2025-06-27,sup5,cat8,Рис (900г.),6.98
2025-06-27,sup5,cat8,Спагетти (400г.),1.76
2025-06-27,sup3,cat3,Кефир (1л.),4.54
2025-06-27,sup6,cat10,Батон нарезной (240г.),2.44
2025-06-27,sup8,cat2,Томат,16.74
2025-06-27,sup5,cat9,Зефир (230г.),8.79
2025-06-27,sup2,cat4,Яйцо перепелиное (20шт.),4.65
2025-06-27,sup4,cat7,Сельдь (250г.),5.99
2025-06-27,sup6,cat10,Булочка с маком (1шт.),1.49
2025-06-27,sup6,cat10,Батон нарезной (240г.),1.22
2025-06-27,sup1,cat11,Сосиски молочные,4.97
2025-06-27,sup9,cat1,Банан,9.73
2025-06-27,sup5,cat8,Макароны (900г.),1.49
2025-06-27,sup5,cat12,Вода негаз. (0.5л.),0.99
2025-06-27,sup12,cat12,Coca-Cola (1л.),6.14
2025-06-27,sup6,cat10,Плетенка (450г.),4.04
2025-06-27,sup4,cat7,Форель (200г.),18.25
2025-06-27,sup4,cat7,Кальмар,30.70
2025-06-27,sup3,cat3,Молоко (1л.),2.60
2025-06-27,sup5,cat12,Вода негаз. (0.5л.),0.99
2025-06-27,sup3,cat3,Молоко (1.5л.),3.86
2025-06-27,sup12,cat12,Coca-Cola (1л.),3.07
2025-06-27,sup1,cat11,Сосиски молочные,10.16
2025-06-27,sup5,cat9,Вафли (143г.),5.52
2025-06-27,sup1,cat6,Шашлык,47.77
2025-06-27,sup6,cat10,Булочка с маком (1шт.),1.49
2025-06-27,sup3,cat3,Кефир (1л.),2.27
2025-06-27,sup4,cat7,Минтай,1.60
2025-06-27,sup9,cat1,Апельсин,8.30
2025-06-27,sup5,cat8,Макароны (900г.),1.49
2025-06-27,sup9,cat2,Огурец,5.53
2025-06-27,sup4,cat7,Хек,4.38
2025-06-27,sup3,cat3,Молоко (1л.),2.60
2025-06-27,sup1,cat6,Котлеты,19.85
2025-06-27,sup8,cat2,Морковь,1.56
2025-06-27,sup5,cat12,Вода негаз. (0.5л.),1.98
2025-06-27,sup12,cat12,Coca-Cola (1л.),3.07
2025-06-27,sup6,cat10,Хлеб светлый (400г.),1.20
2025-06-27,sup6,cat10,Булочка с маком (1шт.),2.98
2025-06-27,sup5,cat12,Квас светлый (1л.),2.65
2025-06-27,sup12,cat12,Coca-Cola (1л.),3.07
2025-06-27,sup5,cat9,Печенье овсяное (400г.),4.33
2025-06-27,sup1,cat6,Фарш,45.85
2025-06-27,sup1,cat5,Свинина,20.98
2025-06-27,sup5,cat8,Крупа гречневая (700г.),2.07
2025-06-28,sup2,cat5,Филе куриное,11.25
2025-06-28,sup2,cat11,Сосиски молочные,11.80
2025-06-28,sup3,cat3,Молоко (1л.),2.60
2025-06-28,sup3,cat3,Творог (200г.),2.44
2025-06-28,sup7,cat10,Батон нарезной (240г.),1.22
2025-06-28,sup12,cat12,Вода негаз. (0.5л.),0.99
2025-06-28,sup12,cat12,Вода негаз. (0.5л.),0.99
2025-06-28,sup5,cat8,Крупа манная (1кг.),2.02
2025-06-28,sup5,cat8,Сахар (1кг.),1.46
2025-06-28,sup1,cat5,Свинина,41.30
2025-06-28,sup1,cat11,Сервелат (400г.),17.02
2025-06-28,sup4,cat7,Скумбрия,5.36
2025-06-28,sup2,cat4,Яйцо куриное С1 (15шт.),6.44
2025-06-28,sup5,cat8,Крупа манная (1кг.),2.02
2025-06-28,sup3,cat3,Молоко (1л.),2.60
2025-06-28,sup6,cat10,Батон нарезной (240г.),1.22
2025-06-28,sup6,cat10,Булочка с маком (1шт.),1.49
2025-06-28,sup2,cat6,Фарш,23.64
2025-06-28,sup1,cat11,Сосиски молочные,9.46
2025-06-28,sup4,cat7,Паста рыбная (150г.),2.95
2025-06-28,sup8,cat1,Яблоко,8.84
2025-06-28,sup5,cat8,Кофе мол. (250г.),19.99
2025-06-28,sup1,cat6,Фарш,24.99
2025-06-28,sup1,cat11,Сосиски молочные,4.96
2025-06-28,sup2,cat4,Яйцо куриное С1 (10шт.),3.81
2025-06-28,sup5,cat12,Сок апельсиновый (1л.),7.20
2025-06-28,sup3,cat3,Молоко (1л.),2.60
2025-06-28,sup4,cat7,Сельдь (250г.),11.98
2025-06-28,sup3,cat3,Сыр российский,4.63
2025-06-28,sup3,cat3,Молоко (1л.),2.60
2025-06-28,sup9,cat1,Апельсин,2.36
2025-06-28,sup2,cat4,Яйцо перепелиное (20шт.),4.65
2025-06-28,sup5,cat12,Вода негаз. (0.5л.),1.98
2025-06-28,sup2,cat5,Окорочка куриные,10.99
2025-06-28,sup3,cat3,Кефир (1л.),2.27
2025-06-28,sup9,cat1,Груша,9.02
2025-06-28,sup6,cat10,Булочка с маком (1шт.),1.49
2025-06-28,sup3,cat3,Молоко (1л.),2.60
2025-06-28,sup6,cat10,Батон нарезной (240г.),1.22
2025-06-28,sup3,cat3,Сыр российский,21.92
2025-06-28,sup6,cat10,Батон нарезной (240г.),1.22
2025-06-28,sup7,cat10,Батон нарезной (240г.),1.22
2025-06-28,sup5,cat9,Конфеты шоколадные,18.26
2025-06-28,sup2,cat5,Окорочка куриные,2.91
2025-06-28,sup1,cat11,Бекон (220г),9.99
2025-06-28,sup3,cat3,Сметана (380г.),3.71
2025-06-28,sup1,cat6,Шашлык,54.44
2025-06-28,sup6,cat10,Хлеб светлый (400г.),1.20
2025-06-28,sup5,cat12,Вода негаз. (0.5л.),0.99
2025-06-28,sup3,cat3,Сыр российский,16.74
2025-06-28,sup6,cat10,Батон нарезной (240г.),2.44
2025-06-28,sup7,cat10,Батон нарезной (240г.),1.22
2025-06-28,sup3,cat3,Кефир (1л.),2.27
2025-06-28,sup1,cat5,Говядина,11.72
2025-06-28,sup6,cat10,Хлеб ржаной (450г.),1.50
2025-06-28,sup5,cat12,Сок апельсиновый (1л.),7.20
2025-06-28,sup5,cat8,Макароны (900г.),2.98
2025-06-28,sup2,cat5,Окорочка куриные,3.56
2025-06-28,sup6,cat10,Батон нарезной (240г.),2.44
2025-06-28,sup1,cat5,Говядина,14.52
2025-06-28,sup3,cat3,Молоко (1л.),2.60
2025-06-28,sup4,cat7,Сельдь (250г.),5.99
2025-06-28,sup2,cat4,Яйцо куриное С1 (15шт.),6.44
2025-06-28,sup3,cat3,Сыр сливочный (200г.),5.41
2025-06-28,sup1,cat5,Говядина,8.55
2025-06-28,sup10,cat12,Сок яблочный (1л.),10.34
2025-06-28,sup1,cat11,Сосиски молочные,8.84
2025-06-29,sup1,cat11,Сосиски молочные,10.59
2025-06-29,sup4,cat7,Минтай,1.42
2025-06-29,sup8,cat2,Морковь,1.16
2025-06-29,sup5,cat8,Спагетти (400г.),1.76
2025-06-29,sup10,cat2,Морковь,0.95
2025-06-29,sup6,cat10,Батон нарезной (240г.),1.22
2025-06-29,sup10,cat1,Яблоко,6.87
2025-06-29,sup3,cat3,Сыр голландский (200г.),5.02
2025-06-29,sup5,cat8,Кофе мол. (250г.),59.97
2025-06-29,sup2,cat4,Яйцо куриное С1 (10шт.),3.81
2025-06-29,sup5,cat12,Вода негаз. (0.5л.),0.99
2025-06-29,sup5,cat8,Масло подсолнечное (0.8л.),4.04
2025-06-29,sup3,cat3,Сметана (180г.),3.88
2025-06-29,sup5,cat8,Рис (900г.),3.49
2025-06-29,sup2,cat6,Фарш,30.46
2025-06-29,sup5,cat8,Мука (2кг.),2.60
2025-06-29,sup6,cat10,Хлеб светлый (400г.),1.20
2025-06-29,sup5,cat9,Шоколад молочный (90г.),11.98
2025-06-29,sup12,cat12,Coca-Cola (1л.),3.07
2025-06-29,sup3,cat3,Сметана (180г.),3.88
2025-06-29,sup5,cat8,Кофе раств. (95г.),14.99
2025-06-29,sup2,cat4,Яйцо куриное С1 (10шт.),7.62
2025-06-29,sup8,cat2,Огурец,3.94
2025-06-29,sup8,cat2,Капуста,4.38
2025-06-29,sup5,cat8,Соль (1кг.),0.73
2025-06-29,sup10,cat1,Яблоко,19.63
2025-06-29,sup5,cat9,Конфеты шоколадные,32.76
2025-06-29,sup6,cat10,Сушки (500г.),3.99
2025-06-29,sup5,cat12,Сок апельсиновый (1л.),7.20
2025-06-29,sup2,cat11,Сосиски молочные,8.99
2025-06-29,sup10,cat12,Сок яблочный (1л.),5.17
2025-06-29,sup1,cat5,Говядина,11.52
2025-06-29,sup8,cat1,Яблоко,18.70
2025-06-29,sup5,cat12,Сок апельсиновый (1л.),7.20
2025-06-29,sup6,cat10,Батон нарезной (240г.),1.22
2025-06-29,sup3,cat3,Кефир (1л.),2.27
2025-06-29,sup10,cat12,Сок яблочный (1л.),5.17
2025-06-29,sup5,cat9,Печенье овсяное (400г.),4.33
2025-06-29,sup1,cat11,Колбаса вареная (400г.),4.98
2025-06-29,sup1,cat6,Шашлык,24.86
2025-06-29,sup5,cat12,Сок апельсиновый (1л.),7.20
2025-06-29,sup6,cat10,Сушки (500г.),3.99
2025-06-29,sup2,cat6,Голубцы,24.78
2025-06-29,sup6,cat10,Сушки (500г.),3.99
2025-06-29,sup5,cat8,Сахар (1кг.),0.73
2025-06-29,sup1,cat6,Голубцы,29.04
2025-06-29,sup1,cat11,Колбаса вареная (400г.),4.98
2025-06-29,sup1,cat11,Сосиски молочные,6.18
2025-06-29,sup9,cat1,Банан,5.29
2025-06-29,sup6,cat10,Сушки (500г.),3.99
2025-06-29,sup9,cat2,Томат,12.89
2025-06-29,sup8,cat2,Томат,23.88
2025-06-29,sup5,cat9,Печенье овсяное (400г.),4.33
2025-06-29,sup6,cat10,Батон нарезной (240г.),1.22
2025-06-29,sup5,cat8,Чай пак. (25шт.),3.80
2025-06-29,sup2,cat11,Сосиски молочные,10.95
2025-06-29,sup5,cat8,Макароны (900г.),1.49
2025-06-29,sup9,cat1,Апельсин,23.33
2025-06-29,sup3,cat3,Сметана (180г.),3.88
2025-06-30,sup2,cat5,Окорочка куриные,12.87
2025-06-30,sup5,cat12,Вода негаз. (0.5л.),0.99
2025-06-30,sup6,cat10,Хлеб светлый (400г.),1.20
2025-06-30,sup2,cat5,Окорочка куриные,7.72
2025-06-30,sup9,cat2,Огурец,1.06
2025-06-30,sup2,cat4,Яйцо куриное Д1 (10шт.),4.98
2025-06-30,sup2,cat11,Сосиски молочные,6.85
2025-06-30,sup3,cat3,Кефир (1л.),2.27
2025-06-30,sup5,cat12,Вода негаз. (0.5л.),0.99
2025-06-30,sup2,cat11,Колбаса вареная (400г.),4.98
2025-06-30,sup8,cat2,Огурец,4.94
2025-06-30,sup3,cat3,Молоко (1л.),2.60
2025-06-30,sup9,cat1,Апельсин,12.26
2025-06-30,sup12,cat12,Вода негаз. (0.5л.),0.99
2025-06-30,sup5,cat8,Сахар (1кг.),0.73
2025-06-30,sup1,cat11,Сосиски молочные,4.05
2025-06-30,sup5,cat8,Рис (900г.),3.49
2025-06-30,sup5,cat8,Рис (900г.),3.49
2025-06-30,sup1,cat6,Котлеты,9.64
2025-06-30,sup3,cat3,Творог (200г.),2.44
2025-06-30,sup2,cat11,Ветчина,8.26
2025-06-30,sup1,cat11,Колбаски охотничьи (500г.),18.40
2025-06-30,sup1,cat6,Фарш,17.69
2025-06-30,sup3,cat3,Сметана (380г.),3.71
2025-06-30,sup4,cat7,Сельдь (250г.),5.99
2025-06-30,sup3,cat3,Кефир (1л.),2.27
2025-06-30,sup3,cat3,Сметана (380г.),3.71
2025-06-30,sup4,cat7,Скумбрия,14.02
2025-06-30,sup5,cat8,Спагетти (400г.),1.76
2025-06-30,sup1,cat5,Говядина,17.28
2025-06-30,sup8,cat2,Свекла,1.73
2025-06-30,sup3,cat3,Масло сливочное (180г.),9.18
2025-06-30,sup5,cat9,Печенье овсяное (400г.),4.33
2025-06-30,sup8,cat2,Томат,1.58
2025-06-30,sup4,cat7,Форель (200г.),18.25
2025-06-30,sup12,cat12,Coca-Cola (1л.),3.07
2025-06-30,sup3,cat3,Кефир (1л.),2.27
2025-06-30,sup5,cat12,Вода негаз. (0.5л.),1.98
2025-06-30,sup2,cat11,Колбаса вареная (400г.),4.98
2025-06-30,sup4,cat7,Паста рыбная (150г.),2.95
2025-06-30,sup12,cat12,Вода негаз. (0.5л.),0.99
2025-06-30,sup2,cat5,Окорочка куриные,9.61
2025-06-30,sup4,cat7,Креветки,30.39
2025-06-30,sup6,cat10,Булочка с маком (1шт.),2.98
2025-06-30,sup5,cat9,Вафли (143г.),2.76
2025-06-30,sup1,cat5,Свинина,18.98
2025-06-30,sup5,cat8,Рис (900г.),3.49
2025-06-30,sup8,cat2,Свекла,0.18
2025-06-30,sup9,cat1,Яблоко,12.92
2025-06-30,sup8,cat1,Груша,2.71
2025-06-30,sup2,cat4,Яйцо куриное Д1 (10шт.),4.98
2025-06-30,sup6,cat10,Булочка с маком (1шт.),2.98
2025-06-30,sup2,cat4,Яйцо куриное С1 (10шт.),3.81
2025-07-01,sup9,cat1,Арбуз,4.58
2025-07-01,sup2,cat5,Окорочка куриные,10.24
2025-07-01,sup5,cat8,Масло подсолнечное (0.8л.),4.04
2025-07-01,sup3,cat3,Сыр сливочный (200г.),5.41
2025-07-01,sup3,cat3,Кефир (1л.),2.27
2025-07-01,sup1,cat11,Колбаски охотничьи (500г.),18.40
2025-07-01,sup1,cat5,Свинина,14.67
2025-07-01,sup2,cat6,Печень куриная (550г.),5.50
2025-07-01,sup3,cat3,Творог (200г.),2.44
2025-07-01,sup8,cat2,Огурец,2.89
2025-07-01,sup5,cat9,Конфеты шоколадные,13.55
2025-07-01,sup12,cat12,Coca-Cola (1л.),3.07
2025-07-01,sup5,cat8,Крупа гречневая (700г.),2.07
2025-07-01,sup2,cat4,Яйцо куриное С1 (15шт.),6.44
2025-07-01,sup1,cat5,Говядина,24.41
2025-07-01,sup9,cat2,Томат,2.21
2025-07-01,sup4,cat7,Сельдь (250г.),5.99
2025-07-01,sup2,cat6,Котлеты,14.67
2025-07-01,sup6,cat10,Хлеб светлый (400г.),1.20
2025-07-01,sup1,cat11,Сосиски молочные,10.50
2025-07-01,sup5,cat9,Конфеты шоколадные,23.50
2025-07-01,sup6,cat10,Булочка с маком (1шт.),1.49
2025-07-01,sup1,cat11,Сервелат (400г.),8.51
2025-07-01,sup10,cat1,Груша,3.72
2025-07-01,sup1,cat11,Ветчина,7.84
2025-07-01,sup5,cat9,Шоколад молочный (90г.),5.99
2025-07-01,sup10,cat1,Яблоко,18.82
2025-07-01,sup1,cat11,Колбаса вареная (400г.),4.98
2025-07-01,sup6,cat10,Булочка с маком (1шт.),1.49
2025-07-01,sup10,cat1,Груша,11.34
2025-07-01,sup3,cat3,Сметана (380г.),3.71
2025-07-01,sup5,cat8,Масло подсолнечное (0.8л.),2.02
2025-07-01,sup2,cat6,Голубцы,31.21
2025-07-01,sup2,cat4,Яйцо куриное С1 (10шт.),7.62
2025-07-01,sup1,cat5,Говядина,33.23
2025-07-01,sup6,cat10,Батон нарезной (240г.),1.22
2025-07-01,sup3,cat3,Молоко (1л.),2.60
2025-07-01,sup6,cat10,Плетенка (450г.),4.04
2025-07-01,sup9,cat1,Апельсин,16.22
2025-07-01,sup8,cat2,Томат,16.65
2025-07-01,sup3,cat3,Масло сливочное (360г.),9.49
2025-07-01,sup3,cat3,Кефир (1л.),2.27
2025-07-01,sup5,cat12,Вода негаз. (0.5л.),0.99
2025-07-01,sup5,cat8,Кофе раств. (95г.),14.99
2025-07-01,sup5,cat9,Зефир (230г.),8.79
2025-07-01,sup4,cat7,Икра лососевая (140г.),32.99
2025-07-01,sup5,cat8,Масло подсолнечное (0.8л.),2.02
2025-07-01,sup3,cat3,Сметана (180г.),1.94
2025-07-01,sup1,cat5,Свинина,44.31
2025-07-02,sup1,cat11,Сосиски молочные,10.13
2025-07-02,sup6,cat10,Булочка с маком (1шт.),2.98
2025-07-02,sup2,cat4,Яйцо куриное С1 (15шт.),6.44
2025-07-02,sup5,cat8,Соль (1кг.),0.73
2025-07-02,sup6,cat10,Плетенка (450г.),4.04
2025-07-02,sup4,cat7,Форель (200г.),36.50
2025-07-02,sup7,cat10,Батон нарезной (240г.),1.22
2025-07-02,sup6,cat10,Батон нарезной (240г.),1.22
2025-07-02,sup9,cat1,Арбуз,2.59
2025-07-02,sup9,cat2,Огурец,6.77
2025-07-02,sup2,cat6,Фарш,33.37
2025-07-02,sup5,cat9,Печенье овсяное (400г.),4.33
2025-07-02,sup1,cat6,Фарш,13.83
2025-07-02,sup9,cat2,Томат,20.72
2025-07-02,sup5,cat12,Сок апельсиновый (1л.),7.20
2025-07-02,sup5,cat9,Зефир (230г.),8.79
2025-07-02,sup1,cat6,Фарш,33.13
2025-07-02,sup6,cat10,Батон нарезной (240г.),1.22
2025-07-02,sup1,cat11,Сервелат (400г.),8.51
2025-07-02,sup1,cat11,Салями,20.57
2025-07-02,sup5,cat9,Вафли (143г.),2.76
2025-07-02,sup9,cat2,Томат,15.76
2025-07-02,sup12,cat12,Вода негаз. (0.5л.),0.99
2025-07-02,sup12,cat12,Coca-Cola (1л.),6.14
2025-07-02,sup4,cat7,Форель (200г.),18.25
2025-07-02,sup3,cat3,Кефир (1л.),2.27
2025-07-02,sup3,cat3,Кефир (1л.),2.27
2025-07-02,sup10,cat2,Картофель,5.81
2025-07-02,sup1,cat11,Сосиски молочные,10.30
2025-07-02,sup5,cat12,Вода негаз. (0.5л.),0.99
2025-07-02,sup2,cat5,Окорочка куриные,8.30
2025-07-02,sup4,cat7,Креветки,26.71
2025-07-02,sup9,cat1,Банан,7.74
2025-07-02,sup5,cat12,Вода негаз. (0.5л.),0.99
2025-07-02,sup9,cat1,Банан,12.94
2025-07-02,sup3,cat3,Кефир (1л.),2.27
2025-07-02,sup1,cat6,Голубцы,11.44
2025-07-02,sup6,cat10,Лаваш (300г.),2.89
2025-07-02,sup10,cat2,Морковь,0.48
2025-07-02,sup9,cat1,Банан,11.84
2025-07-02,sup6,cat10,Хлеб ржаной (450г.),1.50
2025-07-02,sup3,cat3,Молоко (1л.),2.60
2025-07-02,sup5,cat8,Крупа гречневая (700г.),2.07
2025-07-02,sup5,cat8,Масло подсолнечное (0.8л.),2.02
2025-07-02,sup5,cat12,Вода негаз. (0.5л.),0.99
2025-07-02,sup10,cat12,Сок яблочный (1л.),10.34
2025-07-02,sup3,cat3,Сметана (180г.),1.94
2025-07-02,sup3,cat3,Сметана (180г.),1.94
2025-07-03,sup10,cat2,Картофель,4.04
2025-07-03,sup3,cat3,Молоко (1л.),2.60
2025-07-03,sup5,cat12,Квас светлый (1л.),2.65
2025-07-03,sup9,cat1,Банан,2.97
2025-07-03,sup10,cat12,Сок яблочный (1л.),5.17
2025-07-03,sup1,cat5,Говядина,36.37
2025-07-03,sup10,cat1,Груша,9.60
2025-07-03,sup4,cat7,Минтай,1.50
2025-07-03,sup3,cat3,Сыр сливочный (200г.),5.41
2025-07-03,sup3,cat3,Масло сливочное (180г.),4.59
2025-07-03,sup2,cat11,Сосиски молочные,12.45
2025-07-03,sup3,cat3,Сыр российский,2.94
2025-07-03,sup2,cat11,Сосиски молочные,4.53
2025-07-03,sup3,cat3,Кефир (1л.),2.27
2025-07-03,sup2,cat4,Яйцо куриное С1 (15шт.),6.44
2025-07-03,sup5,cat9,Шоколад молочный (90г.),5.99
2025-07-03,sup6,cat10,Лаваш (300г.),2.89
2025-07-03,sup5,cat9,Конфеты шоколадные,20.23
2025-07-03,sup9,cat1,Яблоко,10.03
2025-07-03,sup3,cat3,Молоко (1л.),2.60
2025-07-03,sup5,cat12,Квас светлый (1л.),2.65
2025-07-03,sup8,cat2,Томат,12.76
2025-07-03,sup8,cat2,Томат,10.70
2025-07-03,sup2,cat6,Печень куриная (550г.),5.50
2025-07-03,sup2,cat4,Яйцо куриное С1 (15шт.),6.44
2025-07-03,sup6,cat10,Хлеб светлый (400г.),1.20
2025-07-03,sup6,cat10,Лаваш (300г.),2.89
2025-07-03,sup5,cat9,Карамель,5.64
2025-07-03,sup5,cat8,Соль (1кг.),0.73
2025-07-03,sup6,cat10,Булочка с маком (1шт.),1.49
2025-07-03,sup1,cat6,Котлеты,7.27
2025-07-03,sup6,cat10,Хлеб ржаной (450г.),1.50
2025-07-03,sup1,cat6,Котлеты,23.06
2025-07-03,sup5,cat8,Чай пак. (25шт.),3.80
2025-07-03,sup12,cat12,Coca-Cola (1л.),3.07
2025-07-03,sup3,cat3,Молоко (1.5л.),3.86
2025-07-03,sup2,cat4,Яйцо куриное С1 (15шт.),6.44
2025-07-03,sup1,cat11,Сосиски молочные,11.02
2025-07-03,sup5,cat12,Вода негаз. (0.5л.),0.99
2025-07-03,sup5,cat8,Крупа гречневая (700г.),2.07
2025-07-03,sup1,cat11,Колбаса вареная (400г.),4.98
2025-07-03,sup8,cat2,Томат,22.20
2025-07-03,sup5,cat8,Крупа манная (1кг.),2.02
2025-07-03,sup9,cat1,Банан,14.28
2025-07-03,sup5,cat9,Конфеты шоколадные,17.80
2025-07-03,sup1,cat6,Фарш,11.61
2025-07-03,sup9,cat2,Огурец,3.08
2025-07-03,sup6,cat10,Багет (200г.),2.49
2025-07-03,sup3,cat3,Молоко (1л.),2.60
2025-07-03,sup6,cat10,Хлеб светлый (400г.),1.20
2025-07-04,sup6,cat10,Плетенка (450г.),4.04
2025-07-04,sup3,cat3,Творог (200г.),2.44
2025-07-04,sup4,cat7,Минтай,0.92
2025-07-04,sup1,cat11,Сосиски молочные,9.98
2025-07-04,sup9,cat1,Апельсин,21.64
2025-07-04,sup3,cat3,Масло сливочное (360г.),9.49
2025-07-04,sup9,cat1,Апельсин,4.21
2025-07-04,sup7,cat10,Батон нарезной (240г.),1.22
2025-07-04,sup1,cat6,Фарш,46.45
2025-07-04,sup9,cat1,Груша,11.04
2025-07-04,sup5,cat9,Карамель,8.04
2025-07-04,sup6,cat10,Багет (200г.),2.49
2025-07-04,sup1,cat11,Сервелат (400г.),8.51
2025-07-04,sup3,cat3,Творог (200г.),2.44
2025-07-04,sup9,cat2,Огурец,3.54
2025-07-04,sup3,cat3,Молоко (1.5л.),7.72
2025-07-04,sup5,cat9,Конфеты шоколадные,16.16
2025-07-04,sup1,cat11,Колбаса вареная (400г.),4.98
2025-07-04,sup6,cat10,Батон нарезной (240г.),2.44
2025-07-04,sup1,cat5,Свинина,31.33
2025-07-04,sup7,cat10,Багет (200г.),2.49
2025-07-04,sup3,cat3,Сыр сливочный (200г.),10.82
2025-07-04,sup6,cat10,Батон нарезной (240г.),1.22
2025-07-04,sup5,cat12,Сок апельсиновый (1л.),7.20
2025-07-04,sup5,cat8,Спагетти (400г.),1.76
2025-07-04,sup9,cat1,Арбуз,6.12
2025-07-04,sup6,cat10,Хлеб ржаной (450г.),1.50
2025-07-04,sup6,cat10,Хлеб светлый (400г.),1.20
2025-07-04,sup3,cat3,Масло сливочное (180г.),4.59
2025-07-04,sup1,cat6,Фарш,11.23
2025-07-04,sup8,cat2,Картофель,5.13
2025-07-04,sup5,cat9,Вафли (143г.),2.76
2025-07-04,sup5,cat12,Сок апельсиновый (1л.),7.20
2025-07-04,sup7,cat10,Батон нарезной (240г.),1.22
2025-07-04,sup1,cat6,Котлеты,22.60
2025-07-04,sup12,cat12,Coca-Cola (1л.),3.07
2025-07-04,sup5,cat12,Вода негаз. (0.5л.),1.98
2025-07-04,sup5,cat9,Печенье овсяное (400г.),4.33
2025-07-04,sup4,cat7,Кальмар,26.97
2025-07-04,sup7,cat10,Батон нарезной (240г.),1.22
2025-07-04,sup12,cat12,Вода негаз. (0.5л.),0.99
2025-07-04,sup5,cat9,Конфеты шоколадные,27.88
2025-07-04,sup5,cat9,Печенье овсяное (400г.),4.33
2025-07-04,sup5,cat9,Конфеты шоколадные,22.81
2025-07-04,sup6,cat10,Хлеб светлый (400г.),1.20
2025-07-04,sup5,cat12,Сок яблочный (1л.),5.17
2025-07-04,sup6,cat10,Батон нарезной (240г.),1.22
2025-07-04,sup1,cat5,Говядина,34.90
2025-07-04,sup3,cat3,Молоко (1л.),5.20
2025-07-04,sup3,cat3,Творог (200г.),2.44
2025-07-04,sup9,cat2,Томат,15.55
2025-07-04,sup6,cat10,Лаваш (300г.),2.89
2025-07-04,sup3,cat3,Масло сливочное (180г.),4.59
2025-07-04,sup3,cat3,Кефир (1л.),2.27
2025-07-04,sup7,cat10,Хлеб ржаной (450г.),1.50
2025-07-04,sup5,cat12,Квас светлый (1л.),2.65
2025-07-04,sup9,cat1,Апельсин,13.12
2025-07-04,sup3,cat3,Творог (200г.),2.44
2025-07-04,sup5,cat8,Чай пак. (25шт.),3.80
2025-07-04,sup5,cat9,Конфеты шоколадные,4.97
2025-07-04,sup6,cat10,Лаваш (300г.),2.89
2025-07-04,sup3,cat3,Сметана (180г.),1.94
2025-07-04,sup6,cat10,Батон нарезной (240г.),1.22
2025-07-05,sup8,cat2,Картофель,2.42
2025-07-05,sup5,cat8,Пшено (900г.),2.35
2025-07-05,sup2,cat11,Ветчина,11.68
2025-07-05,sup5,cat12,Сок яблочный (1л.),5.17
2025-07-05,sup2,cat4,Яйцо куриное С1 (10шт.),3.81
2025-07-05,sup6,cat10,Батон нарезной (240г.),2.44
2025-07-05,sup2,cat4,Яйцо куриное С1 (10шт.),3.81
2025-07-05,sup3,cat3,Масло сливочное (1кг.),30.73
2025-07-05,sup10,cat12,Сок яблочный (1л.),5.17
2025-07-05,sup5,cat12,Вода негаз. (0.5л.),0.99
2025-07-05,sup3,cat3,Молоко (1л.),2.60
2025-07-05,sup3,cat3,Молоко (1л.),2.60
2025-07-05,sup2,cat11,Колбаса вареная (400г.),4.98
2025-07-05,sup12,cat12,Вода негаз. (0.5л.),0.99
2025-07-05,sup1,cat11,Колбаса вареная (400г.),4.98
2025-07-05,sup4,cat7,Креветки,12.79
2025-07-05,sup1,cat5,Говядина,34.99
2025-07-05,sup2,cat6,Фарш,16.63
2025-07-05,sup3,cat3,Молоко (1.5л.),3.86
2025-07-05,sup2,cat4,Яйцо куриное С1 (15шт.),6.44
2025-07-05,sup8,cat2,Томат,23.11
2025-07-05,sup6,cat10,Хлеб ржаной (450г.),1.50
2025-07-05,sup8,cat2,Картофель,2.20
2025-07-05,sup3,cat3,Молоко (1л.),2.60
2025-07-05,sup8,cat2,Томат,13.06
2025-07-05,sup1,cat6,Фарш,36.76
2025-07-05,sup1,cat11,Колбаса вареная (400г.),4.98
2025-07-05,sup8,cat2,Огурец,7.09
2025-07-05,sup5,cat8,Крупа перловая (1кг.),2.88
2025-07-05,sup9,cat2,Огурец,7.21
2025-07-05,sup5,cat8,Кофе мол. (250г.),19.99
2025-07-05,sup9,cat2,Томат,19.26
2025-07-05,sup10,cat1,Груша,2.76
2025-07-05,sup6,cat10,Батон нарезной (240г.),1.22
2025-07-05,sup6,cat10,Лаваш (300г.),2.89
2025-07-05,sup3,cat3,Творог (200г.),2.44
2025-07-05,sup5,cat8,Крупа гречневая (700г.),2.07
2025-07-05,sup5,cat9,Зефир (230г.),17.58
2025-07-05,sup5,cat12,Вода мин. газ. (1л.),4.77
2025-07-05,sup1,cat5,Свинина,45.66
2025-07-05,sup3,cat3,Масло сливочное (180г.),4.59
2025-07-05,sup5,cat8,Макароны (900г.),1.49
2025-07-05,sup2,cat4,Яйцо куриное С1 (15шт.),6.44
2025-07-05,sup3,cat3,Кефир (1л.),4.54
2025-07-05,sup5,cat8,Сахар (1кг.),0.73
2025-07-05,sup8,cat2,Картофель,4.04
2025-07-05,sup6,cat10,Хлеб ржаной (450г.),1.50
2025-07-05,sup6,cat10,Багет (200г.),2.49
2025-07-05,sup3,cat3,Кефир (1л.),2.27
2025-07-05,sup6,cat10,Батон нарезной (240г.),1.22
2025-07-05,sup3,cat3,Сметана (380г.),3.71
2025-07-05,sup5,cat12,Вода негаз. (0.5л.),1.98
2025-07-05,sup6,cat10,Хлеб светлый (400г.),1.20
2025-07-05,sup5,cat8,Рис (900г.),6.98
2025-07-05,sup5,cat9,Карамель,4.84
2025-07-05,sup5,cat12,Вода негаз. (0.5л.),0.99
2025-07-05,sup6,cat10,Батон нарезной (240г.),1.22
2025-07-05,sup2,cat6,Фарш,24.00
2025-07-05,sup10,cat12,Сок яблочный (1л.),10.34
2025-07-05,sup3,cat3,Творог (200г.),4.88
2025-07-05,sup4,cat7,Форель (200г.),18.25
2025-07-05,sup6,cat10,Батон нарезной (240г.),2.44
2025-07-05,sup12,cat12,Вода негаз. (0.5л.),0.99
2025-07-05,sup5,cat9,Зефир (230г.),8.79
2025-07-05,sup5,cat9,Зефир (230г.),8.79
2025-07-05,sup5,cat9,Вафли (143г.),2.76
2025-07-06,sup10,cat2,Картофель,1.84
2025-07-06,sup12,cat12,Coca-Cola (1л.),3.07
2025-07-06,sup3,cat3,Молоко (1.5л.),3.86
2025-07-06,sup5,cat9,Конфеты шоколадные,31.55
2025-07-06,sup5,cat9,Шоколад молочный (90г.),5.99
2025-07-06,sup9,cat1,Апельсин,1.93
2025-07-06,sup5,cat8,Мука (1кг.),1.64
2025-07-06,sup5,cat8,Чай пак. (25шт.),3.80
2025-07-06,sup9,cat1,Груша,3.34
2025-07-06,sup1,cat11,Сосиски молочные,9.47
2025-07-06,sup10,cat2,Морковь,2.29
2025-07-06,sup12,cat12,Coca-Cola (1л.),3.07
2025-07-06,sup5,cat9,Шоколад молочный (90г.),11.98
2025-07-06,sup9,cat2,Томат,11.76
2025-07-06,sup2,cat5,Филе куриное,14.50
2025-07-06,sup10,cat2,Картофель,4.92
2025-07-06,sup1,cat11,Колбаса вареная (400г.),4.98
2025-07-06,sup9,cat1,Арбуз,5.42
2025-07-06,sup1,cat5,Говядина,17.66
2025-07-06,sup6,cat10,Хлеб светлый (400г.),1.20
2025-07-06,sup5,cat8,Крупа гречневая (700г.),4.14
2025-07-06,sup3,cat3,Кефир (1л.),2.27
2025-07-06,sup7,cat10,Хлеб светлый (400г.),1.20
2025-07-06,sup1,cat6,Колбаски,11.98
2025-07-06,sup5,cat9,Конфеты шоколадные,24.99
2025-07-06,sup3,cat3,Молоко (1л.),2.60
2025-07-06,sup2,cat6,Фарш,23.32
2025-07-06,sup7,cat10,Батон нарезной (240г.),2.44
2025-07-06,sup5,cat8,Сахар (1кг.),1.46
2025-07-06,sup1,cat6,Фарш,40.46
2025-07-06,sup12,cat12,Вода негаз. (0.5л.),0.99
2025-07-06,sup10,cat1,Яблоко,4.95
2025-07-06,sup2,cat11,Сосиски молочные,8.89
2025-07-06,sup12,cat12,Вода негаз. (0.5л.),0.99
2025-07-06,sup1,cat5,Говядина,21.99
2025-07-06,sup5,cat9,Конфеты шоколадные,21.98
2025-07-06,sup7,cat10,Батон нарезной (240г.),2.44
2025-07-06,sup3,cat3,Молоко (1л.),2.60
2025-07-06,sup3,cat3,Молоко (1л.),2.60
2025-07-06,sup7,cat10,Батон нарезной (240г.),1.22
2025-07-06,sup5,cat9,Шоколад молочный (90г.),5.99
2025-07-06,sup5,cat9,Карамель,5.57
2025-07-06,sup4,cat7,Форель (200г.),18.25
2025-07-06,sup5,cat8,Кофе раств. (95г.),14.99
2025-07-06,sup10,cat12,Сок яблочный (1л.),5.17
2025-07-06,sup2,cat4,Яйцо куриное Д1 (10шт.),4.98
2025-07-06,sup9,cat1,Арбуз,5.31
2025-07-06,sup2,cat11,Колбаса вареная (400г.),4.98
2025-07-06,sup3,cat3,Сметана (180г.),1.94
2025-07-06,sup10,cat2,Морковь,2.21
2025-07-06,sup9,cat1,Банан,14.73
2025-07-06,sup3,cat3,Сыр сливочный (200г.),5.41
2025-07-06,sup1,cat11,Сосиски молочные,10.17
2025-07-06,sup1,cat11,Салями,21.50
2025-07-06,sup10,cat2,Картофель,0.92
2025-07-06,sup2,cat4,Яйцо куриное С1 (10шт.),7.62
2025-07-07,sup1,cat6,Фарш,13.21
2025-07-07,sup3,cat3,Сметана (180г.),3.88
2025-07-07,sup5,cat12,Сок апельсиновый (1л.),7.20
2025-07-07,sup12,cat12,Coca-Cola (1л.),6.14
2025-07-07,sup5,cat12,Вода негаз. (0.5л.),0.99
2025-07-07,sup6,cat10,Батон нарезной (240г.),1.22
2025-07-07,sup6,cat10,Булочка с маком (1шт.),2.98
2025-07-07,sup3,cat3,Сметана (180г.),1.94
2025-07-07,sup10,cat1,Яблоко,4.12
2025-07-07,sup9,cat1,Апельсин,15.63
2025-07-07,sup1,cat11,Колбаса вареная (400г.),4.98
2025-07-07,sup8,cat2,Огурец,5.65
2025-07-07,sup3,cat3,Творог (200г.),4.88
2025-07-07,sup6,cat10,Хлеб ржаной (450г.),1.50
2025-07-07,sup1,cat6,Котлеты,16.68
2025-07-07,sup4,cat7,Минтай,1.20
2025-07-07,sup6,cat10,Хлеб ржаной (450г.),1.50
2025-07-07,sup9,cat1,Арбуз,6.61
2025-07-07,sup6,cat10,Батон нарезной (240г.),1.22
2025-07-07,sup9,cat1,Апельсин,20.36
2025-07-07,sup6,cat10,Батон нарезной (240г.),1.22
2025-07-07,sup1,cat6,Шашлык,35.65
2025-07-07,sup8,cat2,Картофель,2.20
2025-07-07,sup9,cat1,Апельсин,2.88
2025-07-07,sup5,cat12,Вода негаз. (0.5л.),1.98
2025-07-07,sup5,cat9,Печенье овсяное (400г.),4.33
2025-07-07,sup1,cat6,Фарш,27.12
2025-07-07,sup7,cat10,Батон нарезной (240г.),2.44
2025-07-07,sup5,cat9,Зефир (230г.),17.58
2025-07-07,sup9,cat1,Банан,9.09
2025-07-07,sup8,cat2,Огурец,4.03
2025-07-07,sup3,cat3,Молоко (1л.),2.60
2025-07-07,sup5,cat8,Крупа манная (1кг.),2.02
2025-07-07,sup6,cat10,Батон нарезной (240г.),1.22
2025-07-07,sup3,cat3,Молоко (1л.),2.60
2025-07-07,sup3,cat3,Молоко (1л.),2.60
2025-07-07,sup5,cat12,Вода негаз. (0.5л.),0.99
2025-07-07,sup1,cat11,Колбаски охотничьи (500г.),18.40
2025-07-07,sup8,cat2,Капуста,2.52
2025-07-07,sup5,cat8,Масло подсолнечное (0.8л.),2.02
2025-07-07,sup5,cat12,Квас светлый (1л.),2.65
2025-07-07,sup10,cat2,Картофель,5.48
2025-07-07,sup12,cat12,Вода негаз. (0.5л.),0.99
2025-07-07,sup7,cat10,Батон нарезной (240г.),1.22
2025-07-07,sup9,cat1,Яблоко,6.77
2025-07-07,sup5,cat8,Спагетти (400г.),1.76
2025-07-07,sup3,cat3,Творог (200г.),2.44
2025-07-07,sup3,cat3,Кефир (1л.),2.27
2025-07-07,sup5,cat12,Вода негаз. (0.5л.),0.99
2025-07-07,sup3,cat3,Сыр сливочный (200г.),5.41
2025-07-07,sup6,cat10,Лаваш (300г.),2.89
2025-07-07,sup5,cat12,Вода негаз. (0.5л.),0.99
2025-07-07,sup1,cat11,Колбаса вареная (400г.),4.98
2025-07-08,sup5,cat9,Конфеты шоколадные,11.24
2025-07-08,sup9,cat1,Арбуз,3.79
2025-07-08,sup6,cat10,Хлеб светлый (400г.),1.20
2025-07-08,sup5,cat8,Мука (1кг.),1.64
2025-07-08,sup5,cat12,Сок апельсиновый (1л.),7.20
2025-07-08,sup9,cat1,Яблоко,9.97
2025-07-08,sup9,cat1,Банан,5.59
2025-07-08,sup8,cat2,Огурец,8.04
2025-07-08,sup6,cat10,Хлеб ржаной (450г.),1.50
2025-07-08,sup6,cat10,Батон нарезной (240г.),1.22
2025-07-08,sup3,cat3,Кефир (1л.),2.27
2025-07-08,sup5,cat12,Вода негаз. (0.5л.),1.98
2025-07-08,sup5,cat8,Крупа манная (1кг.),2.02
2025-07-08,sup1,cat11,Колбаса вареная (400г.),4.98
2025-07-08,sup2,cat6,Фарш,38.42
2025-07-08,sup5,cat9,Печенье овсяное (400г.),4.33
2025-07-08,sup1,cat5,Говядина,25.65
2025-07-08,sup3,cat3,Творог (200г.),4.88
2025-07-08,sup10,cat2,Картофель,1.34
2025-07-08,sup5,cat8,Спагетти (400г.),3.52
2025-07-08,sup12,cat12,Вода негаз. (0.5л.),0.99
2025-07-08,sup6,cat10,Батон нарезной (240г.),1.22
2025-07-08,sup2,cat4,Яйцо перепелиное (10шт.),2.95
2025-07-08,sup2,cat5,Филе куриное,17.65
2025-07-08,sup3,cat3,Сметана (180г.),3.88
2025-07-08,sup9,cat1,Яблоко,6.75
2025-07-08,sup8,cat2,Картофель,3.33
2025-07-08,sup3,cat3,Сметана (180г.),3.88
2025-07-08,sup1,cat11,Сервелат (400г.),8.51
2025-07-08,sup5,cat9,Конфеты шоколадные,28.86
2025-07-08,sup5,cat9,Зефир (230г.),8.79
2025-07-08,sup9,cat2,Огурец,5.23
2025-07-08,sup1,cat5,Свинина,16.28
2025-07-08,sup5,cat8,Спагетти (400г.),1.76
2025-07-08,sup5,cat9,Печенье овсяное (400г.),4.33
2025-07-08,sup4,cat7,Сельдь (250г.),5.99
2025-07-08,sup9,cat1,Арбуз,1.88
2025-07-08,sup1,cat5,Свинина,41.90
2025-07-08,sup4,cat7,Хек,7.68
2025-07-08,sup5,cat8,Масло распсовое (0.8л.),4.99
2025-07-08,sup1,cat6,Фарш,25.10
2025-07-08,sup8,cat2,Огурец,7.50
2025-07-08,sup1,cat11,Колбаски охотничьи (500г.),9.20
2025-07-08,sup5,cat8,Макароны (900г.),1.49
2025-07-08,sup5,cat8,Мука (1кг.),1.64
2025-07-08,sup8,cat2,Свекла,1.02
2025-07-08,sup5,cat9,Конфеты шоколадные,24.67
2025-07-08,sup1,cat11,Сосиски молочные,5.23
2025-07-08,sup5,cat12,Вода негаз. (0.5л.),1.98
2025-07-08,sup2,cat4,Яйцо куриное С1 (10шт.),3.81
2025-07-09,sup1,cat5,Свинина,47.23
2025-07-09,sup7,cat10,Батон нарезной (240г.),1.22
2025-07-09,sup1,cat11,Колбаса вареная (400г.),4.98
2025-07-09,sup5,cat8,Сахар (1кг.),0.73
2025-07-09,sup5,cat12,Вода негаз. (0.5л.),1.98
2025-07-09,sup3,cat3,Молоко (1л.),2.60
2025-07-09,sup5,cat9,Шоколад молочный (90г.),5.99
2025-07-09,sup2,cat4,Яйцо куриное С1 (15шт.),6.44
2025-07-09,sup9,cat2,Огурец,5.31
2025-07-09,sup9,cat2,Огурец,1.75
2025-07-09,sup7,cat10,Батон нарезной (240г.),1.22
2025-07-09,sup6,cat10,Булочка с маком (1шт.),1.49
2025-07-09,sup3,cat3,Масло сливочное (180г.),4.59
2025-07-09,sup6,cat10,Лаваш (300г.),2.89
2025-07-09,sup1,cat11,Сосиски молочные,8.13
2025-07-09,sup2,cat11,Сосиски молочные,9.05
2025-07-09,sup2,cat11,Сосиски молочные,8.09
2025-07-09,sup7,cat10,Батон нарезной (240г.),1.22
2025-07-09,sup5,cat12,Вода негаз. (0.5л.),0.99
2025-07-09,sup10,cat2,Картофель,5.37
2025-07-09,sup5,cat12,Лимонад (2л.),5.35
2025-07-09,sup5,cat8,Сахар (1кг.),0.73
2025-07-09,sup2,cat4,Яйцо куриное С1 (10шт.),7.62
2025-07-09,sup5,cat8,Спагетти (400г.),1.76
2025-07-09,sup6,cat10,Плетенка (450г.),4.04
2025-07-09,sup1,cat11,Бекон (220г),9.99
2025-07-09,sup4,cat7,Хек,8.35
2025-07-09,sup9,cat2,Томат,7.16
2025-07-09,sup5,cat12,Сок апельсиновый (1л.),7.20
2025-07-09,sup9,cat1,Арбуз,6.98
2025-07-09,sup7,cat10,Хлеб ржаной (450г.),1.50
2025-07-09,sup4,cat7,Паста рыбная (150г.),2.95
2025-07-09,sup5,cat9,Карамель,4.84
2025-07-09,sup5,cat12,Вода негаз. (0.5л.),1.98
2025-07-09,sup2,cat6,Печень куриная (550г.),11.00
2025-07-09,sup2,cat5,Окорочка куриные,7.58
2025-07-09,sup6,cat10,Батон нарезной (240г.),1.22
2025-07-09,sup6,cat10,Булочка с маком (1шт.),1.49
2025-07-09,sup1,cat6,Голубцы,31.85
2025-07-09,sup1,cat5,Говядина,25.10
2025-07-09,sup5,cat8,Рис (900г.),6.98
2025-07-09,sup5,cat8,Кофе мол. (250г.),19.99
2025-07-09,sup9,cat1,Арбуз,7.14
2025-07-09,sup6,cat10,Батон нарезной (240г.),1.22
2025-07-09,sup5,cat8,Спагетти (400г.),1.76
2025-07-09,sup4,cat7,Скумбрия,7.48
2025-07-09,sup6,cat10,Багет (200г.),2.49
2025-07-09,sup1,cat6,Колбаски,25.75
2025-07-09,sup6,cat10,Хлеб ржаной (450г.),1.50
2025-07-09,sup3,cat3,Молоко (1л.),2.60
2025-07-09,sup1,cat11,Колбаски охотничьи (500г.),9.20
2025-07-09,sup10,cat2,Картофель,0.50
2025-07-10,sup12,cat12,Coca-Cola (1л.),3.07
2025-07-10,sup6,cat10,Батон нарезной (240г.),1.22
2025-07-10,sup6,cat10,Лаваш (300г.),2.89
2025-07-10,sup1,cat11,Колбаски охотничьи (500г.),18.40
2025-07-10,sup5,cat8,Пшено (900г.),2.35
2025-07-10,sup8,cat2,Огурец,6.40
2025-07-10,sup5,cat9,Печенье овсяное (400г.),4.33
2025-07-10,sup5,cat12,Вода негаз. (0.5л.),0.99
2025-07-10,sup3,cat3,Молоко (1л.),2.60
2025-07-10,sup2,cat6,Фарш,22.13
2025-07-10,sup6,cat10,Хлеб ржаной (450г.),1.50
2025-07-10,sup8,cat2,Морковь,2.62
2025-07-10,sup5,cat9,Конфеты шоколадные,26.48
2025-07-10,sup8,cat2,Томат,18.98
2025-07-10,sup1,cat5,Говядина,16.38
2025-07-10,sup3,cat3,Творог (200г.),2.44
2025-07-10,sup6,cat10,Булочка с маком (1шт.),2.98
2025-07-10,sup2,cat6,Котлеты,21.02
2025-07-10,sup5,cat8,Мука (1кг.),1.64
2025-07-10,sup5,cat8,Крупа гречневая (700г.),4.14
2025-07-10,sup3,cat3,Молоко (1.5л.),3.86
2025-07-10,sup3,cat3,Масло сливочное (180г.),9.18
2025-07-10,sup9,cat1,Груша,16.84
2025-07-10,sup1,cat11,Колбаса вареная (400г.),4.98
2025-07-10,sup9,cat2,Огурец,1.80
2025-07-10,sup8,cat2,Огурец,5.90
2025-07-10,sup9,cat1,Банан,12.42
2025-07-10,sup2,cat4,Яйцо перепелиное (20шт.),4.65
2025-07-10,sup3,cat3,Творог (200г.),2.44
2025-07-10,sup5,cat8,Макароны (900г.),2.98
2025-07-10,sup5,cat9,Конфеты шоколадные,32.69
2025-07-10,sup3,cat3,Кефир (1л.),2.27
2025-07-10,sup2,cat4,Яйцо куриное С1 (10шт.),3.81
2025-07-10,sup5,cat8,Мука (1кг.),1.64
2025-07-10,sup2,cat11,Колбаса вареная (400г.),4.98
2025-07-10,sup2,cat5,Окорочка куриные,11.78
2025-07-10,sup1,cat5,Свинина,44.88
2025-07-10,sup2,cat4,Яйцо куриное С1 (10шт.),7.62
2025-07-10,sup3,cat3,Сметана (180г.),1.94
2025-07-10,sup6,cat10,Батон нарезной (240г.),2.44
2025-07-10,sup3,cat3,Сыр российский,18.41
2025-07-10,sup9,cat1,Апельсин,18.85
2025-07-10,sup3,cat3,Творог (200г.),2.44
2025-07-10,sup10,cat2,Картофель,5.33
2025-07-10,sup2,cat4,Яйцо куриное Д1 (10шт.),4.98
2025-07-10,sup8,cat2,Морковь,1.59
2025-07-10,sup9,cat2,Огурец,5.66
2025-07-10,sup1,cat6,Шашлык,54.11
2025-07-10,sup1,cat6,Шашлык,20.71
2025-07-10,sup9,cat2,Огурец,4.35
2025-07-10,sup5,cat8,Спагетти (400г.),1.76
2025-07-10,sup1,cat11,Сосиски молочные,12.34
2025-07-10,sup5,cat8,Крупа перловая (1кг.),1.44
2025-07-11,sup5,cat12,Лимонад (2л.),5.35
2025-07-11,sup5,cat8,Спагетти (400г.),1.76
2025-07-11,sup6,cat10,Батон нарезной (240г.),1.22
2025-07-11,sup5,cat12,Вода негаз. (0.5л.),1.98
2025-07-11,sup9,cat2,Огурец,3.80
2025-07-11,sup3,cat3,Сметана (380г.),3.71
2025-07-11,sup1,cat6,Колбаски,39.83
2025-07-11,sup8,cat2,Огурец,2.29
2025-07-11,sup7,cat10,Батон нарезной (240г.),2.44
2025-07-11,sup9,cat1,Банан,4.56
2025-07-11,sup5,cat8,Масло подсолнечное (0.8л.),6.06
2025-07-11,sup5,cat8,Масло распсовое (0.8л.),4.99
2025-07-11,sup1,cat6,Колбаски,32.99
2025-07-11,sup5,cat12,Квас светлый (1л.),2.65
2025-07-11,sup6,cat10,Багет (200г.),2.49
2025-07-11,sup5,cat8,Кофе мол. (250г.),39.98
2025-07-11,sup5,cat8,Сахар (1кг.),2.92
2025-07-11,sup5,cat12,Лимонад (2л.),5.35
2025-07-11,sup7,cat10,Батон нарезной (240г.),1.22
2025-07-11,sup3,cat3,Сметана (380г.),3.71
2025-07-11,sup6,cat10,Хлеб светлый (400г.),1.20
2025-07-11,sup5,cat8,Крупа манная (1кг.),2.02
2025-07-11,sup7,cat10,Багет (200г.),2.49
2025-07-11,sup5,cat9,Карамель,4.85
2025-07-11,sup6,cat10,Батон нарезной (240г.),1.22
2025-07-11,sup8,cat1,Яблоко,3.02
2025-07-11,sup8,cat1,Груша,19.19
2025-07-11,sup7,cat10,Хлеб светлый (400г.),1.20
2025-07-11,sup5,cat8,Крупа манная (1кг.),2.02
2025-07-11,sup9,cat2,Томат,21.60
2025-07-11,sup3,cat3,Кефир (1л.),2.27
2025-07-11,sup5,cat12,Вода негаз. (0.5л.),0.99
2025-07-11,sup6,cat10,Булочка с маком (1шт.),1.49
2025-07-11,sup10,cat2,Картофель,1.46
2025-07-11,sup4,cat7,Паста рыбная (150г.),2.95
2025-07-11,sup1,cat6,Колбаски,17.29
2025-07-11,sup3,cat3,Творог (200г.),2.44
2025-07-11,sup5,cat9,Зефир (230г.),8.79
2025-07-11,sup1,cat11,Салями,21.93
2025-07-11,sup1,cat5,Говядина,10.81
2025-07-11,sup1,cat11,Сосиски молочные,10.11
2025-07-11,sup12,cat12,Вода негаз. (0.5л.),0.99
2025-07-11,sup9,cat1,Яблоко,18.30
2025-07-11,sup5,cat8,Крупа перловая (1кг.),1.44
2025-07-11,sup5,cat9,Печенье овсяное (400г.),4.33
2025-07-11,sup5,cat12,Сок яблочный (1л.),5.17
2025-07-11,sup5,cat8,Крупа перловая (1кг.),1.44
2025-07-11,sup3,cat3,Масло сливочное (360г.),9.49
2025-07-11,sup1,cat5,Свинина,34.02
2025-07-11,sup8,cat2,Огурец,3.59
2025-07-11,sup5,cat8,Масло подсолнечное (0.8л.),4.04
2025-07-11,sup5,cat8,Кофе мол. (250г.),19.99
2025-07-11,sup5,cat9,Печенье овсяное (400г.),4.33
2025-07-11,sup1,cat11,Сосиски молочные,11.13
2025-07-11,sup1,cat11,Сосиски молочные,9.85
2025-07-11,sup6,cat10,Хлеб светлый (400г.),1.20
2025-07-11,sup5,cat12,Вода негаз. (0.5л.),0.99
2025-07-11,sup8,cat1,Яблоко,18.45
2025-07-11,sup3,cat3,Творог (200г.),2.44
2025-07-11,sup1,cat5,Говядина,29.26
2025-07-11,sup5,cat12,Лимонад (2л.),5.35
2025-07-11,sup7,cat10,Батон нарезной (240г.),1.22
2025-07-11,sup10,cat2,Морковь,2.42
2025-07-11,sup6,cat10,Булочка с маком (1шт.),2.98
2025-07-12,sup9,cat2,Огурец,3.51
2025-07-12,sup9,cat1,Арбуз,4.08
2025-07-12,sup6,cat10,Багет (200г.),2.49
2025-07-12,sup3,cat3,Творог (200г.),4.88
2025-07-12,sup5,cat8,Сахар (1кг.),0.73
2025-07-12,sup5,cat9,Конфеты шоколадные,24.72
2025-07-12,sup9,cat1,Апельсин,20.00
2025-07-12,sup9,cat1,Апельсин,20.49
2025-07-12,sup4,cat7,Форель (200г.),18.25
2025-07-12,sup3,cat3,Кефир (1л.),2.27
2025-07-12,sup5,cat8,Кофе мол. (250г.),19.99
2025-07-12,sup5,cat12,Вода негаз. (0.5л.),0.99
2025-07-12,sup3,cat3,Кефир (1л.),2.27
2025-07-12,sup9,cat1,Яблоко,14.10
2025-07-12,sup10,cat12,Сок яблочный (1л.),10.34
2025-07-12,sup6,cat10,Сушки (500г.),3.99
2025-07-12,sup3,cat3,Кефир (1л.),2.27
2025-07-12,sup2,cat6,Котлеты,8.22
2025-07-12,sup6,cat10,Хлеб светлый (400г.),1.20
2025-07-12,sup6,cat10,Батон нарезной (240г.),1.22
2025-07-12,sup5,cat8,Крупа перловая (1кг.),1.44
2025-07-12,sup4,cat7,Форель (200г.),36.50
2025-07-12,sup1,cat5,Говядина,14.43
2025-07-12,sup3,cat3,Молоко (1л.),2.60
2025-07-12,sup5,cat12,Лимонад (2л.),5.35
2025-07-12,sup1,cat6,Голубцы,13.64
2025-07-12,sup2,cat5,Филе куриное,15.94
2025-07-12,sup4,cat7,Хек,13.94
2025-07-12,sup2,cat11,Сосиски молочные,11.21
2025-07-12,sup6,cat10,Хлеб ржаной (450г.),1.50
2025-07-12,sup3,cat3,Молоко (1л.),2.60
2025-07-12,sup9,cat1,Апельсин,7.07
2025-07-12,sup2,cat6,Шашлык,36.30
2025-07-12,sup8,cat2,Картофель,4.99
2025-07-12,sup5,cat8,Мука (1кг.),1.64
2025-07-12,sup2,cat4,Яйцо куриное С1 (15шт.),6.44
2025-07-12,sup1,cat5,Свинина,28.36
2025-07-12,sup9,cat2,Огурец,7.49
2025-07-12,sup6,cat10,Батон нарезной (240г.),1.22
2025-07-12,sup5,cat9,Зефир (230г.),17.58
2025-07-12,sup3,cat3,Сметана (180г.),3.88
2025-07-12,sup3,cat3,Творог (200г.),2.44
2025-07-12,sup1,cat6,Колбаски,17.24
2025-07-12,sup10,cat2,Картофель,0.29
2025-07-12,sup6,cat10,Булочка с маком (1шт.),1.49
2025-07-12,sup3,cat3,Молоко (1л.),2.60
2025-07-12,sup5,cat8,Мука (1кг.),1.64
2025-07-12,sup6,cat10,Батон нарезной (240г.),1.22
2025-07-12,sup9,cat1,Банан,4.35
2025-07-12,sup5,cat12,Вода мин. газ. (1л.),1.59
2025-07-12,sup6,cat10,Батон нарезной (240г.),1.22
2025-07-12,sup5,cat12,Квас светлый (1л.),2.65
2025-07-12,sup2,cat5,Окорочка куриные,13.42
2025-07-12,sup6,cat10,Батон нарезной (240г.),1.22
2025-07-12,sup5,cat9,Зефир (230г.),17.58
2025-07-12,sup2,cat5,Филе куриное,9.70
2025-07-12,sup5,cat12,Вода негаз. (0.5л.),1.98
2025-07-12,sup2,cat11,Сосиски молочные,11.69
2025-07-12,sup3,cat3,Кефир (1л.),2.27
2025-07-12,sup1,cat5,Говядина,14.49
2025-07-12,sup6,cat10,Батон нарезной (240г.),2.44
2025-07-12,sup6,cat10,Батон нарезной (240г.),1.22
2025-07-12,sup9,cat1,Апельсин,10.28
2025-07-12,sup5,cat12,Квас светлый (1л.),2.65
2025-07-13,sup7,cat10,Хлеб светлый (400г.),1.20
2025-07-13,sup5,cat8,Мука (1кг.),1.64
2025-07-13,sup2,cat6,Желудки куриные (550г.),4.98
2025-07-13,sup5,cat12,Сок яблочный (1л.),5.17
2025-07-13,sup9,cat2,Огурец,4.60
2025-07-13,sup2,cat11,Колбаса вареная (400г.),4.98
2025-07-13,sup2,cat4,Яйцо куриное С1 (10шт.),3.81
2025-07-13,sup9,cat2,Огурец,1.67
2025-07-13,sup2,cat4,Яйцо куриное С1 (10шт.),3.81
2025-07-13,sup2,cat6,Колбаски,37.86
2025-07-13,sup4,cat7,Паста рыбная (150г.),2.95
2025-07-13,sup3,cat3,Кефир (1л.),2.27
2025-07-13,sup5,cat9,Вафли (143г.),2.76
2025-07-13,sup3,cat3,Масло сливочное (180г.),4.59
2025-07-13,sup5,cat8,Пшено (900г.),2.35
2025-07-13,sup5,cat8,Спагетти (400г.),1.76
2025-07-13,sup2,cat11,Сосиски молочные,11.16
2025-07-13,sup5,cat8,Спагетти (400г.),1.76
2025-07-13,sup5,cat9,Печенье овсяное (400г.),4.33
2025-07-13,sup2,cat5,Окорочка куриные,4.08
2025-07-13,sup5,cat9,Конфеты шоколадные,15.16
2025-07-13,sup6,cat10,Батон нарезной (240г.),1.22
2025-07-13,sup7,cat10,Сушки (500г.),3.99
2025-07-13,sup4,cat7,Минтай,1.15
2025-07-13,sup5,cat12,Сок яблочный (1л.),5.17
2025-07-13,sup9,cat1,Арбуз,2.33
2025-07-13,sup5,cat9,Печенье овсяное (400г.),4.33
2025-07-13,sup4,cat7,Икра лососевая (140г.),32.99
2025-07-13,sup9,cat1,Арбуз,2.07
2025-07-13,sup2,cat5,Окорочка куриные,10.71
2025-07-13,sup3,cat3,Молоко (1.5л.),7.72
2025-07-13,sup3,cat3,Сметана (380г.),3.71
2025-07-13,sup9,cat1,Апельсин,24.84
2025-07-13,sup9,cat2,Томат,20.05
2025-07-13,sup3,cat3,Кефир (1л.),4.54
2025-07-13,sup2,cat5,Окорочка куриные,8.73
2025-07-13,sup5,cat8,Масло распсовое (0.8л.),4.99
2025-07-13,sup3,cat3,Кефир (1л.),2.27
2025-07-13,sup3,cat3,Молоко (1л.),2.60
2025-07-13,sup5,cat12,Сок яблочный (1л.),5.17
2025-07-13,sup3,cat3,Сыр сливочный (200г.),5.41
2025-07-13,sup2,cat4,Яйцо куриное С1 (10шт.),7.62
2025-07-13,sup9,cat1,Апельсин,5.58
2025-07-13,sup1,cat11,Сервелат (400г.),8.51
2025-07-13,sup3,cat3,Масло сливочное (180г.),4.59
2025-07-13,sup10,cat2,Картофель,0.91
2025-07-13,sup5,cat9,Конфеты шоколадные,10.85
2025-07-13,sup3,cat3,Кефир (1л.),4.54
2025-07-13,sup1,cat6,Фарш,23.85
2025-07-13,sup5,cat12,Вода негаз. (0.5л.),0.99
2025-07-13,sup5,cat8,Сахар (1кг.),1.46
2025-07-13,sup2,cat4,Яйцо куриное С1 (10шт.),3.81
2025-07-13,sup3,cat3,Сыр сливочный (200г.),5.41
2025-07-13,sup1,cat6,Фарш,13.02
2025-07-13,sup1,cat5,Говядина,37.60
2025-07-13,sup2,cat4,Яйцо куриное С1 (10шт.),3.81
2025-07-14,sup9,cat1,Яблоко,12.81
2025-07-14,sup6,cat10,Булочка с маком (1шт.),1.49
2025-07-14,sup5,cat8,Масло подсолнечное (0.8л.),2.02
2025-07-14,sup1,cat6,Фарш,35.88
2025-07-14,sup12,cat12,Вода негаз. (0.5л.),0.99
2025-07-14,sup5,cat9,Конфеты шоколадные,8.01
2025-07-14,sup5,cat12,Вода негаз. (0.5л.),0.99
2025-07-14,sup5,cat9,Печенье овсяное (400г.),4.33
2025-07-14,sup3,cat3,Молоко (1л.),5.20
2025-07-14,sup3,cat3,Кефир (1л.),2.27
2025-07-14,sup1,cat6,Шашлык,45.33
2025-07-14,sup1,cat11,Ветчина,14.92
2025-07-14,sup6,cat10,Хлеб ржаной (450г.),1.50
2025-07-14,sup5,cat8,Чай пак. (25шт.),3.80
2025-07-14,sup1,cat11,Колбаса вареная (400г.),4.98
2025-07-14,sup8,cat2,Томат,3.49
2025-07-14,sup8,cat2,Томат,21.61
2025-07-14,sup5,cat12,Вода негаз. (0.5л.),0.99
2025-07-14,sup3,cat3,Творог (200г.),2.44
2025-07-14,sup5,cat12,Вода негаз. (0.5л.),0.99
2025-07-14,sup7,cat10,Хлеб ржаной (450г.),1.50
2025-07-14,sup9,cat1,Арбуз,6.98
2025-07-14,sup10,cat1,Груша,16.37
2025-07-14,sup1,cat6,Фарш,45.44
2025-07-14,sup4,cat7,Кальмар,32.74
2025-07-14,sup12,cat12,Coca-Cola (1л.),3.07
2025-07-14,sup3,cat3,Кефир (1л.),2.27
2025-07-14,sup4,cat7,Минтай,0.93
2025-07-14,sup1,cat6,Фарш,25.42
2025-07-14,sup6,cat10,Багет (200г.),2.49
2025-07-14,sup6,cat10,Батон нарезной (240г.),1.22
2025-07-14,sup9,cat2,Томат,1.95
2025-07-14,sup5,cat12,Вода негаз. (0.5л.),1.98
2025-07-14,sup6,cat10,Хлеб ржаной (450г.),1.50
2025-07-14,sup4,cat7,Креветки,31.81
2025-07-14,sup3,cat3,Сыр голландский (200г.),5.02
2025-07-14,sup1,cat11,Колбаса вареная (400г.),4.98
2025-07-14,sup7,cat10,Батон нарезной (240г.),1.22
2025-07-14,sup8,cat2,Томат,12.81
2025-07-14,sup5,cat8,Кофе мол. (250г.),59.97
2025-07-14,sup1,cat11,Сосиски молочные,11.11
2025-07-14,sup12,cat12,Coca-Cola (1л.),6.14
2025-07-14,sup10,cat12,Сок яблочный (1л.),10.34
2025-07-14,sup3,cat3,Сыр российский,14.88
2025-07-14,sup1,cat5,Свинина,30.13
2025-07-14,sup5,cat12,Сок яблочный (1л.),10.34
2025-07-14,sup5,cat8,Сахар (1кг.),0.73
2025-07-14,sup5,cat8,Макароны (900г.),1.49
2025-07-14,sup3,cat3,Сыр российский,14.36
2025-07-14,sup9,cat1,Яблоко,5.93
2025-07-14,sup5,cat8,Масло подсолнечное (0.8л.),4.04
2025-07-15,sup9,cat2,Огурец,2.11
2025-07-15,sup3,cat3,Творог (200г.),2.44
2025-07-15,sup1,cat6,Голубцы,24.86
2025-07-15,sup5,cat9,Шоколад молочный (90г.),5.99
2025-07-15,sup4,cat7,Хек,7.66
2025-07-15,sup5,cat8,Крупа манная (1кг.),2.02
2025-07-15,sup1,cat11,Колбаски охотничьи (500г.),9.20
2025-07-15,sup6,cat10,Хлеб светлый (400г.),1.20
2025-07-15,sup9,cat2,Томат,22.00
2025-07-15,sup5,cat8,Крупа перловая (1кг.),1.44
2025-07-15,sup2,cat4,Яйцо куриное Д1 (10шт.),4.98
2025-07-15,sup5,cat8,Кофе мол. (250г.),19.99
2025-07-15,sup3,cat3,Сыр сливочный (200г.),5.41
2025-07-15,sup8,cat2,Томат,19.97
2025-07-15,sup4,cat7,Паста рыбная (150г.),2.95
2025-07-15,sup6,cat10,Багет (200г.),2.49
2025-07-15,sup1,cat5,Говядина,30.55
2025-07-15,sup6,cat10,Хлеб ржаной (450г.),1.50
2025-07-15,sup12,cat12,Вода негаз. (0.5л.),1.98
2025-07-15,sup2,cat6,Колбаски,20.08
2025-07-15,sup5,cat8,Чай пак. (25шт.),3.80
2025-07-15,sup3,cat3,Масло сливочное (360г.),9.49
2025-07-15,sup1,cat11,Сервелат (400г.),8.51
2025-07-15,sup1,cat11,Колбаса вареная (400г.),4.98
2025-07-15,sup2,cat4,Яйцо перепелиное (10шт.),2.95
2025-07-15,sup9,cat1,Банан,6.52
2025-07-15,sup3,cat3,Сметана (180г.),1.94
2025-07-15,sup5,cat8,Чай пак. (25шт.),3.80
2025-07-15,sup5,cat12,Сок апельсиновый (1л.),7.20
2025-07-15,sup2,cat4,Яйцо куриное С1 (10шт.),3.81
2025-07-15,sup3,cat3,Творог (200г.),7.32
2025-07-15,sup1,cat6,Колбаски,18.03
2025-07-15,sup12,cat12,Вода негаз. (0.5л.),1.98
2025-07-15,sup3,cat3,Масло сливочное (180г.),4.59
2025-07-15,sup12,cat12,Coca-Cola (1л.),3.07
2025-07-15,sup3,cat3,Творог (200г.),2.44
2025-07-15,sup4,cat7,Хек,4.13
2025-07-15,sup6,cat10,Сушки (500г.),3.99
2025-07-15,sup9,cat2,Томат,9.74
2025-07-15,sup1,cat11,Сервелат (400г.),8.51
2025-07-15,sup5,cat8,Сахар (1кг.),0.73
2025-07-15,sup3,cat3,Сметана (180г.),1.94
2025-07-15,sup5,cat12,Вода негаз. (0.5л.),0.99
2025-07-15,sup2,cat5,Филе куриное,19.32
2025-07-15,sup2,cat4,Яйцо перепелиное (10шт.),2.95
2025-07-15,sup6,cat10,Плетенка (450г.),4.04
2025-07-15,sup5,cat12,Вода негаз. (0.5л.),1.98
2025-07-15,sup5,cat9,Конфеты шоколадные,8.84
2025-07-15,sup5,cat9,Конфеты шоколадные,14.21
2025-07-15,sup5,cat12,Лимонад (2л.),5.35
2025-07-16,sup5,cat8,Масло подсолнечное (0.8л.),2.02
2025-07-16,sup2,cat4,Яйцо куриное Д1 (10шт.),4.98
2025-07-16,sup1,cat11,Сервелат (400г.),8.51
2025-07-16,sup10,cat1,Груша,5.09
2025-07-16,sup5,cat8,Крупа гречневая (700г.),2.07
2025-07-16,sup3,cat3,Кефир (1л.),2.27
2025-07-16,sup6,cat10,Хлеб ржаной (450г.),1.50
2025-07-16,sup9,cat1,Груша,6.62
2025-07-16,sup7,cat10,Батон нарезной (240г.),1.22
2025-07-16,sup9,cat2,Томат,21.14
2025-07-16,sup5,cat8,Рис (900г.),3.49
2025-07-16,sup1,cat11,Бекон (220г),9.99
2025-07-16,sup1,cat11,Колбаса вареная (400г.),4.98
2025-07-16,sup6,cat10,Батон нарезной (240г.),2.44
2025-07-16,sup1,cat11,Сосиски молочные,8.51
2025-07-16,sup2,cat5,Окорочка куриные,8.36
2025-07-16,sup5,cat12,Сок апельсиновый (1л.),7.20
2025-07-16,sup6,cat10,Хлеб светлый (400г.),1.20
2025-07-16,sup2,cat5,Окорочка куриные,3.08
2025-07-16,sup5,cat9,Шоколад молочный (90г.),11.98
2025-07-16,sup3,cat3,Творог (200г.),2.44
2025-07-16,sup4,cat7,Икра лососевая (140г.),32.99
2025-07-16,sup6,cat10,Батон нарезной (240г.),1.22
2025-07-16,sup5,cat12,Вода негаз. (0.5л.),0.99
2025-07-16,sup1,cat11,Сервелат (400г.),8.51
2025-07-16,sup1,cat5,Свинина,22.53
2025-07-16,sup5,cat9,Вафли (143г.),2.76
2025-07-16,sup3,cat3,Сметана (180г.),1.94
2025-07-16,sup9,cat1,Арбуз,3.49
2025-07-16,sup3,cat3,Молоко (1л.),5.20
2025-07-16,sup4,cat7,Сельдь (250г.),5.99
2025-07-16,sup6,cat10,Плетенка (450г.),4.04
2025-07-16,sup4,cat7,Форель (200г.),18.25
2025-07-16,sup7,cat10,Хлеб светлый (400г.),1.20
2025-07-16,sup2,cat4,Яйцо куриное С1 (15шт.),6.44
2025-07-16,sup2,cat4,Яйцо куриное С1 (10шт.),3.81
2025-07-16,sup2,cat4,Яйцо куриное Д1 (10шт.),4.98
2025-07-16,sup6,cat10,Плетенка (450г.),4.04
2025-07-16,sup2,cat4,Яйцо куриное С1 (10шт.),3.81
2025-07-16,sup2,cat4,Яйцо куриное С1 (10шт.),3.81
2025-07-16,sup2,cat5,Филе куриное,4.82
2025-07-16,sup4,cat7,Минтай,0.73
2025-07-16,sup3,cat3,Творог (200г.),4.88
2025-07-16,sup2,cat6,Колбаски,15.48
2025-07-16,sup2,cat5,Филе куриное,18.92
2025-07-16,sup5,cat9,Мармелад,5.91
2025-07-16,sup9,cat2,Огурец,8.06
2025-07-16,sup4,cat7,Минтай,1.28
2025-07-16,sup7,cat10,Хлеб светлый (400г.),1.20
2025-07-16,sup5,cat8,Крупа манная (1кг.),2.02
2025-07-17,sup3,cat3,Творог (200г.),4.88
2025-07-17,sup5,cat8,Крупа манная (1кг.),2.02
2025-07-17,sup6,cat10,Батон нарезной (240г.),1.22
2025-07-17,sup9,cat1,Арбуз,3.60
2025-07-17,sup5,cat12,Вода негаз. (0.5л.),1.98
2025-07-17,sup6,cat10,Батон нарезной (240г.),1.22
2025-07-17,sup3,cat3,Молоко (1л.),2.60
2025-07-17,sup2,cat5,Окорочка куриные,10.31
2025-07-17,sup2,cat5,Окорочка куриные,13.42
2025-07-17,sup5,cat9,Печенье овсяное (400г.),8.66
2025-07-17,sup2,cat11,Сосиски молочные,5.68
2025-07-17,sup1,cat5,Свинина,12.97
2025-07-17,sup8,cat2,Огурец,5.32
2025-07-17,sup5,cat8,Кофе мол. (250г.),19.99
2025-07-17,sup5,cat9,Конфеты шоколадные,12.22
2025-07-17,sup10,cat2,Картофель,1.05
2025-07-17,sup9,cat2,Огурец,4.54
2025-07-17,sup5,cat12,Сок апельсиновый (1л.),7.20
2025-07-17,sup6,cat10,Лаваш (300г.),2.89
2025-07-17,sup10,cat2,Картофель,1.53
2025-07-17,sup3,cat3,Сыр голландский (200г.),5.02
2025-07-17,sup4,cat7,Сельдь (250г.),5.99
2025-07-17,sup6,cat10,Хлеб светлый (400г.),1.20
2025-07-17,sup3,cat3,Творог (200г.),2.44
2025-07-17,sup12,cat12,Вода негаз. (0.5л.),0.99
2025-07-17,sup3,cat3,Сметана (380г.),7.42
2025-07-17,sup12,cat12,Вода негаз. (0.5л.),1.98
2025-07-17,sup3,cat3,Сметана (180г.),1.94
2025-07-17,sup8,cat1,Груша,16.47
2025-07-17,sup2,cat11,Сосиски молочные,9.33
2025-07-17,sup9,cat1,Арбуз,4.64
2025-07-17,sup4,cat7,Скумбрия,6.50
2025-07-17,sup2,cat11,Сосиски молочные,7.33
2025-07-17,sup1,cat5,Говядина,22.50
2025-07-17,sup5,cat8,Крупа гречневая (700г.),2.07
2025-07-17,sup6,cat10,Булочка с маком (1шт.),1.49
2025-07-17,sup2,cat11,Ветчина,11.03
2025-07-17,sup5,cat8,Макароны (900г.),1.49
2025-07-17,sup9,cat1,Арбуз,3.34
2025-07-17,sup2,cat4,Яйцо куриное С1 (10шт.),3.81
2025-07-17,sup8,cat2,Огурец,6.70
2025-07-17,sup5,cat9,Печенье овсяное (400г.),4.33
2025-07-17,sup1,cat11,Колбаса вареная (400г.),4.98
2025-07-17,sup6,cat10,Хлеб ржаной (450г.),1.50
2025-07-17,sup3,cat3,Сыр российский,22.16
2025-07-17,sup5,cat8,Кофе мол. (250г.),59.97
2025-07-17,sup5,cat12,Вода мин. газ. (1л.),1.59
2025-07-17,sup9,cat1,Апельсин,20.34
2025-07-17,sup9,cat1,Апельсин,2.25
2025-07-17,sup2,cat4,Яйцо куриное С1 (10шт.),3.81
2025-07-18,sup3,cat3,Молоко (1.5л.),3.86
2025-07-18,sup1,cat11,Ветчина,5.63
2025-07-18,sup10,cat2,Морковь,1.45
2025-07-18,sup8,cat2,Капуста,4.82
2025-07-18,sup1,cat5,Говядина,23.62
2025-07-18,sup10,cat1,Груша,18.81
2025-07-18,sup10,cat2,Свекла,0.55
2025-07-18,sup4,cat7,Форель (200г.),18.25
2025-07-18,sup3,cat3,Масло сливочное (360г.),9.49
2025-07-18,sup3,cat3,Молоко (1.5л.),3.86
2025-07-18,sup6,cat10,Батон нарезной (240г.),1.22
2025-07-18,sup10,cat12,Сок яблочный (1л.),5.17
2025-07-18,sup6,cat10,Батон нарезной (240г.),1.22
2025-07-18,sup3,cat3,Творог (200г.),4.88
2025-07-18,sup1,cat5,Свинина,26.55
2025-07-18,sup7,cat10,Батон нарезной (240г.),1.22
2025-07-18,sup3,cat3,Молоко (1л.),2.60
2025-07-18,sup9,cat2,Огурец,4.91
2025-07-18,sup8,cat2,Картофель,1.41
2025-07-18,sup4,cat7,Скумбрия,4.34
2025-07-18,sup8,cat2,Огурец,5.50
2025-07-18,sup9,cat2,Огурец,6.54
2025-07-18,sup12,cat12,Coca-Cola (1л.),3.07
2025-07-18,sup6,cat10,Булочка с маком (1шт.),2.98
2025-07-18,sup8,cat2,Картофель,1.51
2025-07-18,sup9,cat1,Арбуз,5.90
2025-07-18,sup6,cat10,Булочка с маком (1шт.),4.47
2025-07-18,sup1,cat11,Сосиски молочные,10.11
2025-07-18,sup9,cat1,Апельсин,22.42
2025-07-18,sup5,cat9,Шоколад молочный (90г.),11.98
2025-07-18,sup1,cat11,Бекон (220г),9.99
2025-07-18,sup10,cat2,Свекла,0.27
2025-07-18,sup3,cat3,Молоко (1л.),5.20
2025-07-18,sup5,cat9,Карамель,5.39
2025-07-18,sup6,cat10,Батон нарезной (240г.),2.44
2025-07-18,sup7,cat10,Батон нарезной (240г.),2.44
2025-07-18,sup9,cat2,Томат,16.97
2025-07-18,sup3,cat3,Творог (200г.),2.44
2025-07-18,sup9,cat1,Банан,13.83
2025-07-18,sup3,cat3,Масло сливочное (180г.),4.59
2025-07-18,sup6,cat10,Хлеб светлый (400г.),1.20
2025-07-18,sup10,cat2,Картофель,0.83
2025-07-18,sup6,cat10,Лаваш (300г.),2.89
2025-07-18,sup7,cat10,Батон нарезной (240г.),2.44
2025-07-18,sup1,cat5,Говядина,29.15
2025-07-18,sup3,cat3,Молоко (1.5л.),7.72
2025-07-18,sup9,cat1,Арбуз,2.66
2025-07-18,sup12,cat12,Вода негаз. (0.5л.),0.99
2025-07-18,sup3,cat3,Молоко (1л.),2.60
2025-07-18,sup3,cat3,Кефир (1л.),2.27
2025-07-18,sup8,cat2,Картофель,0.72
2025-07-18,sup3,cat3,Молоко (1л.),2.60
2025-07-18,sup1,cat6,Фарш,12.28
2025-07-18,sup5,cat9,Зефир (230г.),8.79
2025-07-18,sup6,cat10,Булочка с маком (1шт.),1.49
2025-07-18,sup3,cat3,Масло сливочное (360г.),9.49
2025-07-18,sup3,cat3,Молоко (1л.),2.60
2025-07-18,sup5,cat8,Кофе мол. (250г.),19.99
2025-07-18,sup8,cat2,Томат,13.80
2025-07-18,sup6,cat10,Лаваш (300г.),2.89
2025-07-18,sup3,cat3,Сметана (180г.),3.88
2025-07-18,sup1,cat6,Фарш,17.13
2025-07-18,sup7,cat10,Хлеб светлый (400г.),1.20
2025-07-18,sup5,cat9,Печенье овсяное (400г.),4.33
2025-07-18,sup7,cat10,Батон нарезной (240г.),2.44
2025-07-19,sup1,cat5,Говядина,33.76
2025-07-19,sup6,cat10,Булочка с маком (1шт.),1.49
2025-07-19,sup1,cat11,Колбаса вареная (400г.),4.98
2025-07-19,sup5,cat9,Карамель,2.77
2025-07-19,sup9,cat1,Апельсин,21.43
2025-07-19,sup5,cat12,Вода негаз. (0.5л.),0.99
2025-07-19,sup3,cat3,Творог (200г.),2.44
2025-07-19,sup3,cat3,Масло сливочное (180г.),4.59
2025-07-19,sup2,cat11,Колбаса вареная (400г.),4.98
2025-07-19,sup1,cat11,Сосиски молочные,9.40
2025-07-19,sup1,cat11,Ветчина,7.90
2025-07-19,sup9,cat1,Арбуз,1.82
2025-07-19,sup8,cat2,Огурец,6.06
2025-07-19,sup6,cat10,Батон нарезной (240г.),1.22
2025-07-19,sup5,cat12,Сок яблочный (1л.),5.17
2025-07-19,sup3,cat3,Творог (200г.),4.88
2025-07-19,sup2,cat4,Яйцо куриное С1 (10шт.),7.62
2025-07-19,sup1,cat6,Голубцы,29.13
2025-07-19,sup6,cat10,Батон нарезной (240г.),1.22
2025-07-19,sup3,cat3,Сметана (180г.),1.94
2025-07-19,sup2,cat4,Яйцо куриное Д1 (10шт.),4.98
2025-07-19,sup5,cat8,Спагетти (400г.),1.76
2025-07-19,sup3,cat3,Молоко (1л.),2.60
2025-07-19,sup9,cat2,Томат,12.06
2025-07-19,sup2,cat5,Окорочка куриные,6.31
2025-07-19,sup3,cat3,Молоко (1л.),2.60
2025-07-19,sup2,cat4,Яйцо куриное С1 (15шт.),6.44
2025-07-19,sup2,cat4,Яйцо куриное С1 (15шт.),6.44
2025-07-19,sup5,cat8,Крупа манная (1кг.),2.02
2025-07-19,sup2,cat4,Яйцо перепелиное (10шт.),2.95
2025-07-19,sup2,cat4,Яйцо куриное С1 (10шт.),7.62
2025-07-19,sup1,cat6,Голубцы,16.60
2025-07-19,sup8,cat2,Огурец,6.43
2025-07-19,sup6,cat10,Хлеб светлый (400г.),1.20
2025-07-19,sup8,cat2,Томат,9.01
2025-07-19,sup1,cat11,Колбаски охотничьи (500г.),9.20
2025-07-19,sup5,cat12,Вода негаз. (0.5л.),0.99
2025-07-19,sup3,cat3,Кефир (1л.),2.27
2025-07-19,sup5,cat12,Вода негаз. (0.5л.),0.99
2025-07-19,sup6,cat10,Булочка с маком (1шт.),1.49
2025-07-19,sup12,cat12,Вода негаз. (0.5л.),0.99
2025-07-19,sup10,cat1,Груша,10.86
2025-07-19,sup2,cat5,Окорочка куриные,10.31
2025-07-19,sup12,cat12,Вода негаз. (0.5л.),1.98
2025-07-19,sup9,cat2,Томат,6.35
2025-07-19,sup5,cat12,Вода негаз. (0.5л.),1.98
2025-07-19,sup9,cat1,Арбуз,2.22
2025-07-19,sup3,cat3,Сметана (380г.),3.71
2025-07-19,sup3,cat3,Кефир (1л.),2.27
2025-07-19,sup3,cat3,Сметана (380г.),3.71
2025-07-19,sup2,cat6,Котлеты,16.10
2025-07-19,sup5,cat8,Кофе раств. (95г.),29.98
2025-07-19,sup6,cat10,Булочка с маком (1шт.),2.98
2025-07-19,sup12,cat12,Coca-Cola (1л.),3.07
2025-07-19,sup10,cat2,Морковь,0.62
2025-07-19,sup6,cat10,Булочка с маком (1шт.),4.47
2025-07-19,sup5,cat8,Сахар (1кг.),3.65
2025-07-19,sup5,cat9,Карамель,7.66
2025-07-19,sup2,cat6,Котлеты,13.45
2025-07-19,sup9,cat2,Томат,12.95
2025-07-19,sup6,cat10,Батон нарезной (240г.),1.22
2025-07-19,sup5,cat8,Чай пак. (25шт.),7.60
2025-07-19,sup9,cat1,Банан,13.59
2025-07-19,sup12,cat12,Coca-Cola (1л.),3.07
2025-07-19,sup1,cat11,Сосиски молочные,8.51
2025-07-19,sup8,cat2,Огурец,3.56
2025-07-19,sup4,cat7,Минтай,0.79
2025-07-19,sup9,cat2,Огурец,2.43
2025-07-20,sup3,cat3,Сметана (180г.),1.94
2025-07-20,sup2,cat11,Сосиски молочные,8.47
2025-07-20,sup5,cat8,Крупа гречневая (700г.),4.14
2025-07-20,sup1,cat5,Говядина,27.32
2025-07-20,sup2,cat6,Печень куриная (550г.),5.50
2025-07-20,sup12,cat12,Вода негаз. (0.5л.),0.99
2025-07-20,sup3,cat3,Кефир (1л.),2.27
2025-07-20,sup1,cat11,Салями,20.45
2025-07-20,sup10,cat2,Картофель,5.06
2025-07-20,sup5,cat8,Крупа манная (1кг.),2.02
2025-07-20,sup9,cat1,Яблоко,19.10
2025-07-20,sup1,cat11,Колбаса вареная (400г.),4.98
2025-07-20,sup2,cat6,Печень куриная (550г.),5.50
2025-07-20,sup5,cat12,Вода негаз. (0.5л.),0.99
2025-07-20,sup5,cat8,Сахар (1кг.),0.73
2025-07-20,sup1,cat5,Говядина,21.08
2025-07-20,sup5,cat8,Кофе мол. (250г.),19.99
2025-07-20,sup5,cat12,Лимонад (2л.),10.70
2025-07-20,sup10,cat2,Картофель,4.99
2025-07-20,sup1,cat5,Говядина,39.15
2025-07-20,sup1,cat6,Фарш,26.63
2025-07-20,sup5,cat8,Рис (900г.),3.49
2025-07-20,sup3,cat3,Молоко (1л.),2.60
2025-07-20,sup5,cat9,Зефир (230г.),8.79
2025-07-20,sup9,cat2,Огурец,7.94
2025-07-20,sup9,cat1,Апельсин,21.96
2025-07-20,sup1,cat11,Сервелат (400г.),8.51
2025-07-20,sup3,cat3,Кефир (1л.),2.27
2025-07-20,sup7,cat10,Батон нарезной (240г.),1.22
2025-07-20,sup2,cat4,Яйцо куриное С1 (10шт.),7.62
2025-07-20,sup5,cat12,Вода негаз. (0.5л.),0.99
2025-07-20,sup4,cat7,Скумбрия,6.44
2025-07-20,sup5,cat8,Мука (2кг.),5.20
2025-07-20,sup5,cat8,Кофе мол. (250г.),19.99
2025-07-20,sup9,cat2,Томат,8.30
2025-07-20,sup2,cat5,Окорочка куриные,6.20
2025-07-20,sup5,cat12,Сок яблочный (1л.),5.17
2025-07-20,sup5,cat8,Крупа гречневая (700г.),2.07
2025-07-20,sup2,cat5,Окорочка куриные,8.76
2025-07-20,sup7,cat10,Батон нарезной (240г.),2.44
2025-07-20,sup1,cat5,Свинина,13.24
2025-07-20,sup5,cat8,Сахар (1кг.),3.65
2025-07-20,sup1,cat11,Сосиски молочные,5.50
2025-07-20,sup6,cat10,Батон нарезной (240г.),1.22
2025-07-20,sup2,cat6,Котлеты,8.00
2025-07-20,sup12,cat12,Вода негаз. (0.5л.),0.99
2025-07-20,sup3,cat3,Молоко (1л.),5.20
2025-07-20,sup10,cat1,Яблоко,3.66
2025-07-20,sup4,cat7,Минтай,0.94
2025-07-20,sup12,cat12,Вода негаз. (0.5л.),0.99
2025-07-20,sup5,cat8,Сахар (1кг.),0.73
2025-07-20,sup9,cat1,Груша,11.34
2025-07-20,sup6,cat10,Батон нарезной (240г.),1.22
2025-07-20,sup10,cat2,Картофель,5.05
2025-07-20,sup7,cat10,Батон нарезной (240г.),1.22
2025-07-20,sup5,cat8,Мука (1кг.),1.64
2025-07-20,sup9,cat1,Апельсин,22.47
2025-07-20,sup5,cat8,Масло распсовое (0.8л.),4.99
2025-07-21,sup7,cat10,Хлеб светлый (400г.),1.20
2025-07-21,sup1,cat11,Бекон (220г),9.99
2025-07-21,sup6,cat10,Батон нарезной (240г.),1.22
2025-07-21,sup10,cat1,Яблоко,12.39
2025-07-21,sup10,cat1,Груша,6.57
2025-07-21,sup4,cat7,Минтай,0.91
2025-07-21,sup5,cat8,Чай пак. (25шт.),3.80
2025-07-21,sup3,cat3,Сметана (380г.),3.71
2025-07-21,sup4,cat7,Форель (200г.),18.25
2025-07-21,sup7,cat10,Батон нарезной (240г.),1.22
2025-07-21,sup3,cat3,Сметана (180г.),1.94
2025-07-21,sup5,cat8,Спагетти (400г.),1.76
2025-07-21,sup6,cat10,Батон нарезной (240г.),1.22
2025-07-21,sup3,cat3,Сыр сливочный (200г.),5.41
2025-07-21,sup5,cat12,Квас светлый (1л.),2.65
2025-07-21,sup5,cat9,Шоколад молочный (90г.),5.99
2025-07-21,sup12,cat12,Coca-Cola (1л.),3.07
2025-07-21,sup5,cat12,Квас светлый (1л.),2.65
2025-07-21,sup7,cat10,Батон нарезной (240г.),1.22
2025-07-21,sup5,cat12,Сок яблочный (1л.),5.17
2025-07-21,sup5,cat9,Карамель,7.29
2025-07-21,sup8,cat2,Капуста,3.36
2025-07-21,sup6,cat10,Батон нарезной (240г.),1.22
2025-07-21,sup1,cat11,Сервелат (400г.),17.02
2025-07-21,sup8,cat2,Картофель,1.78
2025-07-21,sup6,cat10,Булочка с маком (1шт.),4.47
2025-07-21,sup3,cat3,Кефир (1л.),2.27
2025-07-21,sup4,cat7,Скумбрия,10.12
2025-07-21,sup1,cat11,Колбаса вареная (400г.),4.98
2025-07-21,sup5,cat12,Лимонад (2л.),5.35
2025-07-21,sup1,cat5,Говядина,8.30
2025-07-21,sup3,cat3,Сыр голландский (200г.),5.02
2025-07-21,sup5,cat9,Карамель,8.05
2025-07-21,sup5,cat12,Лимонад (2л.),5.35
2025-07-21,sup5,cat8,Крупа перловая (1кг.),1.44
2025-07-21,sup1,cat5,Свинина,19.11
2025-07-21,sup4,cat7,Хек,7.43
2025-07-21,sup8,cat2,Огурец,3.15
2025-07-21,sup6,cat10,Булочка с маком (1шт.),1.49
2025-07-21,sup3,cat3,Сыр сливочный (200г.),5.41
2025-07-21,sup5,cat12,Лимонад (2л.),5.35
2025-07-21,sup4,cat7,Креветки,15.67
2025-07-21,sup12,cat12,Coca-Cola (1л.),3.07
2025-07-21,sup5,cat12,Сок апельсиновый (1л.),7.20
2025-07-21,sup8,cat2,Томат,9.85
2025-07-21,sup1,cat11,Колбаса вареная (400г.),4.98
2025-07-21,sup1,cat11,Сосиски молочные,10.22
2025-07-21,sup1,cat11,Колбаса вареная (400г.),4.98
2025-07-21,sup7,cat10,Хлеб светлый (400г.),1.20
2025-07-21,sup9,cat2,Томат,9.44
2025-07-21,sup9,cat2,Огурец,7.37
2025-07-22,sup3,cat3,Кефир (1л.),2.27
2025-07-22,sup8,cat2,Огурец,5.41
2025-07-22,sup3,cat3,Молоко (1л.),2.60
2025-07-22,sup8,cat2,Томат,13.93
2025-07-22,sup6,cat10,Батон нарезной (240г.),1.22
2025-07-22,sup5,cat9,Печенье овсяное (400г.),4.33
2025-07-22,sup9,cat1,Арбуз,5.42
2025-07-22,sup3,cat3,Кефир (1л.),2.27
2025-07-22,sup5,cat12,Вода негаз. (0.5л.),0.99
2025-07-22,sup2,cat11,Сосиски молочные,9.54
2025-07-22,sup5,cat12,Сок апельсиновый (1л.),14.40
2025-07-22,sup2,cat5,Филе куриное,11.61
2025-07-22,sup2,cat5,Филе куриное,12.21
2025-07-22,sup3,cat3,Молоко (1л.),2.60
2025-07-22,sup3,cat3,Молоко (1л.),2.60
2025-07-22,sup10,cat1,Груша,13.19
2025-07-22,sup2,cat6,Голубцы,32.62
2025-07-22,sup8,cat2,Картофель,4.84
2025-07-22,sup6,cat10,Батон нарезной (240г.),1.22
2025-07-22,sup3,cat3,Масло сливочное (360г.),9.49
2025-07-22,sup5,cat9,Карамель,6.58
2025-07-22,sup1,cat5,Говядина,11.39
2025-07-22,sup3,cat3,Молоко (1л.),2.60
2025-07-22,sup9,cat1,Апельсин,9.64
2025-07-22,sup8,cat1,Груша,11.02
2025-07-22,sup2,cat11,Ветчина,6.36
2025-07-22,sup1,cat11,Сервелат (400г.),17.02
2025-07-22,sup2,cat4,Яйцо куриное С1 (10шт.),3.81
2025-07-22,sup2,cat4,Яйцо куриное С1 (15шт.),6.44
2025-07-22,sup5,cat9,Карамель,3.36
2025-07-22,sup5,cat12,Вода негаз. (0.5л.),0.99
2025-07-22,sup5,cat9,Печенье овсяное (400г.),4.33
2025-07-22,sup6,cat10,Хлеб светлый (400г.),1.20
2025-07-22,sup3,cat3,Кефир (1л.),2.27
2025-07-22,sup10,cat1,Яблоко,16.78
2025-07-22,sup4,cat7,Хек,9.73
2025-07-22,sup5,cat12,Вода негаз. (0.5л.),0.99
2025-07-22,sup5,cat12,Вода негаз. (0.5л.),1.98
2025-07-22,sup4,cat7,Сельдь (250г.),5.99
2025-07-22,sup5,cat12,Вода негаз. (0.5л.),0.99
2025-07-22,sup10,cat2,Свекла,0.27
2025-07-22,sup5,cat8,Чай пак. (25шт.),3.80
2025-07-22,sup6,cat10,Батон нарезной (240г.),1.22
2025-07-22,sup8,cat2,Огурец,2.35
2025-07-22,sup5,cat9,Конфеты шоколадные,14.36
2025-07-22,sup3,cat3,Сыр российский,19.58
2025-07-22,sup5,cat9,Конфеты шоколадные,19.74
2025-07-22,sup5,cat8,Чай пак. (25шт.),3.80
2025-07-22,sup6,cat10,Хлеб ржаной (450г.),1.50
2025-07-22,sup2,cat5,Окорочка куриные,6.50
2025-07-22,sup6,cat10,Батон нарезной (240г.),2.44
2025-07-22,sup5,cat9,Конфеты шоколадные,29.50
2025-07-22,sup9,cat2,Огурец,4.16
2025-07-23,sup1,cat11,Сосиски молочные,11.84
2025-07-23,sup2,cat5,Окорочка куриные,4.70
2025-07-23,sup10,cat12,Сок яблочный (1л.),5.17
2025-07-23,sup5,cat9,Конфеты шоколадные,17.99
2025-07-23,sup3,cat3,Кефир (1л.),2.27
2025-07-23,sup5,cat8,Кофе мол. (250г.),19.99
2025-07-23,sup5,cat8,Рис (900г.),3.49
2025-07-23,sup3,cat3,Кефир (1л.),2.27
2025-07-23,sup9,cat1,Банан,14.57
2025-07-23,sup4,cat7,Паста рыбная (150г.),2.95
2025-07-23,sup5,cat9,Печенье овсяное (400г.),4.33
2025-07-23,sup2,cat11,Ветчина,6.05
2025-07-23,sup9,cat1,Яблоко,1.55
2025-07-23,sup5,cat9,Зефир (230г.),8.79
2025-07-23,sup6,cat10,Батон нарезной (240г.),1.22
2025-07-23,sup6,cat10,Хлеб светлый (400г.),1.20
2025-07-23,sup3,cat3,Молоко (1л.),2.60
2025-07-23,sup6,cat10,Батон нарезной (240г.),1.22
2025-07-23,sup7,cat10,Батон нарезной (240г.),1.22
2025-07-23,sup1,cat11,Сосиски молочные,7.50
2025-07-23,sup10,cat2,Свекла,1.16
2025-07-23,sup4,cat7,Форель (200г.),18.25
2025-07-23,sup5,cat9,Карамель,3.84
2025-07-23,sup2,cat4,Яйцо куриное С1 (10шт.),3.81
2025-07-23,sup3,cat3,Молоко (1л.),5.20
2025-07-23,sup1,cat11,Сосиски молочные,9.15
2025-07-23,sup1,cat11,Сосиски молочные,11.80
2025-07-23,sup2,cat5,Окорочка куриные,12.41
2025-07-23,sup5,cat8,Сахар (1кг.),1.46
2025-07-23,sup2,cat11,Ветчина,8.07
2025-07-23,sup2,cat4,Яйцо куриное С1 (10шт.),7.62
2025-07-23,sup3,cat3,Сметана (180г.),1.94
2025-07-23,sup5,cat9,Конфеты шоколадные,30.11
2025-07-23,sup3,cat3,Кефир (1л.),2.27
2025-07-23,sup9,cat2,Огурец,2.80
2025-07-23,sup10,cat2,Свекла,1.38
2025-07-23,sup7,cat10,Батон нарезной (240г.),2.44
2025-07-23,sup9,cat1,Груша,7.48
2025-07-23,sup9,cat1,Арбуз,3.51
2025-07-23,sup2,cat4,Яйцо куриное С1 (10шт.),7.62
2025-07-23,sup5,cat8,Мука (1кг.),1.64
2025-07-23,sup1,cat5,Говядина,30.99
2025-07-23,sup1,cat11,Ветчина,17.21
2025-07-23,sup12,cat12,Вода негаз. (0.5л.),0.99
2025-07-23,sup4,cat7,Минтай,0.90
2025-07-23,sup5,cat9,Карамель,1.73
2025-07-23,sup3,cat3,Молоко (1.5л.),3.86
2025-07-23,sup10,cat2,Картофель,2.46
2025-07-23,sup1,cat11,Колбаски охотничьи (500г.),9.20
2025-07-23,sup4,cat7,Сельдь (250г.),5.99
2025-07-23,sup5,cat8,Спагетти (400г.),1.76
2025-07-24,sup6,cat10,Батон нарезной (240г.),2.44
2025-07-24,sup8,cat2,Огурец,2.09
2025-07-24,sup5,cat9,Шоколад молочный (90г.),5.99
2025-07-24,sup8,cat2,Морковь,0.40
2025-07-24,sup5,cat8,Крупа перловая (1кг.),1.44
2025-07-24,sup5,cat9,Конфеты шоколадные,21.34
2025-07-24,sup5,cat8,Сахар (1кг.),0.73
2025-07-24,sup5,cat8,Кофе мол. (250г.),19.99
2025-07-24,sup1,cat11,Сосиски молочные,8.23
2025-07-24,sup1,cat11,Колбаса вареная (400г.),4.98
2025-07-24,sup5,cat12,Вода негаз. (0.5л.),0.99
2025-07-24,sup1,cat6,Фарш,17.31
2025-07-24,sup1,cat11,Сосиски молочные,5.92
2025-07-24,sup5,cat12,Вода негаз. (0.5л.),0.99
2025-07-24,sup1,cat11,Сосиски молочные,6.92
2025-07-24,sup5,cat8,Крупа перловая (1кг.),2.88
2025-07-24,sup2,cat5,Окорочка куриные,3.08
2025-07-24,sup6,cat10,Булочка с маком (1шт.),4.47
2025-07-24,sup5,cat9,Конфеты шоколадные,8.81
2025-07-24,sup5,cat12,Вода негаз. (0.5л.),0.99
2025-07-24,sup6,cat10,Плетенка (450г.),4.04
2025-07-24,sup5,cat8,Рис (900г.),3.49
2025-07-24,sup9,cat1,Груша,9.11
2025-07-24,sup5,cat8,Сахар (1кг.),0.73
2025-07-24,sup2,cat4,Яйцо куриное Д1 (10шт.),4.98
2025-07-24,sup6,cat10,Багет (200г.),2.49
2025-07-24,sup3,cat3,Масло сливочное (180г.),4.59
2025-07-24,sup8,cat2,Морковь,2.38
2025-07-24,sup3,cat3,Кефир (1л.),2.27
2025-07-24,sup6,cat10,Плетенка (450г.),4.04
2025-07-24,sup6,cat10,Хлеб светлый (400г.),1.20
2025-07-24,sup3,cat3,Молоко (1л.),2.60
2025-07-24,sup2,cat4,Яйцо куриное С1 (10шт.),3.81
2025-07-24,sup2,cat5,Филе куриное,4.87
2025-07-24,sup5,cat9,Конфеты шоколадные,12.24
2025-07-24,sup8,cat2,Огурец,8.01
2025-07-24,sup3,cat3,Творог (200г.),2.44
2025-07-24,sup2,cat11,Колбаса вареная (400г.),4.98
2025-07-24,sup1,cat6,Колбаски,35.58
2025-07-24,sup3,cat3,Молоко (1л.),2.60
2025-07-24,sup9,cat1,Апельсин,5.10
2025-07-24,sup5,cat9,Конфеты шоколадные,9.11
2025-07-24,sup5,cat8,Сахар (1кг.),0.73
2025-07-24,sup5,cat9,Печенье овсяное (400г.),4.33
2025-07-24,sup1,cat11,Сосиски молочные,10.54
2025-07-24,sup2,cat5,Окорочка куриные,10.82
2025-07-24,sup9,cat2,Томат,15.91
2025-07-24,sup3,cat3,Творог (200г.),4.88
2025-07-24,sup5,cat8,Кофе мол. (250г.),19.99
2025-07-24,sup6,cat10,Батон нарезной (240г.),2.44
2025-07-25,sup5,cat8,Спагетти (400г.),3.52
2025-07-25,sup9,cat2,Томат,22.38
2025-07-25,sup3,cat3,Сметана (180г.),3.88
2025-07-25,sup5,cat8,Макароны (900г.),1.49
2025-07-25,sup5,cat9,Печенье овсяное (400г.),4.33
2025-07-25,sup5,cat8,Масло распсовое (0.8л.),4.99
2025-07-25,sup6,cat10,Батон нарезной (240г.),1.22
2025-07-25,sup10,cat1,Яблоко,4.55
2025-07-25,sup9,cat2,Томат,19.10
2025-07-25,sup8,cat2,Картофель,5.53
2025-07-25,sup5,cat8,Макароны (900г.),1.49
2025-07-25,sup4,cat7,Минтай,1.82
2025-07-25,sup3,cat3,Молоко (1л.),5.20
2025-07-25,sup9,cat1,Арбуз,3.35
2025-07-25,sup5,cat8,Макароны (900г.),2.98
2025-07-25,sup7,cat10,Хлеб светлый (400г.),1.20
2025-07-25,sup10,cat2,Свекла,0.47
2025-07-25,sup9,cat1,Банан,15.35
2025-07-25,sup4,cat7,Форель (200г.),18.25
2025-07-25,sup3,cat3,Молоко (1л.),2.60
2025-07-25,sup10,cat2,Морковь,1.00
2025-07-25,sup6,cat10,Батон нарезной (240г.),1.22
2025-07-25,sup6,cat10,Батон нарезной (240г.),1.22
2025-07-25,sup4,cat7,Кальмар,30.44
2025-07-25,sup5,cat8,Спагетти (400г.),1.76
2025-07-25,sup7,cat10,Хлеб ржаной (450г.),1.50
2025-07-25,sup6,cat10,Батон нарезной (240г.),2.44
2025-07-25,sup1,cat6,Шашлык,31.64
2025-07-25,sup6,cat10,Батон нарезной (240г.),2.44
2025-07-25,sup1,cat11,Сосиски молочные,6.40
2025-07-25,sup3,cat3,Творог (200г.),2.44
2025-07-25,sup1,cat11,Колбаски охотничьи (500г.),9.20
2025-07-25,sup9,cat1,Арбуз,6.34
2025-07-25,sup1,cat5,Говядина,41.01
2025-07-25,sup9,cat2,Огурец,7.28
2025-07-25,sup1,cat11,Сосиски молочные,7.23
2025-07-25,sup5,cat12,Вода мин. газ. (1л.),1.59
2025-07-25,sup9,cat1,Банан,8.50
2025-07-25,sup3,cat3,Творог (200г.),2.44
2025-07-25,sup9,cat2,Огурец,4.93
2025-07-25,sup12,cat12,Coca-Cola (1л.),3.07
2025-07-25,sup3,cat3,Творог (200г.),2.44
2025-07-25,sup5,cat12,Вода негаз. (0.5л.),1.98
2025-07-25,sup6,cat10,Батон нарезной (240г.),1.22
2025-07-25,sup4,cat7,Скумбрия,9.88
2025-07-25,sup4,cat7,Сельдь (250г.),5.99
2025-07-25,sup3,cat3,Сметана (180г.),1.94
2025-07-25,sup5,cat9,Печенье овсяное (400г.),8.66
2025-07-25,sup3,cat3,Сыр сливочный (200г.),5.41
2025-07-25,sup10,cat1,Яблоко,12.23
2025-07-25,sup1,cat11,Ветчина,16.39
2025-07-25,sup9,cat1,Арбуз,3.87
2025-07-25,sup9,cat1,Банан,5.10
2025-07-25,sup1,cat6,Фарш,39.78
2025-07-25,sup9,cat1,Арбуз,6.76
2025-07-25,sup3,cat3,Масло сливочное (1кг.),30.73
2025-07-25,sup1,cat5,Свинина,42.82
2025-07-25,sup5,cat8,Сахар (1кг.),0.73
2025-07-25,sup5,cat9,Конфеты шоколадные,17.78
2025-07-25,sup5,cat12,Квас светлый (1л.),2.65
2025-07-25,sup10,cat2,Картофель,2.86
2025-07-25,sup5,cat12,Квас светлый (1л.),2.65
2025-07-25,sup7,cat10,Батон нарезной (240г.),1.22
2025-07-25,sup6,cat10,Булочка с маком (1шт.),2.98
2025-07-26,sup2,cat4,Яйцо куриное Д1 (10шт.),4.98
2025-07-26,sup1,cat11,Сосиски молочные,9.18
2025-07-26,sup6,cat10,Булочка с маком (1шт.),2.98
2025-07-26,sup5,cat8,Мука (1кг.),1.64
2025-07-26,sup9,cat2,Огурец,5.77
2025-07-26,sup6,cat10,Батон нарезной (240г.),2.44
2025-07-26,sup3,cat3,Кефир (1л.),2.27
2025-07-26,sup1,cat6,Колбаски,14.39
2025-07-26,sup5,cat9,Печенье овсяное (400г.),8.66
2025-07-26,sup2,cat6,Голубцы,24.70
2025-07-26,sup1,cat11,Сосиски молочные,8.57
2025-07-26,sup5,cat8,Рис (900г.),3.49
2025-07-26,sup5,cat8,Сахар (1кг.),1.46
2025-07-26,sup9,cat2,Огурец,7.74
2025-07-26,sup9,cat1,Апельсин,22.56
2025-07-26,sup5,cat8,Чай пак. (25шт.),3.80
2025-07-26,sup5,cat8,Масло подсолнечное (0.8л.),2.02
2025-07-26,sup2,cat4,Яйцо куриное С1 (10шт.),3.81
2025-07-26,sup1,cat11,Сосиски молочные,10.38
2025-07-26,sup2,cat5,Филе куриное,16.46
2025-07-26,sup3,cat3,Молоко (1л.),2.60
2025-07-26,sup3,cat3,Молоко (1л.),2.60
2025-07-26,sup6,cat10,Лаваш (300г.),2.89
2025-07-26,sup6,cat10,Хлеб ржаной (450г.),1.50
2025-07-26,sup4,cat7,Минтай,1.56
2025-07-26,sup3,cat3,Творог (200г.),4.88
2025-07-26,sup1,cat11,Сосиски молочные,9.00
2025-07-26,sup8,cat2,Огурец,4.74
2025-07-26,sup5,cat8,Рис (900г.),3.49
2025-07-26,sup5,cat9,Конфеты шоколадные,14.90
2025-07-26,sup5,cat8,Пшено (900г.),2.35
2025-07-26,sup5,cat8,Чай пак. (25шт.),3.80
2025-07-26,sup3,cat3,Молоко (1л.),2.60
2025-07-26,sup9,cat1,Апельсин,14.07
2025-07-26,sup5,cat12,Вода негаз. (0.5л.),0.99
2025-07-26,sup3,cat3,Молоко (1л.),5.20
2025-07-26,sup5,cat8,Сахар (1кг.),2.19
2025-07-26,sup5,cat8,Крупа перловая (1кг.),1.44
2025-07-26,sup2,cat11,Ветчина,13.73
2025-07-26,sup5,cat8,Кофе раств. (95г.),14.99
2025-07-26,sup3,cat3,Молоко (1л.),2.60
2025-07-26,sup5,cat12,Вода мин. газ. (1л.),1.59
2025-07-26,sup9,cat1,Апельсин,15.77
2025-07-26,sup3,cat3,Масло сливочное (180г.),9.18
2025-07-26,sup2,cat5,Филе куриное,5.07
2025-07-26,sup6,cat10,Батон нарезной (240г.),1.22
2025-07-26,sup3,cat3,Сметана (380г.),3.71
2025-07-26,sup4,cat7,Скумбрия,9.29
2025-07-26,sup5,cat12,Вода негаз. (0.5л.),0.99
2025-07-26,sup1,cat11,Сосиски молочные,7.38
2025-07-26,sup3,cat3,Молоко (1л.),2.60
2025-07-26,sup3,cat3,Сыр голландский (200г.),5.02
2025-07-26,sup5,cat12,Вода негаз. (0.5л.),1.98
2025-07-26,sup1,cat11,Колбаса вареная (400г.),4.98
2025-07-26,sup8,cat2,Картофель,4.21
2025-07-26,sup5,cat8,Мука (1кг.),1.64
2025-07-26,sup5,cat8,Масло распсовое (0.8л.),4.99
2025-07-26,sup2,cat11,Сосиски молочные,7.99
2025-07-26,sup5,cat9,Конфеты шоколадные,4.50
2025-07-26,sup5,cat8,Крупа гречневая (700г.),2.07
2025-07-26,sup6,cat10,Лаваш (300г.),2.89
2025-07-26,sup3,cat3,Кефир (1л.),2.27
2025-07-26,sup3,cat3,Сметана (380г.),3.71
2025-07-26,sup6,cat10,Батон нарезной (240г.),1.22
2025-07-26,sup5,cat8,Чай пак. (25шт.),3.80
2025-07-26,sup9,cat1,Арбуз,5.71
2025-07-27,sup6,cat10,Хлеб светлый (400г.),1.20
2025-07-27,sup5,cat9,Конфеты шоколадные,11.40
2025-07-27,sup10,cat2,Картофель,1.73
2025-07-27,sup5,cat9,Конфеты шоколадные,17.89
2025-07-27,sup3,cat3,Молоко (1л.),2.60
2025-07-27,sup7,cat10,Батон нарезной (240г.),1.22
2025-07-27,sup2,cat4,Яйцо куриное С1 (10шт.),3.81
2025-07-27,sup3,cat3,Молоко (1л.),2.60
2025-07-27,sup2,cat4,Яйцо куриное С1 (10шт.),7.62
2025-07-27,sup9,cat2,Огурец,0.86
2025-07-27,sup3,cat3,Кефир (1л.),4.54
2025-07-27,sup4,cat7,Скумбрия,16.96
2025-07-27,sup3,cat3,Кефир (1л.),2.27
2025-07-27,sup4,cat7,Хек,3.17
2025-07-27,sup2,cat4,Яйцо куриное С1 (10шт.),3.81
2025-07-27,sup5,cat8,Чай пак. (25шт.),3.80
2025-07-27,sup5,cat8,Пшено (900г.),2.35
2025-07-27,sup1,cat5,Говядина,17.50
2025-07-27,sup2,cat11,Сосиски молочные,9.22
2025-07-27,sup6,cat10,Батон нарезной (240г.),1.22
2025-07-27,sup5,cat12,Вода негаз. (0.5л.),0.99
2025-07-27,sup5,cat12,Квас светлый (1л.),2.65
2025-07-27,sup6,cat10,Батон нарезной (240г.),1.22
2025-07-27,sup2,cat4,Яйцо куриное С1 (10шт.),7.62
2025-07-27,sup5,cat8,Крупа манная (1кг.),2.02
2025-07-27,sup10,cat2,Картофель,3.25
2025-07-27,sup1,cat6,Фарш,18.92
2025-07-27,sup5,cat8,Рис (900г.),3.49
2025-07-27,sup7,cat10,Хлеб светлый (400г.),1.20
2025-07-27,sup1,cat5,Свинина,20.00
2025-07-27,sup6,cat10,Сушки (500г.),3.99
2025-07-27,sup5,cat12,Сок апельсиновый (1л.),7.20
2025-07-27,sup10,cat2,Свекла,0.86
2025-07-27,sup3,cat3,Молоко (1л.),2.60
2025-07-27,sup2,cat11,Сосиски молочные,3.77
2025-07-27,sup7,cat10,Батон нарезной (240г.),1.22
2025-07-27,sup7,cat10,Батон нарезной (240г.),1.22
2025-07-27,sup6,cat10,Батон нарезной (240г.),1.22
2025-07-27,sup1,cat5,Говядина,17.09
2025-07-27,sup7,cat10,Сушки (500г.),3.99
2025-07-27,sup12,cat12,Coca-Cola (1л.),3.07
2025-07-27,sup2,cat6,Голубцы,15.20
2025-07-27,sup12,cat12,Coca-Cola (1л.),3.07
2025-07-27,sup2,cat5,Филе куриное,9.74
2025-07-27,sup9,cat1,Апельсин,4.66
2025-07-27,sup9,cat2,Томат,1.91
2025-07-27,sup2,cat4,Яйцо куриное С1 (10шт.),3.81
2025-07-27,sup3,cat3,Молоко (1л.),2.60
2025-07-27,sup2,cat4,Яйцо куриное С1 (10шт.),3.81
2025-07-27,sup9,cat2,Огурец,3.19
2025-07-27,sup9,cat1,Банан,11.70
2025-07-27,sup10,cat1,Груша,7.17
2025-07-27,sup2,cat5,Окорочка куриные,4.14
2025-07-27,sup3,cat3,Кефир (1л.),4.54
2025-07-27,sup2,cat11,Сосиски молочные,11.08
2025-07-27,sup5,cat8,Макароны (900г.),1.49
2025-07-27,sup5,cat12,Вода негаз. (0.5л.),0.99
2025-07-28,sup3,cat3,Кефир (1л.),2.27
2025-07-28,sup7,cat10,Батон нарезной (240г.),1.22
2025-07-28,sup4,cat7,Форель (200г.),18.25
2025-07-28,sup3,cat3,Молоко (1л.),2.60
2025-07-28,sup8,cat1,Яблоко,9.23
2025-07-28,sup9,cat1,Арбуз,2.46
2025-07-28,sup5,cat9,Вафли (143г.),2.76
2025-07-28,sup7,cat10,Хлеб ржаной (450г.),1.50
2025-07-28,sup8,cat2,Томат,12.14
2025-07-28,sup1,cat11,Ветчина,12.38
2025-07-28,sup5,cat12,Сок яблочный (1л.),10.34
2025-07-28,sup7,cat10,Хлеб светлый (400г.),1.20
2025-07-28,sup1,cat5,Говядина,20.72
2025-07-28,sup5,cat12,Вода негаз. (0.5л.),0.99
2025-07-28,sup10,cat1,Груша,3.23
2025-07-28,sup9,cat2,Огурец,1.69
2025-07-28,sup1,cat6,Фарш,12.99
2025-07-28,sup3,cat3,Молоко (1л.),2.60
2025-07-28,sup8,cat2,Томат,14.41
2025-07-28,sup3,cat3,Молоко (1л.),2.60
2025-07-28,sup3,cat3,Сыр голландский (200г.),10.04
2025-07-28,sup6,cat10,Батон нарезной (240г.),1.22
2025-07-28,sup3,cat3,Сметана (380г.),7.42
2025-07-28,sup3,cat3,Масло сливочное (180г.),4.59
2025-07-28,sup9,cat2,Огурец,6.14
2025-07-28,sup8,cat2,Капуста,3.50
2025-07-28,sup12,cat12,Coca-Cola (1л.),3.07
2025-07-28,sup1,cat11,Колбаса вареная (400г.),4.98
2025-07-28,sup1,cat5,Говядина,11.06
2025-07-28,sup9,cat1,Арбуз,4.65
2025-07-28,sup1,cat11,Сосиски молочные,8.54
2025-07-28,sup1,cat11,Сосиски молочные,6.24
2025-07-28,sup12,cat12,Вода негаз. (0.5л.),0.99
2025-07-28,sup10,cat2,Морковь,2.26
2025-07-28,sup1,cat11,Колбаски охотничьи (500г.),9.20
2025-07-28,sup7,cat10,Батон нарезной (240г.),2.44
2025-07-28,sup5,cat9,Печенье овсяное (400г.),4.33
2025-07-28,sup4,cat7,Форель (200г.),18.25
2025-07-28,sup5,cat9,Зефир (230г.),8.79
2025-07-28,sup3,cat3,Молоко (1л.),2.60
2025-07-28,sup1,cat6,Котлеты,21.91
2025-07-28,sup1,cat5,Говядина,26.40
2025-07-28,sup5,cat12,Вода негаз. (0.5л.),0.99
2025-07-28,sup8,cat2,Картофель,3.80
2025-07-28,sup8,cat2,Морковь,1.47
2025-07-28,sup8,cat2,Картофель,1.34
2025-07-28,sup3,cat3,Молоко (1л.),2.60
2025-07-28,sup7,cat10,Хлеб светлый (400г.),1.20
2025-07-28,sup3,cat3,Молоко (1л.),2.60
2025-07-28,sup5,cat9,Конфеты шоколадные,32.58
2025-07-29,sup9,cat1,Апельсин,9.55
2025-07-29,sup5,cat9,Зефир (230г.),8.79
2025-07-29,sup1,cat5,Говядина,38.36
2025-07-29,sup2,cat11,Сосиски молочные,9.16
2025-07-29,sup2,cat5,Окорочка куриные,4.75
2025-07-29,sup1,cat5,Говядина,31.89
2025-07-29,sup3,cat3,Сыр российский,19.76
2025-07-29,sup3,cat3,Молоко (1л.),2.60
2025-07-29,sup2,cat6,Колбаски,12.62
2025-07-29,sup6,cat10,Булочка с маком (1шт.),1.49
2025-07-29,sup3,cat3,Творог (200г.),2.44
2025-07-29,sup6,cat10,Булочка с маком (1шт.),7.45
2025-07-29,sup1,cat11,Сосиски молочные,7.97
2025-07-29,sup5,cat8,Рис (900г.),3.49
2025-07-29,sup1,cat6,Колбаски,21.93
2025-07-29,sup1,cat11,Салями,20.56
2025-07-29,sup6,cat10,Плетенка (450г.),4.04
2025-07-29,sup8,cat2,Картофель,0.79
2025-07-29,sup9,cat2,Томат,10.66
2025-07-29,sup5,cat12,Квас светлый (1л.),2.65
2025-07-29,sup12,cat12,Coca-Cola (1л.),3.07
2025-07-29,sup8,cat2,Картофель,1.41
2025-07-29,sup3,cat3,Молоко (1л.),2.60
2025-07-29,sup4,cat7,Креветки,41.69
2025-07-29,sup10,cat1,Яблоко,11.26
2025-07-29,sup5,cat8,Макароны (900г.),1.49
2025-07-29,sup8,cat2,Морковь,2.18
2025-07-29,sup5,cat8,Кофе мол. (250г.),19.99
2025-07-29,sup1,cat5,Говядина,38.08
2025-07-29,sup1,cat6,Фарш,16.28
2025-07-29,sup1,cat6,Фарш,15.68
2025-07-29,sup1,cat11,Колбаски охотничьи (500г.),9.20
2025-07-29,sup5,cat8,Кофе мол. (250г.),19.99
2025-07-29,sup3,cat3,Сыр сливочный (200г.),5.41
2025-07-29,sup3,cat3,Сметана (180г.),3.88
2025-07-29,sup2,cat4,Яйцо куриное С1 (15шт.),6.44
2025-07-29,sup5,cat8,Крупа гречневая (700г.),4.14
2025-07-29,sup1,cat5,Говядина,12.45
2025-07-29,sup1,cat11,Колбаса вареная (400г.),4.98
2025-07-29,sup1,cat11,Бекон (220г),9.99
2025-07-29,sup1,cat11,Колбаса вареная (400г.),4.98
2025-07-29,sup8,cat2,Огурец,7.27
2025-07-29,sup9,cat2,Томат,23.25
2025-07-29,sup4,cat7,Минтай,0.67
2025-07-29,sup2,cat4,Яйцо куриное Д1 (10шт.),4.98
2025-07-29,sup2,cat11,Колбаса вареная (400г.),4.98
2025-07-29,sup2,cat4,Яйцо куриное С1 (15шт.),6.44
2025-07-29,sup1,cat5,Говядина,33.31
2025-07-30,sup1,cat11,Сосиски молочные,4.74
2025-07-30,sup4,cat7,Креветки,27.33
2025-07-30,sup6,cat10,Батон нарезной (240г.),2.44
2025-07-30,sup3,cat3,Сметана (180г.),3.88
2025-07-30,sup3,cat3,Кефир (1л.),2.27
2025-07-30,sup9,cat1,Арбуз,4.72
2025-07-30,sup6,cat10,Хлеб светлый (400г.),1.20
2025-07-30,sup5,cat8,Крупа манная (1кг.),2.02
2025-07-30,sup5,cat8,Сахар (1кг.),0.73
2025-07-30,sup7,cat10,Батон нарезной (240г.),1.22
2025-07-30,sup2,cat4,Яйцо куриное С1 (10шт.),3.81
2025-07-30,sup3,cat3,Творог (200г.),2.44
2025-07-30,sup2,cat4,Яйцо куриное С1 (10шт.),3.81
2025-07-30,sup1,cat6,Колбаски,37.36
2025-07-30,sup7,cat10,Батон нарезной (240г.),2.44
2025-07-30,sup6,cat10,Булочка с маком (1шт.),1.49
2025-07-30,sup1,cat5,Свинина,36.52
2025-07-30,sup2,cat5,Окорочка куриные,11.54
2025-07-30,sup9,cat2,Огурец,6.16
2025-07-30,sup2,cat4,Яйцо куриное С1 (15шт.),6.44
2025-07-30,sup2,cat4,Яйцо куриное С1 (15шт.),6.44
2025-07-30,sup7,cat10,Батон нарезной (240г.),2.44
2025-07-30,sup6,cat10,Плетенка (450г.),4.04
2025-07-30,sup1,cat6,Фарш,19.87
2025-07-30,sup5,cat12,Сок апельсиновый (1л.),7.20
2025-07-30,sup2,cat11,Колбаса вареная (400г.),4.98
2025-07-30,sup7,cat10,Хлеб ржаной (450г.),1.50
2025-07-30,sup7,cat10,Батон нарезной (240г.),1.22
2025-07-30,sup9,cat1,Банан,8.06
2025-07-30,sup6,cat10,Хлеб светлый (400г.),1.20
2025-07-30,sup1,cat5,Говядина,40.11
2025-07-30,sup3,cat3,Творог (200г.),4.88
2025-07-30,sup3,cat3,Масло сливочное (180г.),4.59
2025-07-30,sup6,cat10,Булочка с маком (1шт.),1.49
2025-07-30,sup3,cat3,Молоко (1л.),2.60
2025-07-30,sup2,cat11,Колбаса вареная (400г.),4.98
2025-07-30,sup9,cat1,Банан,13.55
2025-07-30,sup5,cat9,Карамель,3.15
2025-07-30,sup2,cat4,Яйцо куриное С1 (15шт.),6.44
2025-07-30,sup7,cat10,Сушки (500г.),3.99
2025-07-30,sup5,cat8,Крупа гречневая (700г.),2.07
2025-07-30,sup4,cat7,Сельдь (250г.),5.99
2025-07-30,sup5,cat8,Кофе мол. (250г.),19.99
2025-07-30,sup5,cat12,Вода негаз. (0.5л.),0.99
2025-07-30,sup5,cat8,Чай пак. (25шт.),3.80
2025-07-30,sup2,cat6,Печень куриная (550г.),5.50
2025-07-30,sup9,cat1,Арбуз,3.06
2025-07-30,sup1,cat11,Сосиски молочные,7.80
2025-07-30,sup9,cat1,Банан,1.75
2025-07-30,sup5,cat8,Крупа манная (1кг.),2.02
2025-07-30,sup2,cat4,Яйцо куриное С1 (10шт.),3.81
2025-07-30,sup1,cat11,Колбаски охотничьи (500г.),9.20
2025-07-31,sup1,cat11,Сервелат (400г.),8.51
2025-07-31,sup9,cat1,Банан,11.46
2025-07-31,sup2,cat6,Фарш,29.75
2025-07-31,sup6,cat10,Батон нарезной (240г.),1.22
2025-07-31,sup5,cat12,Вода негаз. (0.5л.),1.98
2025-07-31,sup6,cat10,Хлеб светлый (400г.),1.20
2025-07-31,sup6,cat10,Хлеб светлый (400г.),1.20
2025-07-31,sup6,cat10,Сушки (500г.),3.99
2025-07-31,sup8,cat1,Яблоко,3.97
2025-07-31,sup6,cat10,Батон нарезной (240г.),1.22
2025-07-31,sup2,cat5,Филе куриное,9.48
2025-07-31,sup1,cat11,Колбаса вареная (400г.),4.98
2025-07-31,sup5,cat12,Квас светлый (1л.),2.65
2025-07-31,sup6,cat10,Батон нарезной (240г.),1.22
2025-07-31,sup5,cat8,Мука (1кг.),1.64
2025-07-31,sup6,cat10,Батон нарезной (240г.),1.22
2025-07-31,sup5,cat9,Зефир (230г.),8.79
2025-07-31,sup3,cat3,Сметана (380г.),3.71
2025-07-31,sup6,cat10,Сушки (500г.),7.98
2025-07-31,sup3,cat3,Сметана (380г.),7.42
2025-07-31,sup5,cat9,Мармелад,2.43
2025-07-31,sup5,cat9,Печенье овсяное (400г.),4.33
2025-07-31,sup9,cat1,Банан,11.32
2025-07-31,sup6,cat10,Батон нарезной (240г.),1.22
2025-07-31,sup9,cat1,Арбуз,2.53
2025-07-31,sup9,cat1,Арбуз,2.28
2025-07-31,sup12,cat12,Coca-Cola (1л.),3.07
2025-07-31,sup5,cat8,Спагетти (400г.),1.76
2025-07-31,sup6,cat10,Хлеб светлый (400г.),1.20
2025-07-31,sup1,cat11,Сосиски молочные,6.13
2025-07-31,sup2,cat5,Филе куриное,11.18
2025-07-31,sup1,cat11,Сосиски молочные,9.16
2025-07-31,sup6,cat10,Хлеб светлый (400г.),1.20
2025-07-31,sup2,cat4,Яйцо куриное Д1 (10шт.),4.98
2025-07-31,sup9,cat1,Апельсин,18.29
2025-07-31,sup1,cat11,Сосиски молочные,6.69
2025-07-31,sup1,cat5,Говядина,24.88
2025-07-31,sup5,cat8,Спагетти (400г.),1.76
2025-07-31,sup9,cat1,Банан,2.97
2025-07-31,sup12,cat12,Вода негаз. (0.5л.),0.99
2025-07-31,sup3,cat3,Сметана (180г.),1.94
2025-07-31,sup6,cat10,Батон нарезной (240г.),2.44
2025-07-31,sup5,cat12,Вода негаз. (0.5л.),0.99
2025-07-31,sup8,cat2,Томат,22.70
2025-07-31,sup5,cat8,Спагетти (400г.),1.76
2025-07-31,sup2,cat4,Яйцо куриное С1 (10шт.),3.81
2025-07-31,sup4,cat7,Хек,9.55
2025-07-31,sup2,cat4,Яйцо куриное С1 (10шт.),3.81
2025-07-31,sup5,cat8,Масло подсолнечное (0.8л.),10.10
2025-07-31,sup1,cat11,Сосиски молочные,7.41
2025-07-31,sup6,cat10,Батон нарезной (240г.),1.22
2025-07-31,sup6,cat10,Булочка с маком (1шт.),1.49
2025-08-01,sup5,cat9,Конфеты шоколадные,11.48
2025-08-01,sup9,cat2,Томат,22.44
2025-08-01,sup3,cat3,Творог (200г.),7.32
2025-08-01,sup5,cat8,Спагетти (400г.),1.76
2025-08-01,sup5,cat9,Зефир (230г.),8.79
2025-08-01,sup1,cat6,Котлеты,13.14
2025-08-01,sup5,cat8,Чай пак. (25шт.),3.80
2025-08-01,sup4,cat7,Паста рыбная (150г.),2.95
2025-08-01,sup12,cat12,Coca-Cola (1л.),3.07
2025-08-01,sup5,cat8,Мука (1кг.),1.64
2025-08-01,sup10,cat2,Лук репчатый,0.46
2025-08-01,sup1,cat6,Колбаски,20.65
2025-08-01,sup5,cat9,Печенье овсяное (400г.),4.33
2025-08-01,sup6,cat10,Плетенка (450г.),4.04
2025-08-01,sup8,cat2,Лук репчатый,0.72
2025-08-01,sup10,cat2,Лук репчатый,0.79
2025-08-01,sup5,cat8,Рис (900г.),3.49
2025-08-01,sup1,cat11,Колбаса вареная (400г.),4.98
2025-08-01,sup7,cat10,Хлеб ржаной (450г.),1.50
2025-08-01,sup3,cat3,Творог (200г.),2.44
2025-08-01,sup1,cat11,Колбаса вареная (400г.),4.98
2025-08-01,sup9,cat1,Апельсин,14.12
2025-08-01,sup5,cat8,Рис (900г.),3.49
2025-08-01,sup5,cat9,Карамель,4.06
2025-08-01,sup1,cat11,Колбаски охотничьи (500г.),9.20
2025-08-01,sup3,cat3,Сметана (380г.),7.42
2025-08-01,sup3,cat3,Кефир (1л.),2.27
2025-08-01,sup5,cat9,Печенье овсяное (400г.),4.33
2025-08-01,sup12,cat12,Вода негаз. (0.5л.),1.98
2025-08-01,sup1,cat11,Салями,20.45
2025-08-01,sup1,cat11,Колбаса вареная (400г.),4.98
2025-08-01,sup8,cat2,Картофель,2.53
2025-08-01,sup5,cat12,Сок апельсиновый (1л.),7.20
2025-08-01,sup3,cat3,Творог (200г.),4.88
2025-08-01,sup4,cat7,Креветки,20.75
2025-08-01,sup5,cat12,Вода негаз. (0.5л.),1.98
2025-08-01,sup3,cat3,Молоко (1л.),2.60
2025-08-01,sup5,cat8,Кофе раств. (95г.),29.98
2025-08-01,sup1,cat11,Сосиски молочные,8.59
2025-08-01,sup5,cat8,Масло подсолнечное (0.8л.),2.02
2025-08-01,sup4,cat7,Форель (200г.),18.25
2025-08-01,sup3,cat3,Масло сливочное (180г.),4.59
2025-08-01,sup1,cat5,Говядина,29.02
2025-08-01,sup8,cat2,Свекла,1.18
2025-08-01,sup1,cat11,Колбаса вареная (400г.),4.98
2025-08-01,sup1,cat6,Котлеты,12.39
2025-08-01,sup5,cat9,Вафли (143г.),2.76
2025-08-01,sup8,cat2,Картофель,4.53
2025-08-01,sup3,cat3,Масло сливочное (180г.),4.59
2025-08-01,sup1,cat6,Шашлык,28.45
2025-08-01,sup5,cat9,Печенье овсяное (400г.),8.66
2025-08-01,sup1,cat11,Колбаски охотничьи (500г.),27.60
2025-08-01,sup3,cat3,Масло сливочное (180г.),9.18
2025-08-01,sup7,cat10,Батон нарезной (240г.),1.22
2025-08-01,sup8,cat1,Груша,2.74
2025-08-01,sup4,cat7,Кальмар,42.92
2025-08-01,sup8,cat2,Томат,6.47
2025-08-01,sup1,cat11,Сосиски молочные,8.42
2025-08-01,sup6,cat10,Батон нарезной (240г.),1.22
2025-08-01,sup5,cat8,Сахар (1кг.),2.92
2025-08-01,sup8,cat2,Огурец,1.76
2025-08-01,sup1,cat11,Сосиски молочные,7.03
2025-08-01,sup9,cat2,Томат,20.71
2025-08-01,sup5,cat9,Печенье овсяное (400г.),4.33
2025-08-01,sup8,cat2,Картофель,2.48
2025-08-01,sup9,cat1,Апельсин,2.18
2025-08-01,sup1,cat6,Котлеты,6.39
2025-08-02,sup4,cat7,Сельдь (250г.),5.99
2025-08-02,sup5,cat9,Печенье овсяное (400г.),4.33
2025-08-02,sup8,cat2,Огурец,7.49
2025-08-02,sup1,cat5,Свинина,38.67
2025-08-02,sup2,cat11,Ветчина,9.13
2025-08-02,sup5,cat8,Масло подсолнечное (0.8л.),2.02
2025-08-02,sup4,cat7,Форель (200г.),18.25
2025-08-02,sup5,cat8,Сахар (1кг.),2.92
2025-08-02,sup4,cat7,Минтай,1.22
2025-08-02,sup2,cat4,Яйцо куриное С1 (10шт.),3.81
2025-08-02,sup5,cat9,Мармелад,6.55
2025-08-02,sup12,cat12,Вода негаз. (0.5л.),0.99
2025-08-02,sup5,cat8,Макароны (900г.),1.49
2025-08-02,sup9,cat1,Апельсин,24.10
2025-08-02,sup5,cat9,Конфеты шоколадные,28.75
2025-08-02,sup5,cat12,Лимонад (2л.),10.70
2025-08-02,sup5,cat12,Квас светлый (1л.),2.65
2025-08-02,sup8,cat2,Капуста,3.19
2025-08-02,sup8,cat2,Картофель,5.23
2025-08-02,sup10,cat2,Картофель,2.67
2025-08-02,sup1,cat11,Колбаски охотничьи (500г.),9.20
2025-08-02,sup10,cat2,Морковь,1.32
2025-08-02,sup6,cat10,Хлеб ржаной (450г.),1.50
2025-08-02,sup1,cat5,Свинина,32.18
2025-08-02,sup5,cat12,Вода негаз. (0.5л.),0.99
2025-08-02,sup6,cat10,Плетенка (450г.),4.04
2025-08-02,sup9,cat1,Арбуз,4.92
2025-08-02,sup2,cat11,Колбаса вареная (400г.),4.98
2025-08-02,sup4,cat7,Креветки,31.75
2025-08-02,sup3,cat3,Кефир (1л.),2.27
2025-08-02,sup8,cat2,Томат,21.00
2025-08-02,sup8,cat2,Свекла,0.36
2025-08-02,sup3,cat3,Кефир (1л.),2.27
2025-08-02,sup5,cat12,Сок апельсиновый (1л.),7.20
2025-08-02,sup3,cat3,Кефир (1л.),4.54
2025-08-02,sup9,cat1,Арбуз,4.47
2025-08-02,sup3,cat3,Молоко (1л.),2.60
2025-08-02,sup8,cat2,Огурец,7.73
2025-08-02,sup9,cat2,Томат,16.13
2025-08-02,sup9,cat1,Банан,8.32
2025-08-02,sup2,cat4,Яйцо куриное С1 (10шт.),3.81
2025-08-02,sup6,cat10,Булочка с маком (1шт.),1.49
2025-08-02,sup5,cat12,Вода негаз. (0.5л.),1.98
2025-08-02,sup3,cat3,Кефир (1л.),2.27
2025-08-02,sup4,cat7,Кальмар,36.86
2025-08-02,sup6,cat10,Батон нарезной (240г.),1.22
2025-08-02,sup5,cat8,Крупа гречневая (700г.),4.14
2025-08-02,sup5,cat8,Чай пак. (25шт.),3.80
2025-08-02,sup2,cat4,Яйцо куриное С1 (15шт.),6.44
2025-08-02,sup5,cat8,Кофе мол. (250г.),39.98
2025-08-02,sup5,cat8,Сахар (1кг.),0.73
2025-08-02,sup5,cat9,Зефир (230г.),8.79
2025-08-02,sup2,cat4,Яйцо куриное С1 (10шт.),7.62
2025-08-02,sup6,cat10,Хлеб светлый (400г.),1.20
2025-08-02,sup2,cat11,Колбаса вареная (400г.),4.98
2025-08-02,sup5,cat9,Печенье овсяное (400г.),4.33
2025-08-02,sup5,cat8,Спагетти (400г.),1.76
2025-08-02,sup6,cat10,Булочка с маком (1шт.),2.98
2025-08-02,sup6,cat10,Хлеб светлый (400г.),1.20
2025-08-02,sup6,cat10,Батон нарезной (240г.),1.22
2025-08-02,sup1,cat11,Сервелат (400г.),8.51
2025-08-02,sup5,cat12,Вода негаз. (0.5л.),0.99
2025-08-02,sup6,cat10,Багет (200г.),2.49
2025-08-02,sup5,cat9,Карамель,3.86
2025-08-02,sup6,cat10,Батон нарезной (240г.),1.22
2025-08-02,sup3,cat3,Сметана (380г.),3.71
2025-08-03,sup2,cat4,Яйцо куриное С1 (10шт.),3.81
2025-08-03,sup5,cat9,Печенье овсяное (400г.),4.33
2025-08-03,sup3,cat3,Кефир (1л.),2.27
2025-08-03,sup2,cat4,Яйцо куриное Д1 (10шт.),4.98
2025-08-03,sup9,cat1,Апельсин,4.05
2025-08-03,sup5,cat12,Сок яблочный (1л.),5.17
2025-08-03,sup1,cat6,Шашлык,44.90
2025-08-03,sup3,cat3,Кефир (1л.),2.27
2025-08-03,sup2,cat4,Яйцо куриное Д1 (10шт.),4.98
2025-08-03,sup6,cat10,Батон нарезной (240г.),2.44
2025-08-03,sup1,cat5,Свинина,38.96
2025-08-03,sup1,cat5,Говядина,13.12
2025-08-03,sup7,cat10,Хлеб светлый (400г.),1.20
2025-08-03,sup7,cat10,Хлеб светлый (400г.),1.20
2025-08-03,sup4,cat7,Креветки,13.61
2025-08-03,sup5,cat8,Спагетти (400г.),1.76
2025-08-03,sup2,cat6,Колбаски,37.71
2025-08-03,sup1,cat5,Говядина,10.74
2025-08-03,sup5,cat8,Масло подсолнечное (0.8л.),2.02
2025-08-03,sup3,cat3,Сыр российский,12.25
2025-08-03,sup2,cat5,Окорочка куриные,12.96
2025-08-03,sup5,cat12,Сок апельсиновый (1л.),7.20
2025-08-03,sup6,cat10,Батон нарезной (240г.),2.44
2025-08-03,sup10,cat2,Картофель,5.56
2025-08-03,sup6,cat10,Батон нарезной (240г.),1.22
2025-08-03,sup7,cat10,Хлеб светлый (400г.),1.20
2025-08-03,sup5,cat8,Масло подсолнечное (0.8л.),2.02
2025-08-03,sup10,cat2,Лук репчатый,1.12
2025-08-03,sup10,cat2,Картофель,1.17
2025-08-03,sup3,cat3,Сметана (180г.),1.94
2025-08-03,sup9,cat2,Огурец,4.97
2025-08-03,sup5,cat8,Крупа гречневая (700г.),2.07
2025-08-03,sup2,cat4,Яйцо куриное С1 (10шт.),3.81
2025-08-03,sup10,cat2,Лук репчатый,0.79
2025-08-03,sup1,cat11,Колбаса вареная (400г.),4.98
2025-08-03,sup1,cat11,Сервелат (400г.),8.51
2025-08-03,sup3,cat3,Молоко (1л.),5.20
2025-08-03,sup2,cat6,Печень куриная (550г.),5.50
2025-08-03,sup10,cat1,Груша,17.72
2025-08-03,sup5,cat8,Крупа гречневая (700г.),4.14
2025-08-03,sup2,cat4,Яйцо куриное Д1 (10шт.),4.98
2025-08-03,sup5,cat9,Шоколад молочный (90г.),11.98
2025-08-03,sup3,cat3,Кефир (1л.),2.27
2025-08-03,sup1,cat6,Фарш,23.58
2025-08-03,sup5,cat9,Конфеты шоколадные,27.47
2025-08-03,sup1,cat11,Сосиски молочные,8.43
2025-08-03,sup2,cat4,Яйцо куриное С1 (10шт.),3.81
2025-08-03,sup4,cat7,Форель (200г.),18.25
2025-08-03,sup9,cat2,Томат,11.48
2025-08-03,sup5,cat9,Вафли (143г.),2.76
2025-08-03,sup7,cat10,Батон нарезной (240г.),1.22
2025-08-03,sup12,cat12,Вода негаз. (0.5л.),1.98
2025-08-03,sup1,cat11,Колбаса вареная (400г.),4.98
2025-08-03,sup5,cat8,Мука (1кг.),1.64
2025-08-03,sup10,cat1,Груша,8.95
2025-08-03,sup5,cat8,Пшено (900г.),2.35
2025-08-03,sup10,cat2,Картофель,1.11
2025-08-03,sup12,cat12,Coca-Cola (1л.),3.07
2025-08-04,sup3,cat3,Сыр российский,10.57
2025-08-04,sup3,cat3,Сыр российский,22.01
2025-08-04,sup1,cat11,Ветчина,10.59
2025-08-04,sup7,cat10,Батон нарезной (240г.),1.22
2025-08-04,sup6,cat10,Булочка с маком (1шт.),2.98
2025-08-04,sup8,cat2,Огурец,7.64
2025-08-04,sup3,cat3,Молоко (1.5л.),7.72
2025-08-04,sup6,cat10,Булочка с маком (1шт.),1.49
2025-08-04,sup6,cat10,Хлеб светлый (400г.),1.20
2025-08-04,sup3,cat3,Молоко (1л.),2.60
2025-08-04,sup3,cat3,Сметана (180г.),1.94
2025-08-04,sup12,cat12,Вода негаз. (0.5л.),0.99
2025-08-04,sup5,cat9,Зефир (230г.),8.79
2025-08-04,sup10,cat2,Лук репчатый,1.22
2025-08-04,sup5,cat8,Кофе мол. (250г.),39.98
2025-08-04,sup5,cat12,Вода негаз. (0.5л.),0.99
2025-08-04,sup5,cat8,Спагетти (400г.),1.76
2025-08-04,sup3,cat3,Кефир (1л.),2.27
2025-08-04,sup1,cat6,Шашлык,46.75
2025-08-04,sup8,cat2,Огурец,5.68
2025-08-04,sup5,cat8,Соль (1кг.),0.73
2025-08-04,sup3,cat3,Сметана (380г.),7.42
2025-08-04,sup5,cat12,Квас светлый (1л.),2.65
2025-08-04,sup5,cat8,Рис (900г.),3.49
2025-08-04,sup1,cat5,Говядина,23.45
2025-08-04,sup5,cat8,Рис (900г.),3.49
2025-08-04,sup8,cat2,Лук репчатый,1.42
2025-08-04,sup5,cat8,Сахар (1кг.),0.73
2025-08-04,sup5,cat12,Вода негаз. (0.5л.),1.98
2025-08-04,sup3,cat3,Сметана (180г.),1.94
2025-08-04,sup3,cat3,Кефир (1л.),2.27
2025-08-04,sup5,cat8,Крупа гречневая (700г.),4.14
2025-08-04,sup5,cat8,Рис (900г.),3.49
2025-08-04,sup10,cat2,Картофель,3.94
2025-08-04,sup5,cat8,Крупа манная (1кг.),2.02
2025-08-04,sup1,cat6,Колбаски,37.31
2025-08-04,sup4,cat7,Минтай,0.91
2025-08-04,sup12,cat12,Вода негаз. (0.5л.),0.99
2025-08-04,sup12,cat12,Coca-Cola (1л.),3.07
2025-08-04,sup5,cat8,Крупа манная (1кг.),2.02
2025-08-04,sup9,cat1,Апельсин,12.85
2025-08-04,sup1,cat11,Колбаса вареная (400г.),4.98
2025-08-04,sup6,cat10,Батон нарезной (240г.),1.22
2025-08-04,sup8,cat2,Свекла,1.02
2025-08-04,sup1,cat11,Сосиски молочные,9.03
2025-08-04,sup3,cat3,Творог (200г.),2.44
2025-08-04,sup9,cat1,Банан,7.45
2025-08-04,sup5,cat8,Сахар (1кг.),0.73
2025-08-04,sup5,cat8,Соль (1кг.),0.73
2025-08-04,sup12,cat12,Вода негаз. (0.5л.),1.98
2025-08-04,sup3,cat3,Кефир (1л.),2.27
2025-08-04,sup6,cat10,Хлеб светлый (400г.),1.20
2025-08-04,sup5,cat8,Кофе мол. (250г.),19.99
2025-08-05,sup2,cat5,Филе куриное,12.00
2025-08-05,sup1,cat11,Бекон (220г),9.99
2025-08-05,sup5,cat8,Сахар (1кг.),0.73
2025-08-05,sup4,cat7,Форель (200г.),18.25
2025-08-05,sup5,cat9,Конфеты шоколадные,10.67
2025-08-05,sup6,cat10,Хлеб светлый (400г.),1.20
2025-08-05,sup1,cat11,Сервелат (400г.),8.51
2025-08-05,sup3,cat3,Молоко (1л.),2.60
2025-08-05,sup1,cat11,Сосиски молочные,4.74
2025-08-05,sup6,cat10,Хлеб ржаной (450г.),1.50
2025-08-05,sup8,cat2,Лук репчатый,0.28
2025-08-05,sup5,cat8,Сахар (1кг.),2.92
2025-08-05,sup5,cat12,Лимонад (2л.),5.35
2025-08-05,sup9,cat1,Банан,14.41
2025-08-05,sup5,cat9,Карамель,4.69
2025-08-05,sup9,cat1,Апельсин,12.22
2025-08-05,sup5,cat12,Вода негаз. (0.5л.),1.98
2025-08-05,sup12,cat12,Coca-Cola (1л.),6.14
2025-08-05,sup4,cat7,Хек,8.82
2025-08-05,sup10,cat2,Картофель,2.91
2025-08-05,sup3,cat3,Молоко (1л.),2.60
2025-08-05,sup1,cat5,Говядина,31.96
2025-08-05,sup12,cat12,Вода негаз. (0.5л.),0.99
2025-08-05,sup1,cat11,Салями,22.00
2025-08-05,sup5,cat12,Вода негаз. (0.5л.),0.99
2025-08-05,sup5,cat9,Конфеты шоколадные,16.12
2025-08-05,sup5,cat8,Кофе мол. (250г.),59.97
2025-08-05,sup2,cat11,Сосиски молочные,6.54
2025-08-05,sup9,cat1,Арбуз,2.32
2025-08-05,sup6,cat10,Багет (200г.),2.49
2025-08-05,sup6,cat10,Плетенка (450г.),4.04
2025-08-05,sup5,cat9,Конфеты шоколадные,20.90
2025-08-05,sup10,cat1,Груша,12.20
2025-08-05,sup10,cat2,Морковь,0.71
2025-08-05,sup5,cat9,Карамель,5.13
2025-08-05,sup6,cat10,Булочка с маком (1шт.),4.47
2025-08-05,sup3,cat3,Кефир (1л.),4.54
2025-08-05,sup4,cat7,Хек,7.60
2025-08-05,sup2,cat4,Яйцо куриное С1 (15шт.),6.44
2025-08-05,sup2,cat4,Яйцо куриное С1 (10шт.),3.81
2025-08-05,sup3,cat3,Молоко (1л.),2.60
2025-08-05,sup5,cat8,Мука (1кг.),1.64
2025-08-05,sup6,cat10,Лаваш (300г.),2.89
2025-08-05,sup12,cat12,Вода негаз. (0.5л.),0.99
2025-08-05,sup5,cat12,Квас светлый (1л.),2.65
2025-08-05,sup6,cat10,Булочка с маком (1шт.),4.47
2025-08-05,sup1,cat11,Салями,21.86
2025-08-05,sup2,cat4,Яйцо куриное С1 (15шт.),6.44
2025-08-05,sup9,cat1,Арбуз,3.05
2025-08-05,sup5,cat8,Макароны (900г.),1.49
2025-08-05,sup8,cat2,Огурец,1.39
2025-08-05,sup5,cat9,Зефир (230г.),8.79
2025-08-06,sup12,cat12,Вода негаз. (0.5л.),0.99
2025-08-06,sup1,cat6,Колбаски,11.99
2025-08-06,sup1,cat5,Свинина,34.76
2025-08-06,sup6,cat10,Батон нарезной (240г.),1.22
2025-08-06,sup4,cat7,Кальмар,36.35
2025-08-06,sup10,cat2,Картофель,6.07
2025-08-06,sup5,cat9,Карамель,1.57
2025-08-06,sup5,cat9,Шоколад молочный (90г.),5.99
2025-08-06,sup9,cat1,Банан,13.79
2025-08-06,sup7,cat10,Батон нарезной (240г.),1.22
2025-08-06,sup10,cat2,Картофель,4.26
2025-08-06,sup3,cat3,Кефир (1л.),2.27
2025-08-06,sup5,cat8,Крупа гречневая (700г.),2.07
2025-08-06,sup5,cat9,Конфеты шоколадные,30.23
2025-08-06,sup4,cat7,Форель (200г.),18.25
2025-08-06,sup5,cat12,Лимонад (2л.),10.70
2025-08-06,sup5,cat12,Вода негаз. (0.5л.),0.99
2025-08-06,sup5,cat9,Карамель,3.92
2025-08-06,sup4,cat7,Скумбрия,3.65
2025-08-06,sup5,cat8,Крупа гречневая (700г.),2.07
2025-08-06,sup5,cat9,Конфеты шоколадные,5.61
2025-08-06,sup9,cat2,Томат,6.93
2025-08-06,sup5,cat12,Вода негаз. (0.5л.),0.99
2025-08-06,sup3,cat3,Молоко (1л.),2.60
2025-08-06,sup9,cat2,Томат,13.82
2025-08-06,sup4,cat7,Минтай,1.39
2025-08-06,sup1,cat6,Фарш,21.13
2025-08-06,sup6,cat10,Хлеб светлый (400г.),1.20
2025-08-06,sup3,cat3,Сметана (380г.),7.42
2025-08-06,sup6,cat10,Батон нарезной (240г.),1.22
2025-08-06,sup1,cat11,Ветчина,12.47
2025-08-06,sup1,cat6,Фарш,16.75
2025-08-06,sup1,cat11,Колбаса вареная (400г.),4.98
2025-08-06,sup2,cat5,Филе куриное,12.66
2025-08-06,sup3,cat3,Творог (200г.),4.88
2025-08-06,sup2,cat6,Котлеты,12.11
2025-08-06,sup3,cat3,Сметана (380г.),3.71
2025-08-06,sup1,cat11,Сосиски молочные,4.83
2025-08-06,sup2,cat5,Окорочка куриные,13.26
2025-08-06,sup1,cat11,Колбаски охотничьи (500г.),9.20
2025-08-06,sup5,cat9,Печенье овсяное (400г.),4.33
2025-08-06,sup5,cat8,Сахар (1кг.),1.46
2025-08-06,sup3,cat3,Кефир (1л.),2.27
2025-08-06,sup2,cat5,Окорочка куриные,7.90
2025-08-06,sup5,cat9,Конфеты шоколадные,30.37
2025-08-06,sup3,cat3,Молоко (1л.),5.20
2025-08-06,sup5,cat8,Крупа манная (1кг.),2.02
2025-08-06,sup9,cat2,Томат,3.82
2025-08-06,sup2,cat5,Окорочка куриные,11.34
2025-08-06,sup12,cat12,Coca-Cola (1л.),3.07
2025-08-06,sup6,cat10,Булочка с маком (1шт.),2.98
2025-08-07,sup10,cat2,Лук репчатый,0.37
2025-08-07,sup5,cat8,Масло подсолнечное (0.8л.),2.02
2025-08-07,sup9,cat1,Банан,7.81
2025-08-07,sup3,cat3,Сыр голландский (200г.),5.02
2025-08-07,sup1,cat5,Говядина,22.32
2025-08-07,sup1,cat5,Свинина,33.11
2025-08-07,sup2,cat6,Котлеты,23.38
2025-08-07,sup3,cat3,Молоко (1л.),2.60
2025-08-07,sup1,cat6,Голубцы,13.02
2025-08-07,sup3,cat3,Молоко (1л.),5.20
2025-08-07,sup8,cat2,Томат,20.60
2025-08-07,sup1,cat5,Свинина,21.06
2025-08-07,sup5,cat8,Крупа гречневая (700г.),2.07
2025-08-07,sup3,cat3,Масло сливочное (360г.),9.49
2025-08-07,sup5,cat9,Печенье овсяное (400г.),8.66
2025-08-07,sup2,cat4,Яйцо куриное С1 (10шт.),3.81
2025-08-07,sup5,cat8,Рис (900г.),3.49
2025-08-07,sup9,cat2,Томат,22.91
2025-08-07,sup3,cat3,Кефир (1л.),2.27
2025-08-07,sup2,cat6,Фарш,35.33
2025-08-07,sup9,cat2,Огурец,6.89
2025-08-07,sup1,cat6,Фарш,46.01
2025-08-07,sup5,cat8,Кофе мол. (250г.),19.99
2025-08-07,sup2,cat6,Голубцы,18.67
2025-08-07,sup1,cat11,Колбаса вареная (400г.),4.98
2025-08-07,sup2,cat4,Яйцо куриное С1 (10шт.),7.62
2025-08-07,sup5,cat8,Пшено (900г.),2.35
2025-08-07,sup2,cat4,Яйцо куриное С1 (15шт.),6.44
2025-08-07,sup2,cat5,Филе куриное,16.38
2025-08-07,sup1,cat6,Колбаски,34.65
2025-08-07,sup8,cat1,Яблоко,1.85
2025-08-07,sup2,cat11,Колбаса вареная (400г.),4.98
2025-08-07,sup6,cat10,Хлеб ржаной (450г.),1.50
2025-08-07,sup8,cat2,Картофель,0.30
2025-08-07,sup12,cat12,Вода негаз. (0.5л.),0.99
2025-08-07,sup5,cat8,Спагетти (400г.),1.76
2025-08-07,sup3,cat3,Кефир (1л.),4.54
2025-08-07,sup5,cat12,Вода негаз. (0.5л.),1.98
2025-08-07,sup6,cat10,Булочка с маком (1шт.),1.49
2025-08-07,sup2,cat6,Печень куриная (550г.),11.00
2025-08-07,sup1,cat11,Колбаса вареная (400г.),4.98
2025-08-07,sup9,cat2,Томат,20.13
2025-08-07,sup1,cat11,Сосиски молочные,6.65
2025-08-07,sup6,cat10,Лаваш (300г.),2.89
2025-08-07,sup4,cat7,Паста рыбная (150г.),2.95
2025-08-07,sup4,cat7,Паста рыбная (150г.),2.95
2025-08-07,sup6,cat10,Хлеб светлый (400г.),1.20
2025-08-07,sup6,cat10,Плетенка (450г.),4.04
2025-08-07,sup10,cat2,Лук репчатый,1.08
2025-08-07,sup3,cat3,Творог (200г.),2.44
2025-08-08,sup8,cat2,Томат,14.82
2025-08-08,sup5,cat12,Вода негаз. (0.5л.),0.99
2025-08-08,sup12,cat12,Coca-Cola (1л.),6.14
2025-08-08,sup1,cat5,Говядина,41.07
2025-08-08,sup5,cat12,Вода негаз. (0.5л.),0.99
2025-08-08,sup3,cat3,Сметана (380г.),3.71
2025-08-08,sup8,cat2,Томат,15.86
2025-08-08,sup6,cat10,Хлеб светлый (400г.),1.20
2025-08-08,sup8,cat2,Картофель,4.68
2025-08-08,sup10,cat1,Груша,19.27
2025-08-08,sup6,cat10,Лаваш (300г.),2.89
2025-08-08,sup5,cat8,Спагетти (400г.),1.76
2025-08-08,sup6,cat10,Плетенка (450г.),4.04
2025-08-08,sup4,cat7,Минтай,1.33
2025-08-08,sup3,cat3,Творог (200г.),2.44
2025-08-08,sup6,cat10,Хлеб ржаной (450г.),1.50
2025-08-08,sup1,cat11,Сосиски молочные,4.78
2025-08-08,sup1,cat11,Сосиски молочные,6.35
2025-08-08,sup1,cat11,Колбаса вареная (400г.),4.98
2025-08-08,sup10,cat12,Сок яблочный (1л.),5.17
2025-08-08,sup8,cat1,Яблоко,10.08
2025-08-08,sup5,cat8,Масло подсолнечное (0.8л.),2.02
2025-08-08,sup7,cat10,Батон нарезной (240г.),1.22
2025-08-08,sup6,cat10,Лаваш (300г.),2.89
2025-08-08,sup9,cat1,Банан,3.31
2025-08-08,sup7,cat10,Батон нарезной (240г.),1.22
2025-08-08,sup6,cat10,Булочка с маком (1шт.),4.47
2025-08-08,sup5,cat9,Печенье овсяное (400г.),4.33
2025-08-08,sup1,cat11,Колбаса вареная (400г.),4.98
2025-08-08,sup10,cat12,Сок яблочный (1л.),5.17
2025-08-08,sup10,cat2,Картофель,4.13
2025-08-08,sup5,cat8,Крупа гречневая (700г.),2.07
2025-08-08,sup3,cat3,Сыр российский,17.64
2025-08-08,sup9,cat2,Томат,22.62
2025-08-08,sup3,cat3,Молоко (1л.),2.60
2025-08-08,sup4,cat7,Паста рыбная (150г.),2.95
2025-08-08,sup9,cat1,Арбуз,2.20
2025-08-08,sup5,cat9,Конфеты шоколадные,15.63
2025-08-08,sup5,cat8,Мука (2кг.),2.60
2025-08-08,sup8,cat2,Огурец,2.35
2025-08-08,sup1,cat6,Колбаски,14.62
2025-08-08,sup4,cat7,Минтай,0.85
2025-08-08,sup1,cat11,Колбаса вареная (400г.),4.98
2025-08-08,sup1,cat11,Колбаски охотничьи (500г.),18.40
2025-08-08,sup9,cat1,Банан,15.53
2025-08-08,sup10,cat2,Лук репчатый,1.80
2025-08-08,sup3,cat3,Сыр российский,17.56
2025-08-08,sup3,cat3,Кефир (1л.),2.27
2025-08-08,sup7,cat10,Батон нарезной (240г.),2.44
2025-08-08,sup5,cat8,Кофе мол. (250г.),19.99
2025-08-08,sup6,cat10,Хлеб светлый (400г.),1.20
2025-08-08,sup5,cat8,Макароны (900г.),1.49
2025-08-08,sup3,cat3,Молоко (1л.),2.60
2025-08-08,sup5,cat9,Шоколад молочный (90г.),5.99
2025-08-08,sup1,cat11,Колбаса вареная (400г.),4.98
2025-08-08,sup8,cat2,Лук репчатый,0.95
2025-08-08,sup5,cat9,Вафли (143г.),2.76
2025-08-08,sup1,cat11,Сервелат (400г.),8.51
2025-08-08,sup6,cat10,Батон нарезной (240г.),1.22
2025-08-08,sup6,cat10,Батон нарезной (240г.),1.22
2025-08-08,sup9,cat1,Банан,8.20
2025-08-08,sup4,cat7,Скумбрия,13.16
2025-08-08,sup3,cat3,Молоко (1л.),2.60
2025-08-08,sup3,cat3,Творог (200г.),4.88
2025-08-09,sup5,cat12,Сок апельсиновый (1л.),14.40
2025-08-09,sup6,cat10,Сушки (500г.),3.99
2025-08-09,sup6,cat10,Хлеб светлый (400г.),1.20
2025-08-09,sup8,cat1,Груша,17.12
2025-08-09,sup9,cat1,Апельсин,11.63
2025-08-09,sup5,cat12,Вода негаз. (0.5л.),1.98
2025-08-09,sup10,cat2,Картофель,3.25
2025-08-09,sup1,cat11,Салями,20.98
2025-08-09,sup3,cat3,Молоко (1л.),5.20
2025-08-09,sup10,cat2,Лук репчатый,1.95
2025-08-09,sup1,cat11,Салями,21.84
2025-08-09,sup5,cat9,Конфеты шоколадные,27.81
2025-08-09,sup2,cat4,Яйцо куриное Д1 (10шт.),4.98
2025-08-09,sup8,cat2,Картофель,3.64
2025-08-09,sup6,cat10,Булочка с маком (1шт.),2.98
2025-08-09,sup6,cat10,Булочка с маком (1шт.),2.98
2025-08-09,sup8,cat2,Картофель,1.86
2025-08-09,sup2,cat4,Яйцо куриное С1 (15шт.),6.44
2025-08-09,sup3,cat3,Творог (200г.),7.32
2025-08-09,sup6,cat10,Батон нарезной (240г.),1.22
2025-08-09,sup6,cat10,Булочка с маком (1шт.),1.49
2025-08-09,sup10,cat2,Картофель,1.19
2025-08-09,sup9,cat1,Арбуз,1.84
2025-08-09,sup5,cat9,Мармелад,2.12
2025-08-09,sup5,cat8,Мука (1кг.),1.64
2025-08-09,sup3,cat3,Сыр российский,14.97
2025-08-09,sup1,cat5,Говядина,36.63
2025-08-09,sup6,cat10,Булочка с маком (1шт.),1.49
2025-08-09,sup3,cat3,Творог (200г.),4.88
2025-08-09,sup9,cat1,Арбуз,5.52
2025-08-09,sup3,cat3,Сыр сливочный (200г.),5.41
2025-08-09,sup8,cat2,Огурец,6.72
2025-08-09,sup8,cat2,Огурец,6.85
2025-08-09,sup12,cat12,Вода негаз. (0.5л.),0.99
2025-08-09,sup1,cat5,Свинина,41.39
2025-08-09,sup3,cat3,Кефир (1л.),2.27
2025-08-09,sup9,cat1,Банан,9.98
2025-08-09,sup2,cat6,Голубцы,18.30
2025-08-09,sup5,cat8,Масло подсолнечное (0.8л.),2.02
2025-08-09,sup1,cat11,Салями,20.30
2025-08-09,sup2,cat5,Филе куриное,13.12
2025-08-09,sup8,cat2,Картофель,5.67
2025-08-09,sup8,cat2,Лук репчатый,1.13
2025-08-09,sup5,cat8,Кофе раств. (95г.),29.98
2025-08-09,sup2,cat6,Котлеты,11.95
2025-08-09,sup8,cat2,Томат,7.27
2025-08-09,sup2,cat4,Яйцо куриное С1 (15шт.),6.44
2025-08-09,sup5,cat9,Зефир (230г.),17.58
2025-08-09,sup3,cat3,Молоко (1.5л.),3.86
2025-08-09,sup1,cat6,Фарш,35.39
2025-08-09,sup8,cat2,Картофель,2.88
2025-08-09,sup3,cat3,Творог (200г.),2.44
2025-08-09,sup4,cat7,Креветки,34.12
2025-08-09,sup6,cat10,Батон нарезной (240г.),1.22
2025-08-09,sup5,cat8,Масло подсолнечное (0.8л.),4.04
2025-08-09,sup6,cat10,Булочка с маком (1шт.),2.98
2025-08-09,sup1,cat11,Сосиски молочные,11.92
2025-08-09,sup5,cat12,Сок апельсиновый (1л.),7.20
2025-08-09,sup5,cat12,Квас светлый (1л.),2.65
2025-08-09,sup9,cat1,Яблоко,18.39
2025-08-09,sup3,cat3,Молоко (1.5л.),3.86
2025-08-09,sup2,cat11,Ветчина,13.70
2025-08-09,sup5,cat12,Вода негаз. (0.5л.),0.99
2025-08-09,sup9,cat1,Банан,9.59
2025-08-09,sup6,cat10,Батон нарезной (240г.),1.22
2025-08-09,sup2,cat6,Колбаски,29.39
2025-08-09,sup5,cat12,Вода негаз. (0.5л.),0.99
2025-08-09,sup3,cat3,Масло сливочное (180г.),4.59
2025-08-10,sup2,cat4,Яйцо куриное Д1 (10шт.),4.98
2025-08-10,sup12,cat12,Coca-Cola (1л.),3.07
2025-08-10,sup6,cat10,Батон нарезной (240г.),1.22
2025-08-10,sup1,cat6,Голубцы,19.70
2025-08-10,sup3,cat3,Молоко (1л.),2.60
2025-08-10,sup10,cat2,Морковь,1.83
2025-08-10,sup1,cat11,Сервелат (400г.),8.51
2025-08-10,sup4,cat7,Форель (200г.),18.25
2025-08-10,sup5,cat12,Сок апельсиновый (1л.),7.20
2025-08-10,sup9,cat2,Огурец,4.33
2025-08-10,sup5,cat9,Шоколад молочный (90г.),5.99
2025-08-10,sup9,cat2,Томат,1.95
2025-08-10,sup3,cat3,Сметана (380г.),3.71
2025-08-10,sup6,cat10,Батон нарезной (240г.),2.44
2025-08-10,sup10,cat2,Картофель,3.85
2025-08-10,sup9,cat2,Огурец,4.69
2025-08-10,sup5,cat8,Мука (1кг.),1.64
2025-08-10,sup2,cat4,Яйцо перепелиное (10шт.),2.95
2025-08-10,sup3,cat3,Сметана (380г.),3.71
2025-08-10,sup7,cat10,Хлеб светлый (400г.),1.20
2025-08-10,sup5,cat12,Вода негаз. (0.5л.),0.99
2025-08-10,sup9,cat1,Апельсин,11.05
2025-08-10,sup4,cat7,Сельдь (250г.),5.99
2025-08-10,sup1,cat6,Фарш,45.69
2025-08-10,sup6,cat10,Батон нарезной (240г.),1.22
2025-08-10,sup5,cat12,Сок апельсиновый (1л.),7.20
2025-08-10,sup6,cat10,Батон нарезной (240г.),1.22
2025-08-10,sup3,cat3,Сыр голландский (200г.),10.04
2025-08-10,sup10,cat2,Свекла,0.60
2025-08-10,sup10,cat1,Груша,3.26
2025-08-10,sup3,cat3,Сыр голландский (200г.),5.02
2025-08-10,sup6,cat10,Батон нарезной (240г.),2.44
2025-08-10,sup10,cat2,Картофель,1.95
2025-08-10,sup5,cat9,Печенье овсяное (400г.),4.33
2025-08-10,sup1,cat5,Говядина,16.65
2025-08-10,sup4,cat7,Хек,3.39
2025-08-10,sup10,cat1,Груша,14.35
2025-08-10,sup1,cat11,Сервелат (400г.),8.51
2025-08-10,sup10,cat2,Картофель,3.81
2025-08-10,sup10,cat2,Картофель,4.28
2025-08-10,sup9,cat2,Огурец,1.32
2025-08-10,sup5,cat8,Сахар (1кг.),0.73
2025-08-10,sup3,cat3,Молоко (1.5л.),7.72
2025-08-10,sup9,cat2,Огурец,4.91
2025-08-10,sup5,cat9,Карамель,4.66
2025-08-10,sup10,cat2,Лук репчатый,0.75
2025-08-10,sup5,cat12,Сок апельсиновый (1л.),7.20
2025-08-10,sup1,cat5,Говядина,35.71
2025-08-10,sup9,cat1,Банан,8.43
2025-08-10,sup5,cat8,Сахар (1кг.),0.73
2025-08-10,sup5,cat8,Кофе мол. (250г.),39.98
2025-08-10,sup5,cat8,Крупа перловая (1кг.),1.44
2025-08-10,sup4,cat7,Скумбрия,9.38
2025-08-10,sup5,cat9,Зефир (230г.),8.79
2025-08-10,sup5,cat8,Крупа манная (1кг.),2.02
2025-08-11,sup6,cat10,Хлеб светлый (400г.),1.20
2025-08-11,sup8,cat2,Огурец,4.90
2025-08-11,sup5,cat8,Масло подсолнечное (0.8л.),2.02
2025-08-11,sup4,cat7,Скумбрия,6.15
2025-08-11,sup3,cat3,Молоко (1л.),2.60
2025-08-11,sup5,cat8,Сахар (1кг.),0.73
2025-08-11,sup9,cat1,Банан,12.70
2025-08-11,sup5,cat8,Масло подсолнечное (0.8л.),4.04
2025-08-11,sup1,cat6,Шашлык,29.98
2025-08-11,sup5,cat12,Вода негаз. (0.5л.),0.99
2025-08-11,sup1,cat6,Котлеты,13.77
2025-08-11,sup1,cat11,Колбаски охотничьи (500г.),9.20
2025-08-11,sup1,cat6,Шашлык,47.83
2025-08-11,sup1,cat6,Колбаски,28.45
2025-08-11,sup8,cat2,Капуста,4.70
2025-08-11,sup1,cat11,Сосиски молочные,7.45
2025-08-11,sup5,cat12,Сок апельсиновый (1л.),14.40
2025-08-11,sup1,cat11,Сосиски молочные,6.67
2025-08-11,sup5,cat8,Крупа гречневая (700г.),2.07
2025-08-11,sup3,cat3,Кефир (1л.),2.27
2025-08-11,sup10,cat12,Сок яблочный (1л.),10.34
2025-08-11,sup10,cat2,Морковь,1.05
2025-08-11,sup3,cat3,Масло сливочное (180г.),4.59
2025-08-11,sup9,cat1,Арбуз,6.56
2025-08-11,sup5,cat8,Мука (1кг.),1.64
2025-08-11,sup8,cat2,Томат,22.72
2025-08-11,sup5,cat12,Лимонад (2л.),5.35
2025-08-11,sup4,cat7,Минтай,1.20
2025-08-11,sup1,cat11,Колбаски охотничьи (500г.),9.20
2025-08-11,sup1,cat5,Свинина,44.67
2025-08-11,sup5,cat12,Вода негаз. (0.5л.),1.98
2025-08-11,sup1,cat5,Говядина,23.14
2025-08-11,sup5,cat9,Конфеты шоколадные,15.60
2025-08-11,sup3,cat3,Кефир (1л.),2.27
2025-08-11,sup9,cat1,Банан,12.42
2025-08-11,sup8,cat2,Огурец,1.31
2025-08-11,sup6,cat10,Булочка с маком (1шт.),2.98
2025-08-11,sup4,cat7,Креветки,37.76
2025-08-11,sup5,cat8,Соль (1кг.),0.73
2025-08-11,sup3,cat3,Сыр голландский (200г.),5.02
2025-08-11,sup6,cat10,Лаваш (300г.),2.89
2025-08-11,sup6,cat10,Хлеб светлый (400г.),1.20
2025-08-11,sup8,cat2,Картофель,0.61
2025-08-11,sup3,cat3,Сыр российский,10.92
2025-08-11,sup1,cat6,Фарш,12.40
2025-08-11,sup5,cat8,Спагетти (400г.),1.76
2025-08-11,sup7,cat10,Батон нарезной (240г.),1.22
2025-08-11,sup1,cat6,Фарш,25.69
2025-08-11,sup1,cat11,Сосиски молочные,9.02
2025-08-12,sup5,cat8,Сахар (1кг.),1.46
2025-08-12,sup5,cat8,Пшено (900г.),2.35
2025-08-12,sup5,cat12,Сок яблочный (1л.),5.17
2025-08-12,sup6,cat10,Батон нарезной (240г.),2.44
2025-08-12,sup1,cat6,Фарш,36.93
2025-08-12,sup3,cat3,Творог (200г.),4.88
2025-08-12,sup5,cat9,Шоколад молочный (90г.),5.99
2025-08-12,sup3,cat3,Масло сливочное (360г.),9.49
2025-08-12,sup3,cat3,Молоко (1.5л.),3.86
2025-08-12,sup6,cat10,Батон нарезной (240г.),1.22
2025-08-12,sup2,cat4,Яйцо куриное С1 (10шт.),3.81
2025-08-12,sup8,cat2,Свекла,0.57
2025-08-12,sup6,cat10,Батон нарезной (240г.),1.22
2025-08-12,sup10,cat2,Морковь,0.44
2025-08-12,sup1,cat11,Ветчина,14.73
2025-08-12,sup2,cat6,Печень куриная (550г.),5.50
2025-08-12,sup5,cat9,Конфеты шоколадные,19.07
2025-08-12,sup5,cat9,Шоколад молочный (90г.),5.99
2025-08-12,sup3,cat3,Кефир (1л.),2.27
2025-08-12,sup8,cat2,Капуста,4.15
2025-08-12,sup6,cat10,Батон нарезной (240г.),1.22
2025-08-12,sup3,cat3,Кефир (1л.),4.54
2025-08-12,sup8,cat2,Морковь,1.99
2025-08-12,sup6,cat10,Хлеб светлый (400г.),1.20
2025-08-12,sup3,cat3,Кефир (1л.),2.27
2025-08-12,sup10,cat2,Лук репчатый,1.96
2025-08-12,sup6,cat10,Лаваш (300г.),2.89
2025-08-12,sup6,cat10,Батон нарезной (240г.),1.22
2025-08-12,sup3,cat3,Сметана (180г.),1.94
2025-08-12,sup4,cat7,Минтай,0.87
2025-08-12,sup12,cat12,Вода негаз. (0.5л.),0.99
2025-08-12,sup2,cat11,Колбаса вареная (400г.),4.98
2025-08-12,sup6,cat10,Батон нарезной (240г.),1.22
2025-08-12,sup8,cat2,Огурец,3.54
2025-08-12,sup5,cat9,Шоколад молочный (90г.),11.98
2025-08-12,sup10,cat2,Картофель,4.77
2025-08-12,sup8,cat2,Морковь,2.54
2025-08-12,sup5,cat12,Вода негаз. (0.5л.),0.99
2025-08-12,sup3,cat3,Молоко (1л.),5.20
2025-08-12,sup10,cat2,Морковь,1.60
2025-08-12,sup8,cat2,Морковь,2.43
2025-08-12,sup9,cat1,Банан,10.00
2025-08-12,sup3,cat3,Масло сливочное (360г.),9.49
2025-08-12,sup5,cat8,Масло подсолнечное (0.8л.),2.02
2025-08-12,sup4,cat7,Минтай,1.74
2025-08-12,sup9,cat1,Груша,11.40
2025-08-12,sup5,cat8,Рис (900г.),3.49
2025-08-12,sup8,cat2,Лук репчатый,0.88
2025-08-12,sup10,cat2,Картофель,2.93
2025-08-12,sup6,cat10,Батон нарезной (240г.),1.22
2025-08-13,sup2,cat4,Яйцо куриное Д1 (10шт.),4.98
2025-08-13,sup5,cat8,Кофе мол. (250г.),59.97
2025-08-13,sup1,cat11,Сосиски молочные,5.36
2025-08-13,sup2,cat4,Яйцо куриное Д1 (10шт.),4.98
2025-08-13,sup2,cat4,Яйцо куриное Д1 (10шт.),4.98
2025-08-13,sup6,cat10,Хлеб светлый (400г.),1.20
2025-08-13,sup1,cat11,Сосиски молочные,7.01
2025-08-13,sup6,cat10,Булочка с маком (1шт.),1.49
2025-08-13,sup12,cat12,Coca-Cola (1л.),6.14
2025-08-13,sup5,cat9,Зефир (230г.),8.79
2025-08-13,sup5,cat12,Вода негаз. (0.5л.),0.99
2025-08-13,sup9,cat1,Банан,4.64
2025-08-13,sup5,cat12,Вода негаз. (0.5л.),0.99
2025-08-13,sup3,cat3,Масло сливочное (180г.),4.59
2025-08-13,sup3,cat3,Кефир (1л.),2.27
2025-08-13,sup6,cat10,Хлеб светлый (400г.),1.20
2025-08-13,sup1,cat11,Сосиски молочные,9.83
2025-08-13,sup9,cat1,Банан,6.46
2025-08-13,sup5,cat8,Рис (900г.),3.49
2025-08-13,sup7,cat10,Хлеб светлый (400г.),1.20
2025-08-13,sup5,cat12,Квас светлый (1л.),2.65
2025-08-13,sup5,cat8,Крупа манная (1кг.),2.02
2025-08-13,sup6,cat10,Багет (200г.),2.49
2025-08-13,sup5,cat12,Сок апельсиновый (1л.),14.40
2025-08-13,sup5,cat8,Кофе мол. (250г.),19.99
2025-08-13,sup5,cat8,Мука (1кг.),1.64
2025-08-13,sup5,cat12,Вода негаз. (0.5л.),0.99
2025-08-13,sup5,cat12,Сок апельсиновый (1л.),7.20
2025-08-13,sup1,cat5,Свинина,17.73
2025-08-13,sup5,cat9,Карамель,1.49
2025-08-13,sup5,cat12,Вода негаз. (0.5л.),1.98
2025-08-13,sup3,cat3,Кефир (1л.),4.54
2025-08-13,sup5,cat8,Крупа гречневая (700г.),2.07
2025-08-13,sup10,cat12,Сок яблочный (1л.),10.34
2025-08-13,sup5,cat8,Спагетти (400г.),1.76
2025-08-13,sup3,cat3,Молоко (1л.),2.60
2025-08-13,sup1,cat11,Колбаски охотничьи (500г.),9.20
2025-08-13,sup3,cat3,Молоко (1л.),2.60
2025-08-13,sup5,cat8,Крупа гречневая (700г.),2.07
2025-08-13,sup5,cat9,Печенье овсяное (400г.),4.33
2025-08-13,sup9,cat2,Огурец,5.42
2025-08-13,sup1,cat5,Свинина,35.39
2025-08-13,sup6,cat10,Батон нарезной (240г.),1.22
2025-08-13,sup9,cat2,Томат,19.38
2025-08-13,sup3,cat3,Молоко (1.5л.),3.86
2025-08-13,sup2,cat4,Яйцо куриное С1 (15шт.),6.44
2025-08-13,sup9,cat1,Банан,12.23
2025-08-13,sup5,cat8,Спагетти (400г.),1.76
2025-08-13,sup2,cat11,Сосиски молочные,11.35
2025-08-14,sup6,cat10,Хлеб ржаной (450г.),1.50
2025-08-14,sup2,cat4,Яйцо куриное С1 (10шт.),3.81
2025-08-14,sup8,cat2,Капуста,2.77
2025-08-14,sup5,cat12,Вода негаз. (0.5л.),0.99
2025-08-14,sup5,cat8,Масло подсолнечное (0.8л.),4.04
2025-08-14,sup2,cat11,Сосиски молочные,4.38
2025-08-14,sup9,cat1,Арбуз,5.93
2025-08-14,sup8,cat2,Картофель,5.62
2025-08-14,sup1,cat11,Сосиски молочные,10.35
2025-08-14,sup12,cat12,Coca-Cola (1л.),3.07
2025-08-14,sup1,cat11,Колбаса вареная (400г.),4.98
2025-08-14,sup9,cat1,Банан,7.45
2025-08-14,sup5,cat8,Спагетти (400г.),1.76
2025-08-14,sup5,cat8,Кофе мол. (250г.),39.98
2025-08-14,sup10,cat2,Лук репчатый,1.69
2025-08-14,sup3,cat3,Сметана (380г.),7.42
2025-08-14,sup5,cat12,Квас светлый (1л.),2.65
2025-08-14,sup2,cat4,Яйцо куриное Д1 (10шт.),4.98
2025-08-14,sup6,cat10,Багет (200г.),2.49
2025-08-14,sup9,cat1,Банан,7.98
2025-08-14,sup1,cat6,Шашлык,36.81
2025-08-14,sup3,cat3,Творог (200г.),2.44
2025-08-14,sup5,cat9,Карамель,5.44
2025-08-14,sup6,cat10,Хлеб светлый (400г.),1.20
2025-08-14,sup2,cat4,Яйцо куриное С1 (15шт.),6.44
2025-08-14,sup3,cat3,Сметана (380г.),7.42
2025-08-14,sup6,cat10,Батон нарезной (240г.),2.44
2025-08-14,sup1,cat11,Бекон (220г),9.99
2025-08-14,sup6,cat10,Хлеб светлый (400г.),1.20
2025-08-14,sup9,cat2,Огурец,6.22
2025-08-14,sup6,cat10,Булочка с маком (1шт.),1.49
2025-08-14,sup4,cat7,Кальмар,40.05
2025-08-14,sup1,cat6,Фарш,15.01
2025-08-14,sup1,cat5,Говядина,32.93
2025-08-14,sup6,cat10,Хлеб ржаной (450г.),1.50
2025-08-14,sup5,cat9,Конфеты шоколадные,21.83
2025-08-14,sup3,cat3,Молоко (1л.),2.60
2025-08-14,sup1,cat11,Колбаса вареная (400г.),4.98
2025-08-14,sup3,cat3,Кефир (1л.),2.27
2025-08-14,sup3,cat3,Кефир (1л.),2.27
2025-08-14,sup6,cat10,Хлеб светлый (400г.),1.20
2025-08-14,sup6,cat10,Батон нарезной (240г.),2.44
2025-08-14,sup5,cat12,Вода негаз. (0.5л.),0.99
2025-08-14,sup1,cat11,Салями,21.54
2025-08-14,sup3,cat3,Масло сливочное (180г.),4.59
2025-08-14,sup2,cat11,Сосиски молочные,5.76
2025-08-14,sup2,cat5,Окорочка куриные,3.09
2025-08-14,sup3,cat3,Сыр голландский (200г.),5.02
2025-08-14,sup6,cat10,Батон нарезной (240г.),1.22
2025-08-14,sup3,cat3,Сметана (380г.),3.71
2025-08-15,sup8,cat2,Огурец,3.88
2025-08-15,sup12,cat12,Coca-Cola (1л.),3.07
2025-08-15,sup5,cat9,Печенье овсяное (400г.),4.33
2025-08-15,sup7,cat10,Батон нарезной (240г.),1.22
2025-08-15,sup10,cat1,Яблоко,12.06
2025-08-15,sup6,cat10,Хлеб ржаной (450г.),1.50
2025-08-15,sup9,cat1,Яблоко,7.89
2025-08-15,sup4,cat7,Хек,15.50
2025-08-15,sup10,cat2,Лук репчатый,0.33
2025-08-15,sup10,cat2,Свекла,1.36
2025-08-15,sup5,cat8,Кофе мол. (250г.),19.99
2025-08-15,sup5,cat12,Вода негаз. (0.5л.),0.99
2025-08-15,sup5,cat8,Кофе мол. (250г.),19.99
2025-08-15,sup1,cat11,Салями,20.39
2025-08-15,sup1,cat11,Сосиски молочные,6.79
2025-08-15,sup9,cat1,Апельсин,20.35
2025-08-15,sup1,cat5,Говядина,29.56
2025-08-15,sup1,cat11,Бекон (220г),19.98
2025-08-15,sup5,cat9,Вафли (143г.),5.52
2025-08-15,sup9,cat1,Груша,5.76
2025-08-15,sup4,cat7,Хек,11.88
2025-08-15,sup6,cat10,Хлеб светлый (400г.),1.20
2025-08-15,sup3,cat3,Кефир (1л.),2.27
2025-08-15,sup5,cat8,Сахар (1кг.),3.65
2025-08-15,sup7,cat10,Батон нарезной (240г.),1.22
2025-08-15,sup3,cat3,Творог (200г.),4.88
2025-08-15,sup6,cat10,Батон нарезной (240г.),1.22
2025-08-15,sup3,cat3,Кефир (1л.),4.54
2025-08-15,sup9,cat1,Банан,6.21
2025-08-15,sup9,cat1,Апельсин,7.60
2025-08-15,sup7,cat10,Батон нарезной (240г.),1.22
2025-08-15,sup10,cat2,Картофель,2.97
2025-08-15,sup9,cat1,Апельсин,9.35
2025-08-15,sup5,cat9,Конфеты шоколадные,11.81
2025-08-15,sup8,cat2,Свекла,0.55
2025-08-15,sup1,cat11,Колбаса вареная (400г.),4.98
2025-08-15,sup1,cat5,Говядина,32.93
2025-08-15,sup1,cat6,Котлеты,15.40
2025-08-15,sup6,cat10,Хлеб ржаной (450г.),1.50
2025-08-15,sup3,cat3,Кефир (1л.),2.27
2025-08-15,sup8,cat2,Томат,20.35
2025-08-15,sup4,cat7,Креветки,42.34
2025-08-15,sup1,cat6,Шашлык,53.10
2025-08-15,sup9,cat2,Огурец,3.36
2025-08-15,sup1,cat11,Сосиски молочные,12.24
2025-08-15,sup3,cat3,Творог (200г.),2.44
2025-08-15,sup1,cat5,Говядина,9.46
2025-08-15,sup9,cat1,Апельсин,5.48
2025-08-15,sup12,cat12,Coca-Cola (1л.),3.07
2025-08-15,sup9,cat1,Арбуз,4.27
2025-08-15,sup4,cat7,Минтай,0.93
2025-08-15,sup6,cat10,Батон нарезной (240г.),2.44
2025-08-15,sup3,cat3,Масло сливочное (180г.),4.59
2025-08-15,sup1,cat11,Сосиски молочные,9.08
2025-08-15,sup1,cat5,Говядина,22.31
2025-08-15,sup3,cat3,Масло сливочное (180г.),4.59
2025-08-15,sup1,cat6,Колбаски,18.82
2025-08-15,sup9,cat1,Банан,15.14
2025-08-15,sup4,cat7,Креветки,28.63
2025-08-15,sup5,cat8,Рис (900г.),3.49
2025-08-15,sup5,cat9,Вафли (143г.),2.76
2025-08-15,sup1,cat6,Шашлык,44.79
2025-08-15,sup1,cat11,Сосиски молочные,9.19
2025-08-15,sup1,cat11,Сосиски молочные,9.55
2025-08-15,sup9,cat1,Арбуз,6.85
2025-08-15,sup6,cat10,Батон нарезной (240г.),1.22
2025-08-16,sup5,cat8,Масло подсолнечное (0.8л.),2.02
2025-08-16,sup9,cat1,Яблоко,16.86
2025-08-16,sup1,cat11,Сосиски молочные,11.14
2025-08-16,sup5,cat8,Крупа гречневая (700г.),2.07
2025-08-16,sup5,cat12,Лимонад (2л.),5.35
2025-08-16,sup6,cat10,Батон нарезной (240г.),2.44
2025-08-16,sup8,cat2,Свекла,0.24
2025-08-16,sup2,cat6,Желудки куриные (550г.),4.98
2025-08-16,sup6,cat10,Сушки (500г.),3.99
2025-08-16,sup6,cat10,Батон нарезной (240г.),1.22
2025-08-16,sup5,cat12,Квас светлый (1л.),2.65
2025-08-16,sup3,cat3,Молоко (1.5л.),3.86
2025-08-16,sup6,cat10,Хлеб ржаной (450г.),1.50
2025-08-16,sup9,cat2,Огурец,1.23
2025-08-16,sup6,cat10,Батон нарезной (240г.),1.22
2025-08-16,sup2,cat6,Котлеты,9.76
2025-08-16,sup2,cat4,Яйцо куриное С1 (15шт.),6.44
2025-08-16,sup1,cat5,Свинина,18.06
2025-08-16,sup2,cat6,Желудки куриные (550г.),4.98
2025-08-16,sup5,cat8,Крупа манная (1кг.),2.02
2025-08-16,sup1,cat11,Бекон (220г),9.99
2025-08-16,sup2,cat4,Яйцо куриное С1 (10шт.),3.81
2025-08-16,sup10,cat12,Сок яблочный (1л.),5.17
2025-08-16,sup9,cat1,Арбуз,6.23
2025-08-16,sup1,cat11,Колбаса вареная (400г.),4.98
2025-08-16,sup2,cat6,Фарш,30.30
2025-08-16,sup1,cat11,Сервелат (400г.),8.51
2025-08-16,sup5,cat12,Вода негаз. (0.5л.),0.99
2025-08-16,sup1,cat5,Свинина,23.96
2025-08-16,sup3,cat3,Сыр голландский (200г.),10.04
2025-08-16,sup3,cat3,Кефир (1л.),2.27
2025-08-16,sup6,cat10,Хлеб светлый (400г.),1.20
2025-08-16,sup3,cat3,Масло сливочное (180г.),4.59
2025-08-16,sup5,cat8,Кофе мол. (250г.),19.99
2025-08-16,sup5,cat9,Конфеты шоколадные,20.35
2025-08-16,sup10,cat2,Картофель,0.66
2025-08-16,sup6,cat10,Хлеб светлый (400г.),1.20
2025-08-16,sup1,cat5,Свинина,12.61
2025-08-16,sup3,cat3,Сметана (380г.),3.71
2025-08-16,sup5,cat9,Конфеты шоколадные,16.09
2025-08-16,sup9,cat1,Арбуз,5.63
2025-08-16,sup8,cat2,Капуста,4.76
2025-08-16,sup1,cat5,Говядина,15.12
2025-08-16,sup1,cat11,Колбаски охотничьи (500г.),9.20
2025-08-16,sup1,cat5,Говядина,35.65
2025-08-16,sup1,cat6,Котлеты,12.13
2025-08-16,sup4,cat7,Паста рыбная (150г.),2.95
2025-08-16,sup5,cat9,Шоколад молочный (90г.),11.98
2025-08-16,sup10,cat1,Груша,2.61
2025-08-16,sup6,cat10,Булочка с маком (1шт.),1.49
2025-08-16,sup3,cat3,Творог (200г.),2.44
2025-08-16,sup8,cat2,Лук репчатый,0.19
2025-08-16,sup8,cat2,Картофель,4.18
2025-08-16,sup5,cat12,Вода негаз. (0.5л.),0.99
2025-08-16,sup9,cat1,Апельсин,2.38
2025-08-16,sup6,cat10,Батон нарезной (240г.),2.44
2025-08-16,sup5,cat9,Печенье овсяное (400г.),4.33
2025-08-16,sup9,cat1,Банан,11.42
2025-08-16,sup6,cat10,Хлеб светлый (400г.),1.20
2025-08-16,sup9,cat1,Арбуз,6.22
2025-08-16,sup3,cat3,Сметана (380г.),3.71
2025-08-16,sup6,cat10,Хлеб светлый (400г.),1.20
2025-08-16,sup1,cat5,Говядина,35.62
2025-08-16,sup4,cat7,Паста рыбная (150г.),2.95
2025-08-16,sup1,cat5,Говядина,34.18
2025-08-16,sup8,cat2,Огурец,1.07
2025-08-16,sup1,cat11,Колбаса вареная (400г.),4.98
2025-08-17,sup1,cat11,Сервелат (400г.),8.51
2025-08-17,sup9,cat2,Огурец,3.03
2025-08-17,sup6,cat10,Батон нарезной (240г.),1.22
2025-08-17,sup9,cat2,Томат,16.16
2025-08-17,sup10,cat2,Лук репчатый,0.55
2025-08-17,sup1,cat5,Свинина,39.50
2025-08-17,sup3,cat3,Сыр российский,5.98
2025-08-17,sup5,cat8,Пшено (900г.),2.35
2025-08-17,sup2,cat5,Окорочка куриные,9.47
2025-08-17,sup5,cat9,Печенье овсяное (400г.),4.33
2025-08-17,sup1,cat6,Фарш,19.98
2025-08-17,sup5,cat8,Рис (900г.),3.49
2025-08-17,sup10,cat2,Свекла,0.92
2025-08-17,sup12,cat12,Вода негаз. (0.5л.),0.99
2025-08-17,sup5,cat12,Лимонад (2л.),5.35
2025-08-17,sup2,cat6,Колбаски,34.54
2025-08-17,sup3,cat3,Сыр сливочный (200г.),5.41
2025-08-17,sup3,cat3,Молоко (1л.),2.60
2025-08-17,sup5,cat8,Пшено (900г.),2.35
2025-08-17,sup2,cat5,Окорочка куриные,4.83
2025-08-17,sup7,cat10,Хлеб светлый (400г.),1.20
2025-08-17,sup1,cat6,Колбаски,26.84
2025-08-17,sup1,cat5,Говядина,26.55
2025-08-17,sup4,cat7,Минтай,1.44
2025-08-17,sup1,cat11,Салями,20.35
2025-08-17,sup1,cat5,Свинина,30.91
2025-08-17,sup1,cat5,Свинина,12.67
2025-08-17,sup12,cat12,Вода негаз. (0.5л.),0.99
2025-08-17,sup12,cat12,Вода негаз. (0.5л.),0.99
2025-08-17,sup5,cat8,Мука (2кг.),2.60
2025-08-17,sup2,cat11,Колбаса вареная (400г.),4.98
2025-08-17,sup1,cat11,Сосиски молочные,8.73
2025-08-17,sup9,cat1,Банан,15.73
2025-08-17,sup9,cat2,Томат,5.26
2025-08-17,sup1,cat11,Колбаса вареная (400г.),4.98
2025-08-17,sup12,cat12,Вода негаз. (0.5л.),0.99
2025-08-17,sup9,cat2,Томат,2.30
2025-08-17,sup5,cat9,Вафли (143г.),2.76
2025-08-17,sup3,cat3,Молоко (1л.),2.60
2025-08-17,sup12,cat12,Вода негаз. (0.5л.),0.99
2025-08-17,sup3,cat3,Кефир (1л.),2.27
2025-08-17,sup3,cat3,Масло сливочное (180г.),4.59
2025-08-17,sup6,cat10,Батон нарезной (240г.),1.22
2025-08-17,sup6,cat10,Батон нарезной (240г.),1.22
2025-08-17,sup3,cat3,Сыр российский,19.68
2025-08-17,sup2,cat11,Колбаса вареная (400г.),4.98
2025-08-17,sup5,cat8,Крупа перловая (1кг.),1.44
2025-08-17,sup9,cat2,Томат,7.89
2025-08-17,sup4,cat7,Хек,16.59
2025-08-17,sup3,cat3,Молоко (1л.),2.60
2025-08-17,sup5,cat8,Кофе мол. (250г.),59.97
2025-08-17,sup3,cat3,Молоко (1л.),2.60
2025-08-17,sup3,cat3,Кефир (1л.),2.27
2025-08-18,sup3,cat3,Молоко (1л.),2.60
2025-08-18,sup4,cat7,Скумбрия,4.31
2025-08-18,sup12,cat12,Coca-Cola (1л.),3.07
2025-08-18,sup8,cat2,Огурец,5.83
2025-08-18,sup3,cat3,Кефир (1л.),2.27
2025-08-18,sup3,cat3,Творог (200г.),2.44
2025-08-18,sup5,cat12,Лимонад (2л.),5.35
2025-08-18,sup5,cat9,Конфеты шоколадные,7.99
2025-08-18,sup6,cat10,Хлеб светлый (400г.),1.20
2025-08-18,sup4,cat7,Паста рыбная (150г.),2.95
2025-08-18,sup4,cat7,Скумбрия,10.86
2025-08-18,sup6,cat10,Батон нарезной (240г.),1.22
2025-08-18,sup5,cat12,Вода негаз. (0.5л.),0.99
2025-08-18,sup1,cat6,Фарш,37.89
2025-08-18,sup12,cat12,Вода негаз. (0.5л.),1.98
2025-08-18,sup8,cat2,Картофель,4.43
2025-08-18,sup10,cat2,Лук репчатый,1.30
2025-08-18,sup9,cat1,Банан,2.04
2025-08-18,sup5,cat8,Кофе раств. (95г.),14.99
2025-08-18,sup3,cat3,Молоко (1л.),2.60
2025-08-18,sup1,cat5,Говядина,12.72
2025-08-18,sup1,cat5,Говядина,30.74
2025-08-18,sup9,cat1,Апельсин,13.29
2025-08-18,sup1,cat11,Салями,20.93
2025-08-18,sup9,cat1,Апельсин,15.78
2025-08-18,sup5,cat12,Вода негаз. (0.5л.),0.99
2025-08-18,sup8,cat2,Картофель,2.44
2025-08-18,sup1,cat11,Колбаса вареная (400г.),4.98
2025-08-18,sup4,cat7,Хек,16.10
2025-08-18,sup3,cat3,Масло сливочное (180г.),4.59
2025-08-18,sup5,cat8,Кофе мол. (250г.),19.99
2025-08-18,sup10,cat1,Яблоко,3.17
2025-08-18,sup4,cat7,Скумбрия,7.81
2025-08-18,sup3,cat3,Кефир (1л.),2.27
2025-08-18,sup10,cat2,Свекла,0.71
2025-08-18,sup8,cat2,Огурец,6.43
2025-08-18,sup5,cat9,Карамель,1.10
2025-08-18,sup5,cat8,Масло подсолнечное (0.8л.),8.08
2025-08-18,sup8,cat2,Огурец,6.58
2025-08-18,sup3,cat3,Молоко (1л.),2.60
2025-08-18,sup6,cat10,Булочка с маком (1шт.),1.49
2025-08-18,sup6,cat10,Батон нарезной (240г.),1.22
2025-08-18,sup4,cat7,Сельдь (250г.),5.99
2025-08-18,sup1,cat5,Говядина,27.90
2025-08-18,sup9,cat1,Апельсин,8.74
2025-08-18,sup6,cat10,Хлеб светлый (400г.),1.20
2025-08-18,sup6,cat10,Батон нарезной (240г.),2.44
2025-08-18,sup10,cat2,Лук репчатый,1.69
2025-08-19,sup8,cat2,Томат,19.74
2025-08-19,sup1,cat11,Салями,20.31
2025-08-19,sup2,cat11,Колбаса вареная (400г.),4.98
2025-08-19,sup5,cat12,Квас светлый (1л.),2.65
2025-08-19,sup5,cat9,Зефир (230г.),8.79
2025-08-19,sup9,cat2,Томат,13.28
2025-08-19,sup6,cat10,Плетенка (450г.),4.04
2025-08-19,sup1,cat11,Сосиски молочные,6.87
2025-08-19,sup5,cat9,Шоколад молочный (90г.),11.98
2025-08-19,sup3,cat3,Творог (200г.),2.44
2025-08-19,sup6,cat10,Багет (200г.),2.49
2025-08-19,sup6,cat10,Батон нарезной (240г.),1.22
2025-08-19,sup9,cat2,Томат,19.74
2025-08-19,sup9,cat1,Апельсин,11.98
2025-08-19,sup1,cat11,Сервелат (400г.),17.02
2025-08-19,sup2,cat11,Сосиски молочные,12.49
2025-08-19,sup6,cat10,Багет (200г.),2.49
2025-08-19,sup8,cat2,Морковь,1.47
2025-08-19,sup2,cat4,Яйцо куриное С1 (10шт.),3.81
2025-08-19,sup10,cat2,Свекла,0.34
2025-08-19,sup6,cat10,Батон нарезной (240г.),1.22
2025-08-19,sup4,cat7,Форель (200г.),18.25
2025-08-19,sup5,cat12,Лимонад (2л.),5.35
2025-08-19,sup8,cat2,Свекла,1.44
2025-08-19,sup3,cat3,Кефир (1л.),2.27
2025-08-19,sup4,cat7,Хек,6.47
2025-08-19,sup5,cat8,Сахар (1кг.),0.73
2025-08-19,sup6,cat10,Хлеб светлый (400г.),1.20
2025-08-19,sup2,cat5,Окорочка куриные,10.03
2025-08-19,sup3,cat3,Масло сливочное (180г.),4.59
2025-08-19,sup10,cat12,Сок яблочный (1л.),5.17
2025-08-19,sup3,cat3,Молоко (1л.),2.60
2025-08-19,sup3,cat3,Творог (200г.),2.44
2025-08-19,sup6,cat10,Хлеб ржаной (450г.),1.50
2025-08-19,sup5,cat9,Печенье овсяное (400г.),4.33
2025-08-19,sup9,cat2,Огурец,4.81
2025-08-19,sup12,cat12,Вода негаз. (0.5л.),0.99
2025-08-19,sup1,cat11,Колбаски охотничьи (500г.),9.20
2025-08-19,sup8,cat2,Капуста,3.89
2025-08-19,sup6,cat10,Хлеб ржаной (450г.),1.50
2025-08-19,sup2,cat11,Колбаса вареная (400г.),4.98
2025-08-19,sup6,cat10,Хлеб светлый (400г.),1.20
2025-08-19,sup5,cat9,Зефир (230г.),17.58
2025-08-19,sup6,cat10,Батон нарезной (240г.),1.22
2025-08-19,sup2,cat5,Окорочка куриные,10.62
2025-08-19,sup3,cat3,Сыр российский,17.35
2025-08-19,sup3,cat3,Молоко (1л.),2.60
2025-08-19,sup3,cat3,Кефир (1л.),2.27
2025-08-19,sup2,cat4,Яйцо куриное С1 (15шт.),6.44
2025-08-19,sup5,cat8,Рис (900г.),6.98
2025-08-19,sup5,cat8,Мука (1кг.),1.64
2025-08-19,sup3,cat3,Сыр российский,11.16
2025-08-19,sup10,cat2,Лук репчатый,0.58
2025-08-20,sup5,cat9,Вафли (143г.),2.76
2025-08-20,sup3,cat3,Молоко (1л.),2.60
2025-08-20,sup5,cat12,Сок апельсиновый (1л.),7.20
2025-08-20,sup3,cat3,Кефир (1л.),2.27
2025-08-20,sup1,cat11,Салями,21.53
2025-08-20,sup3,cat3,Кефир (1л.),2.27
2025-08-20,sup6,cat10,Булочка с маком (1шт.),1.49
2025-08-20,sup10,cat2,Лук репчатый,0.92
2025-08-20,sup3,cat3,Молоко (1л.),2.60
2025-08-20,sup10,cat1,Яблоко,10.96
2025-08-20,sup6,cat10,Батон нарезной (240г.),1.22
2025-08-20,sup5,cat8,Макароны (900г.),1.49
2025-08-20,sup1,cat5,Свинина,37.26
2025-08-20,sup4,cat7,Кальмар,29.70
2025-08-20,sup10,cat2,Свекла,1.60
2025-08-20,sup3,cat3,Сметана (180г.),1.94
2025-08-20,sup9,cat2,Огурец,6.99
2025-08-20,sup5,cat8,Спагетти (400г.),1.76
2025-08-20,sup1,cat11,Сосиски молочные,10.15
2025-08-20,sup5,cat8,Спагетти (400г.),1.76
2025-08-20,sup3,cat3,Молоко (1л.),2.60
2025-08-20,sup5,cat8,Крупа манная (1кг.),2.02
2025-08-20,sup2,cat4,Яйцо куриное Д1 (10шт.),4.98
2025-08-20,sup1,cat11,Сосиски молочные,10.57
2025-08-20,sup3,cat3,Молоко (1.5л.),7.72
2025-08-20,sup6,cat10,Хлеб светлый (400г.),1.20
2025-08-20,sup9,cat1,Апельсин,6.23
2025-08-20,sup3,cat3,Сметана (180г.),3.88
2025-08-20,sup3,cat3,Кефир (1л.),4.54
2025-08-20,sup1,cat5,Говядина,22.65
2025-08-20,sup5,cat8,Макароны (900г.),1.49
2025-08-20,sup6,cat10,Булочка с маком (1шт.),1.49
2025-08-20,sup1,cat5,Свинина,23.01
2025-08-20,sup3,cat3,Сметана (380г.),7.42
2025-08-20,sup1,cat11,Сервелат (400г.),8.51
2025-08-20,sup1,cat11,Колбаса вареная (400г.),4.98
2025-08-20,sup9,cat1,Банан,13.42
2025-08-20,sup5,cat8,Мука (2кг.),2.60
2025-08-20,sup4,cat7,Минтай,0.81
2025-08-20,sup5,cat12,Вода негаз. (0.5л.),1.98
2025-08-20,sup3,cat3,Сыр российский,16.99
2025-08-20,sup3,cat3,Сметана (380г.),3.71
2025-08-20,sup10,cat2,Картофель,1.67
2025-08-20,sup5,cat9,Печенье овсяное (400г.),8.66
2025-08-20,sup9,cat1,Апельсин,22.24
2025-08-20,sup1,cat5,Говядина,39.03
2025-08-20,sup2,cat4,Яйцо перепелиное (10шт.),2.95
2025-08-20,sup5,cat12,Вода негаз. (0.5л.),0.99
2025-08-20,sup1,cat5,Свинина,29.63
2025-08-21,sup1,cat11,Сосиски молочные,12.43
2025-08-21,sup6,cat10,Лаваш (300г.),2.89
2025-08-21,sup8,cat2,Картофель,0.59
2025-08-21,sup5,cat8,Крупа гречневая (700г.),2.07
2025-08-21,sup2,cat4,Яйцо куриное С1 (15шт.),6.44
2025-08-21,sup2,cat11,Колбаса вареная (400г.),4.98
2025-08-21,sup3,cat3,Кефир (1л.),2.27
2025-08-21,sup4,cat7,Икра лососевая (140г.),32.99
2025-08-21,sup6,cat10,Батон нарезной (240г.),1.22
2025-08-21,sup2,cat6,Печень куриная (550г.),5.50
2025-08-21,sup3,cat3,Молоко (1л.),2.60
2025-08-21,sup2,cat4,Яйцо куриное С1 (10шт.),7.62
2025-08-21,sup2,cat11,Колбаса вареная (400г.),4.98
2025-08-21,sup9,cat2,Томат,5.05
2025-08-21,sup5,cat8,Мука (1кг.),1.64
2025-08-21,sup5,cat12,Вода негаз. (0.5л.),1.98
2025-08-21,sup5,cat12,Лимонад (2л.),5.35
2025-08-21,sup5,cat12,Лимонад (2л.),5.35
2025-08-21,sup1,cat11,Сосиски молочные,9.17
2025-08-21,sup5,cat8,Пшено (900г.),2.35
2025-08-21,sup5,cat8,Кофе мол. (250г.),19.99
2025-08-21,sup6,cat10,Батон нарезной (240г.),1.22
2025-08-21,sup5,cat12,Вода мин. газ. (1л.),1.59
2025-08-21,sup10,cat2,Картофель,3.32
2025-08-21,sup5,cat8,Крупа манная (1кг.),2.02
2025-08-21,sup12,cat12,Coca-Cola (1л.),6.14
2025-08-21,sup12,cat12,Вода негаз. (0.5л.),0.99
2025-08-21,sup1,cat6,Фарш,16.89
2025-08-21,sup3,cat3,Сыр голландский (200г.),5.02
2025-08-21,sup1,cat6,Голубцы,11.80
2025-08-21,sup6,cat10,Хлеб светлый (400г.),1.20
2025-08-21,sup5,cat8,Кофе мол. (250г.),19.99
2025-08-21,sup3,cat3,Молоко (1л.),2.60
2025-08-21,sup5,cat8,Кофе мол. (250г.),19.99
2025-08-21,sup9,cat1,Банан,11.90
2025-08-21,sup10,cat2,Лук репчатый,0.50
2025-08-21,sup2,cat4,Яйцо куриное С1 (10шт.),7.62
2025-08-21,sup6,cat10,Булочка с маком (1шт.),4.47
2025-08-21,sup10,cat2,Картофель,5.20
2025-08-21,sup1,cat11,Сосиски молочные,11.30
2025-08-21,sup3,cat3,Кефир (1л.),2.27
2025-08-21,sup5,cat8,Масло распсовое (0.8л.),4.99
2025-08-21,sup5,cat8,Пшено (900г.),2.35
2025-08-21,sup3,cat3,Сметана (180г.),1.94
2025-08-21,sup12,cat12,Coca-Cola (1л.),3.07
2025-08-21,sup1,cat11,Колбаски охотничьи (500г.),18.40
2025-08-21,sup9,cat1,Арбуз,6.90
2025-08-21,sup4,cat7,Минтай,1.22
2025-08-21,sup6,cat10,Батон нарезной (240г.),1.22
2025-08-21,sup5,cat9,Конфеты шоколадные,21.01
2025-08-22,sup9,cat1,Апельсин,15.40
2025-08-22,sup6,cat10,Хлеб ржаной (450г.),1.50
2025-08-22,sup10,cat2,Лук репчатый,1.36
2025-08-22,sup3,cat3,Творог (200г.),2.44
2025-08-22,sup7,cat10,Батон нарезной (240г.),1.22
2025-08-22,sup8,cat2,Лук репчатый,1.76
2025-08-22,sup5,cat8,Крупа перловая (1кг.),1.44
2025-08-22,sup8,cat2,Огурец,4.79
2025-08-22,sup1,cat11,Колбаса вареная (400г.),4.98
2025-08-22,sup5,cat8,Крупа перловая (1кг.),2.88
2025-08-22,sup7,cat10,Хлеб светлый (400г.),1.20
2025-08-22,sup6,cat10,Батон нарезной (240г.),1.22
2025-08-22,sup3,cat3,Молоко (1.5л.),7.72
2025-08-22,sup5,cat12,Сок апельсиновый (1л.),7.20
2025-08-22,sup6,cat10,Сушки (500г.),3.99
2025-08-22,sup8,cat2,Огурец,7.12
2025-08-22,sup9,cat1,Арбуз,2.87
2025-08-22,sup5,cat8,Спагетти (400г.),3.52
2025-08-22,sup5,cat12,Сок яблочный (1л.),5.17
2025-08-22,sup6,cat10,Булочка с маком (1шт.),2.98
2025-08-22,sup1,cat6,Голубцы,31.83
2025-08-22,sup3,cat3,Кефир (1л.),2.27
2025-08-22,sup5,cat9,Печенье овсяное (400г.),4.33
2025-08-22,sup3,cat3,Кефир (1л.),2.27
2025-08-22,sup1,cat11,Сосиски молочные,10.10
2025-08-22,sup8,cat2,Огурец,6.79
2025-08-22,sup7,cat10,Батон нарезной (240г.),2.44
2025-08-22,sup4,cat7,Минтай,0.88
2025-08-22,sup8,cat1,Яблоко,4.34
2025-08-22,sup4,cat7,Креветки,19.37
2025-08-22,sup1,cat6,Фарш,22.15
2025-08-22,sup10,cat2,Морковь,1.43
2025-08-22,sup1,cat6,Фарш,46.54
2025-08-22,sup5,cat12,Квас светлый (1л.),2.65
2025-08-22,sup7,cat10,Хлеб светлый (400г.),1.20
2025-08-22,sup1,cat6,Котлеты,6.12
2025-08-22,sup7,cat10,Батон нарезной (240г.),1.22
2025-08-22,sup9,cat1,Арбуз,4.14
2025-08-22,sup5,cat8,Масло подсолнечное (0.8л.),2.02
2025-08-22,sup10,cat1,Груша,5.16
2025-08-22,sup8,cat1,Яблоко,16.71
2025-08-22,sup3,cat3,Кефир (1л.),2.27
2025-08-22,sup6,cat10,Батон нарезной (240г.),1.22
2025-08-22,sup1,cat11,Сосиски молочные,10.07
2025-08-22,sup6,cat10,Батон нарезной (240г.),1.22
2025-08-22,sup6,cat10,Батон нарезной (240г.),1.22
2025-08-22,sup6,cat10,Батон нарезной (240г.),1.22
2025-08-22,sup6,cat10,Батон нарезной (240г.),1.22
2025-08-22,sup5,cat12,Вода мин. газ. (1л.),1.59
2025-08-22,sup5,cat9,Зефир (230г.),8.79
2025-08-22,sup3,cat3,Сметана (380г.),3.71
2025-08-22,sup8,cat2,Огурец,4.59
2025-08-22,sup5,cat12,Вода негаз. (0.5л.),0.99
2025-08-22,sup1,cat11,Сосиски молочные,7.60
2025-08-22,sup1,cat11,Колбаса вареная (400г.),4.98
2025-08-22,sup6,cat10,Батон нарезной (240г.),2.44
2025-08-22,sup5,cat12,Сок апельсиновый (1л.),7.20
2025-08-22,sup6,cat10,Сушки (500г.),7.98
2025-08-22,sup8,cat2,Морковь,2.15
2025-08-22,sup1,cat6,Колбаски,11.56
2025-08-22,sup9,cat1,Арбуз,2.39
2025-08-22,sup3,cat3,Творог (200г.),4.88
2025-08-22,sup7,cat10,Батон нарезной (240г.),1.22
2025-08-22,sup5,cat12,Вода негаз. (0.5л.),0.99
2025-08-22,sup5,cat8,Чай пак. (25шт.),3.80
2025-08-22,sup4,cat7,Форель (200г.),36.50
2025-08-22,sup5,cat8,Спагетти (400г.),1.76
2025-08-22,sup10,cat2,Лук репчатый,0.18
2025-08-23,sup9,cat1,Арбуз,7.00
2025-08-23,sup3,cat3,Творог (200г.),2.44
2025-08-23,sup3,cat3,Молоко (1л.),2.60
2025-08-23,sup4,cat7,Креветки,18.34
2025-08-23,sup1,cat5,Свинина,47.22
2025-08-23,sup5,cat8,Кофе мол. (250г.),19.99
2025-08-23,sup2,cat11,Сосиски молочные,8.72
2025-08-23,sup8,cat2,Картофель,4.28
2025-08-23,sup6,cat10,Батон нарезной (240г.),1.22
2025-08-23,sup10,cat2,Свекла,0.65
2025-08-23,sup3,cat3,Кефир (1л.),2.27
2025-08-23,sup4,cat7,Хек,16.26
2025-08-23,sup8,cat2,Огурец,1.51
2025-08-23,sup12,cat12,Вода негаз. (0.5л.),0.99
2025-08-23,sup6,cat10,Сушки (500г.),3.99
2025-08-23,sup8,cat2,Томат,22.97
2025-08-23,sup3,cat3,Творог (200г.),4.88
2025-08-23,sup3,cat3,Молоко (1л.),2.60
2025-08-23,sup6,cat10,Хлеб ржаной (450г.),1.50
2025-08-23,sup1,cat6,Фарш,27.44
2025-08-23,sup3,cat3,Молоко (1л.),5.20
2025-08-23,sup5,cat8,Сахар (1кг.),0.73
2025-08-23,sup2,cat5,Филе куриное,18.46
2025-08-23,sup5,cat12,Вода негаз. (0.5л.),1.98
2025-08-23,sup1,cat11,Салями,20.06
2025-08-23,sup6,cat10,Батон нарезной (240г.),1.22
2025-08-23,sup6,cat10,Багет (200г.),2.49
2025-08-23,sup5,cat9,Печенье овсяное (400г.),8.66
2025-08-23,sup10,cat2,Морковь,0.88
2025-08-23,sup5,cat12,Вода негаз. (0.5л.),1.98
2025-08-23,sup5,cat12,Сок апельсиновый (1л.),7.20
2025-08-23,sup9,cat1,Яблоко,13.04
2025-08-23,sup2,cat4,Яйцо куриное С1 (15шт.),6.44
2025-08-23,sup10,cat2,Картофель,1.85
2025-08-23,sup3,cat3,Творог (200г.),2.44
2025-08-23,sup8,cat2,Лук репчатый,1.80
2025-08-23,sup3,cat3,Масло сливочное (360г.),9.49
2025-08-23,sup10,cat2,Лук репчатый,1.30
2025-08-23,sup8,cat2,Лук репчатый,0.22
2025-08-23,sup5,cat8,Мука (1кг.),1.64
2025-08-23,sup9,cat1,Арбуз,2.13
2025-08-23,sup5,cat9,Зефир (230г.),8.79
2025-08-23,sup1,cat11,Колбаса вареная (400г.),4.98
2025-08-23,sup6,cat10,Батон нарезной (240г.),1.22
2025-08-23,sup6,cat10,Хлеб светлый (400г.),1.20
2025-08-23,sup5,cat8,Крупа гречневая (700г.),2.07
2025-08-23,sup8,cat2,Томат,20.69
2025-08-23,sup6,cat10,Лаваш (300г.),5.78
2025-08-23,sup3,cat3,Сыр российский,12.43
2025-08-23,sup2,cat4,Яйцо куриное Д1 (10шт.),4.98
2025-08-23,sup10,cat2,Картофель,4.00
2025-08-23,sup2,cat4,Яйцо куриное С1 (15шт.),6.44
2025-08-23,sup1,cat6,Голубцы,10.53
2025-08-23,sup1,cat5,Свинина,30.00
2025-08-23,sup2,cat4,Яйцо куриное С1 (10шт.),7.62
2025-08-23,sup3,cat3,Кефир (1л.),2.27
2025-08-23,sup5,cat8,Крупа перловая (1кг.),2.88
2025-08-23,sup5,cat12,Сок апельсиновый (1л.),7.20
2025-08-23,sup1,cat11,Колбаски охотничьи (500г.),27.60
2025-08-23,sup1,cat5,Говядина,17.12
2025-08-23,sup8,cat2,Капуста,3.81
2025-08-23,sup10,cat1,Груша,8.89
2025-08-23,sup2,cat6,Голубцы,16.99
2025-08-23,sup1,cat6,Колбаски,36.64
2025-08-23,sup1,cat6,Голубцы,15.75
2025-08-23,sup9,cat2,Огурец,1.66
2025-08-23,sup5,cat9,Вафли (143г.),5.52
2025-08-23,sup10,cat2,Картофель,2.74
2025-08-24,sup3,cat3,Сыр российский,13.76
2025-08-24,sup7,cat10,Батон нарезной (240г.),2.44
2025-08-24,sup9,cat1,Арбуз,3.88
2025-08-24,sup2,cat5,Окорочка куриные,3.93
2025-08-24,sup12,cat12,Coca-Cola (1л.),6.14
2025-08-24,sup1,cat5,Свинина,17.32
2025-08-24,sup5,cat12,Квас светлый (1л.),2.65
2025-08-24,sup5,cat9,Печенье овсяное (400г.),4.33
2025-08-24,sup3,cat3,Сыр сливочный (200г.),5.41
2025-08-24,sup1,cat5,Свинина,22.21
2025-08-24,sup5,cat9,Шоколад молочный (90г.),11.98
2025-08-24,sup7,cat10,Батон нарезной (240г.),1.22
2025-08-24,sup3,cat3,Сыр голландский (200г.),5.02
2025-08-24,sup5,cat8,Мука (2кг.),2.60
2025-08-24,sup5,cat8,Крупа манная (1кг.),2.02
2025-08-24,sup12,cat12,Coca-Cola (1л.),3.07
2025-08-24,sup5,cat12,Сок яблочный (1л.),10.34
2025-08-24,sup3,cat3,Молоко (1л.),2.60
2025-08-24,sup9,cat2,Томат,19.69
2025-08-24,sup5,cat9,Шоколад молочный (90г.),5.99
2025-08-24,sup1,cat11,Колбаса вареная (400г.),4.98
2025-08-24,sup10,cat2,Картофель,0.35
2025-08-24,sup9,cat2,Томат,3.13
2025-08-24,sup2,cat4,Яйцо куриное Д1 (10шт.),4.98
2025-08-24,sup9,cat2,Огурец,5.26
2025-08-24,sup4,cat7,Форель (200г.),18.25
2025-08-24,sup5,cat9,Печенье овсяное (400г.),4.33
2025-08-24,sup1,cat6,Колбаски,36.67
2025-08-24,sup4,cat7,Минтай,1.18
2025-08-24,sup6,cat10,Батон нарезной (240г.),1.22
2025-08-24,sup1,cat11,Бекон (220г),19.98
2025-08-24,sup5,cat9,Конфеты шоколадные,16.00
2025-08-24,sup10,cat2,Картофель,3.36
2025-08-24,sup9,cat2,Огурец,2.20
2025-08-24,sup3,cat3,Масло сливочное (360г.),9.49
2025-08-24,sup6,cat10,Хлеб светлый (400г.),1.20
2025-08-24,sup2,cat4,Яйцо куриное Д1 (10шт.),4.98
2025-08-24,sup4,cat7,Минтай,1.47
2025-08-24,sup5,cat9,Печенье овсяное (400г.),4.33
2025-08-24,sup3,cat3,Кефир (1л.),2.27
2025-08-24,sup4,cat7,Креветки,21.33
2025-08-24,sup1,cat6,Шашлык,24.11
2025-08-24,sup5,cat8,Крупа гречневая (700г.),2.07
2025-08-24,sup5,cat8,Рис (900г.),3.49
2025-08-24,sup1,cat5,Говядина,35.35
2025-08-24,sup5,cat8,Масло подсолнечное (0.8л.),6.06
2025-08-24,sup4,cat7,Сельдь (250г.),5.99
2025-08-24,sup3,cat3,Кефир (1л.),2.27
2025-08-24,sup5,cat12,Сок апельсиновый (1л.),7.20
2025-08-24,sup9,cat1,Груша,17.97
2025-08-24,sup10,cat2,Лук репчатый,1.02
2025-08-24,sup10,cat2,Лук репчатый,1.48
2025-08-24,sup10,cat2,Лук репчатый,1.28
2025-08-24,sup5,cat12,Вода негаз. (0.5л.),0.99
2025-08-24,sup3,cat3,Кефир (1л.),2.27
2025-08-24,sup10,cat1,Яблоко,7.13
2025-08-24,sup10,cat1,Груша,15.24
2025-08-25,sup4,cat7,Кальмар,40.74
2025-08-25,sup3,cat3,Сыр голландский (200г.),10.04
2025-08-25,sup1,cat11,Колбаски охотничьи (500г.),9.20
2025-08-25,sup8,cat2,Картофель,5.52
2025-08-25,sup8,cat2,Картофель,4.16
2025-08-25,sup9,cat2,Огурец,5.96
2025-08-25,sup5,cat12,Вода негаз. (0.5л.),0.99
2025-08-25,sup3,cat3,Масло сливочное (360г.),9.49
2025-08-25,sup1,cat5,Говядина,9.83
2025-08-25,sup6,cat10,Лаваш (300г.),2.89
2025-08-25,sup5,cat12,Сок апельсиновый (1л.),7.20
2025-08-25,sup12,cat12,Вода негаз. (0.5л.),0.99
2025-08-25,sup3,cat3,Творог (200г.),7.32
2025-08-25,sup5,cat8,Рис (900г.),3.49
2025-08-25,sup1,cat5,Свинина,32.71
2025-08-25,sup3,cat3,Творог (200г.),2.44
2025-08-25,sup1,cat11,Колбаса вареная (400г.),4.98
2025-08-25,sup5,cat9,Шоколад молочный (90г.),11.98
2025-08-25,sup3,cat3,Масло сливочное (1кг.),30.73
2025-08-25,sup1,cat5,Говядина,15.11
2025-08-25,sup5,cat8,Сахар (1кг.),1.46
2025-08-25,sup1,cat5,Говядина,16.75
2025-08-25,sup6,cat10,Булочка с маком (1шт.),1.49
2025-08-25,sup10,cat2,Картофель,3.76
2025-08-25,sup6,cat10,Булочка с маком (1шт.),1.49
2025-08-25,sup5,cat8,Чай пак. (25шт.),3.80
2025-08-25,sup5,cat8,Масло подсолнечное (0.8л.),2.02
2025-08-25,sup5,cat8,Чай пак. (25шт.),7.60
2025-08-25,sup3,cat3,Сыр сливочный (200г.),10.82
2025-08-25,sup7,cat10,Батон нарезной (240г.),1.22
2025-08-25,sup12,cat12,Вода негаз. (0.5л.),1.98
2025-08-25,sup4,cat7,Кальмар,28.24
2025-08-25,sup3,cat3,Сметана (380г.),3.71
2025-08-25,sup5,cat8,Рис (900г.),3.49
2025-08-25,sup5,cat8,Крупа гречневая (700г.),2.07
2025-08-25,sup5,cat8,Макароны (900г.),1.49
2025-08-25,sup6,cat10,Батон нарезной (240г.),1.22
2025-08-25,sup3,cat3,Масло сливочное (180г.),4.59
2025-08-25,sup12,cat12,Coca-Cola (1л.),3.07
2025-08-25,sup8,cat2,Огурец,4.05
2025-08-25,sup5,cat12,Вода негаз. (0.5л.),1.98
2025-08-25,sup3,cat3,Творог (200г.),2.44
2025-08-25,sup5,cat8,Пшено (900г.),2.35
2025-08-25,sup9,cat1,Арбуз,3.45
2025-08-25,sup7,cat10,Батон нарезной (240г.),1.22
2025-08-25,sup1,cat6,Колбаски,31.09
2025-08-25,sup8,cat2,Капуста,4.68
2025-08-25,sup7,cat10,Хлеб ржаной (450г.),1.50
2025-08-25,sup1,cat11,Ветчина,6.79
2025-08-26,sup1,cat5,Говядина,13.52
2025-08-26,sup5,cat8,Крупа манная (1кг.),2.02
2025-08-26,sup2,cat6,Котлеты,17.89
2025-08-26,sup6,cat10,Батон нарезной (240г.),1.22
2025-08-26,sup2,cat11,Колбаса вареная (400г.),4.98
2025-08-26,sup6,cat10,Хлеб светлый (400г.),1.20
2025-08-26,sup5,cat9,Шоколад молочный (90г.),11.98
2025-08-26,sup9,cat1,Арбуз,6.25
2025-08-26,sup8,cat2,Огурец,4.65
2025-08-26,sup5,cat8,Рис (900г.),3.49
2025-08-26,sup8,cat2,Огурец,4.43
2025-08-26,sup2,cat4,Яйцо перепелиное (20шт.),4.65
2025-08-26,sup6,cat10,Хлеб ржаной (450г.),1.50
2025-08-26,sup2,cat11,Сосиски молочные,8.33
2025-08-26,sup2,cat4,Яйцо куриное Д1 (10шт.),4.98
2025-08-26,sup9,cat1,Арбуз,6.17
2025-08-26,sup5,cat9,Печенье овсяное (400г.),4.33
2025-08-26,sup5,cat12,Вода негаз. (0.5л.),0.99
2025-08-26,sup1,cat11,Сосиски молочные,8.95
2025-08-26,sup6,cat10,Булочка с маком (1шт.),1.49
2025-08-26,sup1,cat6,Фарш,20.09
2025-08-26,sup6,cat10,Сушки (500г.),3.99
2025-08-26,sup9,cat1,Арбуз,3.65
2025-08-26,sup10,cat2,Морковь,1.21
2025-08-26,sup9,cat2,Томат,8.27
2025-08-26,sup2,cat11,Сосиски молочные,10.91
2025-08-26,sup4,cat7,Скумбрия,6.11
2025-08-26,sup5,cat12,Сок апельсиновый (1л.),7.20
2025-08-26,sup1,cat11,Сосиски молочные,7.87
2025-08-26,sup8,cat2,Огурец,7.30
2025-08-26,sup6,cat10,Батон нарезной (240г.),1.22
2025-08-26,sup9,cat1,Апельсин,18.41
2025-08-26,sup3,cat3,Молоко (1л.),2.60
2025-08-26,sup3,cat3,Молоко (1л.),2.60
2025-08-26,sup5,cat9,Печенье овсяное (400г.),4.33
2025-08-26,sup5,cat9,Шоколад молочный (90г.),5.99
2025-08-26,sup9,cat2,Огурец,2.47
2025-08-26,sup5,cat8,Пшено (900г.),2.35
2025-08-26,sup3,cat3,Кефир (1л.),2.27
2025-08-26,sup5,cat8,Пшено (900г.),2.35
2025-08-26,sup6,cat10,Багет (200г.),2.49
2025-08-26,sup3,cat3,Творог (200г.),2.44
2025-08-26,sup5,cat8,Крупа манная (1кг.),2.02
2025-08-26,sup3,cat3,Сметана (380г.),3.71
2025-08-26,sup2,cat4,Яйцо куриное С1 (10шт.),3.81
2025-08-26,sup5,cat12,Квас светлый (1л.),2.65
2025-08-26,sup1,cat11,Колбаса вареная (400г.),4.98
2025-08-26,sup3,cat3,Кефир (1л.),4.54
2025-08-26,sup2,cat4,Яйцо куриное Д1 (10шт.),4.98
2025-08-26,sup2,cat11,Колбаса вареная (400г.),4.98
2025-08-26,sup6,cat10,Булочка с маком (1шт.),1.49
2025-08-26,sup8,cat2,Картофель,5.09
2025-08-27,sup9,cat2,Томат,18.33
2025-08-27,sup3,cat3,Творог (200г.),2.44
2025-08-27,sup2,cat5,Филе куриное,13.87
2025-08-27,sup9,cat2,Огурец,8.13
2025-08-27,sup2,cat6,Голубцы,14.94
2025-08-27,sup9,cat2,Огурец,5.16
2025-08-27,sup6,cat10,Батон нарезной (240г.),1.22
2025-08-27,sup5,cat8,Рис (900г.),3.49
2025-08-27,sup4,cat7,Сельдь (250г.),5.99
2025-08-27,sup2,cat4,Яйцо куриное С1 (15шт.),6.44
2025-08-27,sup2,cat4,Яйцо куриное Д1 (10шт.),4.98
2025-08-27,sup5,cat8,Крупа гречневая (700г.),2.07
2025-08-27,sup7,cat10,Батон нарезной (240г.),1.22
2025-08-27,sup1,cat5,Свинина,46.21
2025-08-27,sup3,cat3,Сыр российский,20.95
2025-08-27,sup4,cat7,Скумбрия,11.36
2025-08-27,sup9,cat1,Арбуз,6.12
2025-08-27,sup1,cat5,Говядина,28.28
2025-08-27,sup7,cat10,Сушки (500г.),3.99
2025-08-27,sup3,cat3,Кефир (1л.),2.27
2025-08-27,sup3,cat3,Кефир (1л.),2.27
2025-08-27,sup1,cat11,Салями,21.90
2025-08-27,sup5,cat8,Кофе мол. (250г.),39.98
2025-08-27,sup9,cat2,Огурец,6.72
2025-08-27,sup5,cat8,Пшено (900г.),2.35
2025-08-27,sup3,cat3,Молоко (1л.),2.60
2025-08-27,sup2,cat6,Фарш,28.87
2025-08-27,sup5,cat8,Спагетти (400г.),1.76
2025-08-27,sup3,cat3,Кефир (1л.),2.27
2025-08-27,sup2,cat6,Фарш,28.38
2025-08-27,sup5,cat8,Сахар (1кг.),0.73
2025-08-27,sup2,cat11,Ветчина,17.40
2025-08-27,sup2,cat6,Колбаски,27.04
2025-08-27,sup9,cat1,Яблоко,17.14
2025-08-27,sup12,cat12,Coca-Cola (1л.),3.07
2025-08-27,sup9,cat2,Томат,17.92
2025-08-27,sup5,cat8,Макароны (900г.),1.49
2025-08-27,sup2,cat4,Яйцо куриное С1 (10шт.),3.81
2025-08-27,sup2,cat11,Сосиски молочные,8.55
2025-08-27,sup1,cat11,Сосиски молочные,4.71
2025-08-27,sup2,cat11,Колбаса вареная (400г.),4.98
2025-08-27,sup2,cat6,Фарш,43.42
2025-08-27,sup12,cat12,Вода негаз. (0.5л.),0.99
2025-08-27,sup9,cat2,Томат,6.31
2025-08-27,sup6,cat10,Булочка с маком (1шт.),4.47
2025-08-27,sup9,cat1,Арбуз,5.72
2025-08-27,sup12,cat12,Вода негаз. (0.5л.),0.99
2025-08-27,sup9,cat1,Банан,8.61
2025-08-27,sup6,cat10,Батон нарезной (240г.),1.22
2025-08-27,sup1,cat5,Говядина,18.60
2025-08-27,sup7,cat10,Хлеб светлый (400г.),1.20
2025-08-27,sup5,cat12,Сок яблочный (1л.),5.17
2025-08-27,sup5,cat12,Вода негаз. (0.5л.),0.99
2025-08-28,sup6,cat10,Сушки (500г.),3.99
2025-08-28,sup1,cat11,Салями,21.80
2025-08-28,sup3,cat3,Сыр голландский (200г.),5.02
2025-08-28,sup8,cat1,Яблоко,5.82
2025-08-28,sup5,cat12,Вода негаз. (0.5л.),0.99
2025-08-28,sup6,cat10,Булочка с маком (1шт.),4.47
2025-08-28,sup3,cat3,Творог (200г.),4.88
2025-08-28,sup6,cat10,Булочка с маком (1шт.),1.49
2025-08-28,sup1,cat5,Говядина,21.31
2025-08-28,sup5,cat12,Квас светлый (1л.),2.65
2025-08-28,sup5,cat12,Вода мин. газ. (1л.),3.18
2025-08-28,sup5,cat12,Лимонад (2л.),5.35
2025-08-28,sup5,cat8,Кофе раств. (95г.),14.99
2025-08-28,sup2,cat4,Яйцо куриное С1 (10шт.),3.81
2025-08-28,sup5,cat12,Вода негаз. (0.5л.),0.99
2025-08-28,sup5,cat8,Пшено (900г.),2.35
2025-08-28,sup1,cat11,Сервелат (400г.),17.02
2025-08-28,sup5,cat8,Спагетти (400г.),1.76
2025-08-28,sup9,cat1,Апельсин,21.06
2025-08-28,sup5,cat8,Чай пак. (25шт.),3.80
2025-08-28,sup9,cat1,Апельсин,8.57
2025-08-28,sup3,cat3,Масло сливочное (180г.),4.59
2025-08-28,sup3,cat3,Творог (200г.),2.44
2025-08-28,sup5,cat9,Шоколад молочный (90г.),5.99
2025-08-28,sup5,cat8,Спагетти (400г.),3.52
2025-08-28,sup6,cat10,Батон нарезной (240г.),1.22
2025-08-28,sup1,cat11,Бекон (220г),9.99
2025-08-28,sup5,cat9,Конфеты шоколадные,13.85
2025-08-28,sup3,cat3,Творог (200г.),2.44
2025-08-28,sup8,cat2,Томат,3.13
2025-08-28,sup8,cat2,Картофель,3.64
2025-08-28,sup3,cat3,Молоко (1л.),2.60
2025-08-28,sup4,cat7,Сельдь (250г.),5.99
2025-08-28,sup8,cat1,Груша,8.30
2025-08-28,sup6,cat10,Багет (200г.),2.49
2025-08-28,sup3,cat3,Сыр голландский (200г.),5.02
2025-08-28,sup10,cat2,Картофель,3.06
2025-08-28,sup6,cat10,Батон нарезной (240г.),2.44
2025-08-28,sup9,cat2,Томат,7.47
2025-08-28,sup9,cat1,Апельсин,1.99
2025-08-28,sup3,cat3,Творог (200г.),2.44
2025-08-28,sup10,cat2,Лук репчатый,1.70
2025-08-28,sup8,cat2,Капуста,2.50
2025-08-28,sup6,cat10,Батон нарезной (240г.),1.22
2025-08-28,sup5,cat12,Вода негаз. (0.5л.),0.99
2025-08-28,sup3,cat3,Молоко (1л.),2.60
2025-08-28,sup3,cat3,Масло сливочное (180г.),4.59
2025-08-28,sup2,cat6,Фарш,11.86
2025-08-28,sup3,cat3,Масло сливочное (360г.),9.49
2025-08-28,sup2,cat4,Яйцо куриное С1 (10шт.),3.81
2025-08-28,sup6,cat10,Лаваш (300г.),2.89
2025-08-28,sup1,cat5,Свинина,32.07
2025-08-28,sup5,cat8,Крупа манная (1кг.),2.02
2025-08-29,sup6,cat10,Батон нарезной (240г.),1.22
2025-08-29,sup7,cat10,Батон нарезной (240г.),1.22
2025-08-29,sup9,cat2,Огурец,1.52
2025-08-29,sup3,cat3,Кефир (1л.),2.27
2025-08-29,sup1,cat11,Сосиски молочные,8.08
2025-08-29,sup6,cat10,Лаваш (300г.),2.89
2025-08-29,sup5,cat8,Кофе мол. (250г.),19.99
2025-08-29,sup5,cat8,Соль (1кг.),0.73
2025-08-29,sup9,cat2,Огурец,4.75
2025-08-29,sup6,cat10,Лаваш (300г.),2.89
2025-08-29,sup8,cat2,Капуста,2.52
2025-08-29,sup5,cat12,Вода мин. газ. (1л.),1.59
2025-08-29,sup3,cat3,Кефир (1л.),2.27
2025-08-29,sup9,cat1,Апельсин,12.23
2025-08-29,sup1,cat6,Колбаски,30.35
2025-08-29,sup4,cat7,Сельдь (250г.),5.99
2025-08-29,sup7,cat10,Хлеб ржаной (450г.),1.50
2025-08-29,sup3,cat3,Кефир (1л.),4.54
2025-08-29,sup1,cat5,Говядина,13.58
2025-08-29,sup5,cat8,Спагетти (400г.),3.52
2025-08-29,sup5,cat12,Вода негаз. (0.5л.),0.99
2025-08-29,sup10,cat2,Лук репчатый,0.69
2025-08-29,sup8,cat2,Томат,20.30
2025-08-29,sup5,cat9,Шоколад молочный (90г.),5.99
2025-08-29,sup3,cat3,Молоко (1.5л.),3.86
2025-08-29,sup5,cat12,Сок апельсиновый (1л.),7.20
2025-08-29,sup6,cat10,Багет (200г.),2.49
2025-08-29,sup9,cat1,Апельсин,1.34
2025-08-29,sup9,cat1,Банан,11.18
2025-08-29,sup1,cat11,Салями,20.51
2025-08-29,sup5,cat8,Масло распсовое (0.8л.),4.99
2025-08-29,sup10,cat2,Морковь,0.48
2025-08-29,sup3,cat3,Сыр российский,15.83
2025-08-29,sup10,cat2,Картофель,3.87
2025-08-29,sup5,cat9,Зефир (230г.),8.79
2025-08-29,sup1,cat11,Сосиски молочные,4.42
2025-08-29,sup1,cat11,Сосиски молочные,12.27
2025-08-29,sup3,cat3,Молоко (1л.),2.60
2025-08-29,sup5,cat8,Кофе мол. (250г.),19.99
2025-08-29,sup1,cat5,Свинина,32.68
2025-08-29,sup3,cat3,Творог (200г.),2.44
2025-08-29,sup5,cat8,Крупа манная (1кг.),2.02
2025-08-29,sup5,cat8,Кофе мол. (250г.),19.99
2025-08-29,sup1,cat11,Сервелат (400г.),8.51
2025-08-29,sup6,cat10,Хлеб ржаной (450г.),1.50
2025-08-29,sup1,cat6,Голубцы,8.52
2025-08-29,sup9,cat1,Арбуз,4.68
2025-08-29,sup12,cat12,Вода негаз. (0.5л.),0.99
2025-08-29,sup5,cat12,Вода негаз. (0.5л.),1.98
2025-08-29,sup5,cat8,Кофе раств. (95г.),14.99
2025-08-29,sup4,cat7,Минтай,0.74
2025-08-29,sup5,cat8,Спагетти (400г.),1.76
2025-08-29,sup3,cat3,Сметана (380г.),3.71
2025-08-29,sup3,cat3,Молоко (1л.),2.60
2025-08-29,sup5,cat12,Вода негаз. (0.5л.),0.99
2025-08-29,sup1,cat5,Говядина,14.03
2025-08-29,sup1,cat5,Свинина,37.04
2025-08-29,sup5,cat9,Печенье овсяное (400г.),4.33
2025-08-29,sup3,cat3,Масло сливочное (180г.),4.59
2025-08-29,sup5,cat9,Шоколад молочный (90г.),5.99
2025-08-29,sup3,cat3,Сыр сливочный (200г.),5.41
2025-08-29,sup3,cat3,Творог (200г.),2.44
2025-08-29,sup9,cat1,Арбуз,1.92
2025-08-30,sup2,cat5,Окорочка куриные,6.77
2025-08-30,sup2,cat4,Яйцо куриное С1 (15шт.),6.44
2025-08-30,sup3,cat3,Молоко (1.5л.),3.86
2025-08-30,sup8,cat2,Морковь,0.92
2025-08-30,sup6,cat10,Хлеб светлый (400г.),1.20
2025-08-30,sup5,cat8,Сахар (1кг.),1.46
2025-08-30,sup5,cat9,Вафли (143г.),2.76
2025-08-30,sup8,cat2,Томат,23.40
2025-08-30,sup5,cat8,Мука (1кг.),1.64
2025-08-30,sup9,cat1,Арбуз,2.28
2025-08-30,sup5,cat8,Спагетти (400г.),1.76
2025-08-30,sup9,cat1,Арбуз,2.25
2025-08-30,sup3,cat3,Кефир (1л.),2.27
2025-08-30,sup5,cat8,Мука (1кг.),1.64
2025-08-30,sup6,cat10,Лаваш (300г.),2.89
2025-08-30,sup2,cat4,Яйцо куриное С1 (15шт.),6.44
2025-08-30,sup3,cat3,Кефир (1л.),2.27
2025-08-30,sup5,cat12,Сок яблочный (1л.),5.17
2025-08-30,sup1,cat5,Свинина,14.46
2025-08-30,sup6,cat10,Хлеб светлый (400г.),1.20
2025-08-30,sup4,cat7,Хек,5.23
2025-08-30,sup4,cat7,Форель (200г.),18.25
2025-08-30,sup3,cat3,Молоко (1л.),5.20
2025-08-30,sup10,cat2,Морковь,1.01
2025-08-30,sup5,cat8,Рис (900г.),3.49
2025-08-30,sup12,cat12,Coca-Cola (1л.),3.07
2025-08-30,sup6,cat10,Лаваш (300г.),2.89
2025-08-30,sup1,cat11,Колбаса вареная (400г.),4.98
2025-08-30,sup3,cat3,Масло сливочное (360г.),9.49
2025-08-30,sup5,cat12,Вода негаз. (0.5л.),0.99
2025-08-30,sup1,cat5,Говядина,32.10
2025-08-30,sup5,cat12,Вода негаз. (0.5л.),0.99
2025-08-30,sup6,cat10,Хлеб светлый (400г.),1.20
2025-08-30,sup5,cat8,Спагетти (400г.),1.76
2025-08-30,sup2,cat11,Ветчина,9.54
2025-08-30,sup3,cat3,Творог (200г.),2.44
2025-08-30,sup8,cat2,Томат,18.14
2025-08-30,sup5,cat9,Шоколад молочный (90г.),5.99
2025-08-30,sup1,cat6,Фарш,44.63
2025-08-30,sup6,cat10,Батон нарезной (240г.),1.22
2025-08-30,sup8,cat2,Капуста,4.00
2025-08-30,sup6,cat10,Батон нарезной (240г.),2.44
2025-08-30,sup9,cat1,Арбуз,6.78
2025-08-30,sup6,cat10,Батон нарезной (240г.),2.44
2025-08-30,sup5,cat9,Зефир (230г.),8.79
2025-08-30,sup6,cat10,Батон нарезной (240г.),1.22
2025-08-30,sup5,cat9,Конфеты шоколадные,31.27
2025-08-30,sup9,cat1,Банан,15.81
2025-08-30,sup5,cat8,Масло подсолнечное (0.8л.),4.04
2025-08-30,sup3,cat3,Кефир (1л.),4.54
2025-08-30,sup6,cat10,Батон нарезной (240г.),1.22
2025-08-30,sup5,cat8,Спагетти (400г.),1.76
2025-08-30,sup3,cat3,Молоко (1л.),2.60
2025-08-30,sup6,cat10,Батон нарезной (240г.),1.22
2025-08-30,sup4,cat7,Креветки,32.31
2025-08-30,sup1,cat11,Салями,21.27
2025-08-30,sup3,cat3,Молоко (1л.),2.60
2025-08-30,sup9,cat2,Томат,18.43
2025-08-30,sup5,cat8,Крупа гречневая (700г.),2.07
2025-08-30,sup6,cat10,Плетенка (450г.),4.04
2025-08-30,sup5,cat8,Рис (900г.),6.98
2025-08-30,sup6,cat10,Хлеб светлый (400г.),1.20
2025-08-30,sup8,cat2,Картофель,3.40
2025-08-30,sup4,cat7,Форель (200г.),18.25
2025-08-30,sup5,cat12,Вода негаз. (0.5л.),0.99
2025-08-30,sup5,cat8,Макароны (900г.),1.49
2025-08-30,sup2,cat11,Колбаса вареная (400г.),4.98
2025-08-30,sup9,cat1,Апельсин,11.94
2025-08-31,sup5,cat8,Крупа гречневая (700г.),2.07
2025-08-31,sup5,cat12,Вода негаз. (0.5л.),0.99
2025-08-31,sup5,cat8,Макароны (900г.),1.49
2025-08-31,sup5,cat8,Крупа гречневая (700г.),4.14
2025-08-31,sup9,cat2,Огурец,1.34
2025-08-31,sup10,cat2,Лук репчатый,0.52
2025-08-31,sup6,cat10,Батон нарезной (240г.),2.44
2025-08-31,sup10,cat2,Картофель,4.83
2025-08-31,sup3,cat3,Сметана (180г.),1.94
2025-08-31,sup10,cat2,Картофель,5.52
2025-08-31,sup5,cat8,Кофе мол. (250г.),19.99
2025-08-31,sup5,cat8,Крупа гречневая (700г.),2.07
2025-08-31,sup4,cat7,Минтай,1.22
2025-08-31,sup5,cat8,Крупа гречневая (700г.),2.07
2025-08-31,sup6,cat10,Батон нарезной (240г.),1.22
2025-08-31,sup5,cat12,Квас светлый (1л.),2.65
2025-08-31,sup9,cat1,Арбуз,5.86
2025-08-31,sup2,cat4,Яйцо куриное Д1 (10шт.),4.98
2025-08-31,sup3,cat3,Сметана (380г.),7.42
2025-08-31,sup1,cat6,Колбаски,22.00
2025-08-31,sup10,cat1,Груша,4.80
2025-08-31,sup3,cat3,Молоко (1л.),2.60
2025-08-31,sup3,cat3,Кефир (1л.),2.27
2025-08-31,sup1,cat6,Фарш,26.53
2025-08-31,sup5,cat8,Кофе раств. (95г.),14.99
2025-08-31,sup5,cat9,Шоколад молочный (90г.),5.99
2025-08-31,sup2,cat6,Голубцы,12.57
2025-08-31,sup5,cat9,Печенье овсяное (400г.),8.66
2025-08-31,sup5,cat12,Сок апельсиновый (1л.),7.20
2025-08-31,sup1,cat11,Ветчина,4.68
2025-08-31,sup5,cat8,Сахар (1кг.),0.73
2025-08-31,sup3,cat3,Кефир (1л.),2.27
2025-08-31,sup9,cat1,Арбуз,5.15
2025-08-31,sup2,cat4,Яйцо куриное С1 (10шт.),7.62
2025-08-31,sup7,cat10,Батон нарезной (240г.),1.22
2025-08-31,sup7,cat10,Батон нарезной (240г.),1.22
2025-08-31,sup3,cat3,Сметана (380г.),7.42
2025-08-31,sup9,cat2,Огурец,6.87
2025-08-31,sup3,cat3,Молоко (1.5л.),3.86
2025-08-31,sup5,cat8,Масло подсолнечное (0.8л.),8.08
2025-08-31,sup5,cat8,Крупа манная (1кг.),2.02
2025-08-31,sup5,cat8,Чай пак. (25шт.),7.60
2025-08-31,sup2,cat4,Яйцо куриное Д1 (10шт.),4.98
2025-08-31,sup1,cat11,Сервелат (400г.),8.51
2025-08-31,sup6,cat10,Хлеб светлый (400г.),1.20
2025-08-31,sup7,cat10,Батон нарезной (240г.),1.22
2025-08-31,sup1,cat5,Говядина,11.54
2025-08-31,sup9,cat1,Банан,14.75
2025-08-31,sup6,cat10,Батон нарезной (240г.),1.22
2025-08-31,sup1,cat5,Свинина,38.86
2025-08-31,sup1,cat6,Котлеты,10.33
2025-08-31,sup5,cat12,Вода негаз. (0.5л.),0.99
2025-08-31,sup7,cat10,Хлеб светлый (400г.),1.20
2025-08-31,sup2,cat6,Голубцы,20.50
2025-08-31,sup9,cat1,Банан,2.89
2025-08-31,sup2,cat4,Яйцо перепелиное (10шт.),2.95
2025-09-01,sup5,cat9,Зефир (230г.),8.79
2025-09-01,sup5,cat8,Соль (1кг.),0.73
2025-09-01,sup3,cat3,Молоко (1л.),5.20
2025-09-01,sup3,cat3,Молоко (1.5л.),3.86
2025-09-01,sup5,cat12,Лимонад (2л.),5.35
2025-09-01,sup5,cat9,Печенье овсяное (400г.),8.66
2025-09-01,sup6,cat10,Батон нарезной (240г.),2.44
2025-09-01,sup10,cat1,Груша,13.56
2025-09-01,sup8,cat1,Груша,7.41
2025-09-01,sup8,cat2,Капуста,3.87
2025-09-01,sup5,cat9,Конфеты шоколадные,5.68
2025-09-01,sup8,cat2,Лук репчатый,1.22
2025-09-01,sup5,cat9,Конфеты шоколадные,32.79
2025-09-01,sup1,cat11,Сосиски молочные,10.95
2025-09-01,sup3,cat3,Масло сливочное (180г.),4.59
2025-09-01,sup5,cat8,Спагетти (400г.),1.76
2025-09-01,sup8,cat2,Картофель,5.93
2025-09-01,sup7,cat10,Хлеб ржаной (450г.),1.50
2025-09-01,sup5,cat9,Карамель,0.86
2025-09-01,sup5,cat9,Карамель,1.72
2025-09-01,sup8,cat2,Капуста,2.81
2025-09-01,sup9,cat2,Томат,5.04
2025-09-01,sup3,cat3,Кефир (1л.),2.27
2025-09-01,sup5,cat8,Пшено (900г.),2.35
2025-09-01,sup3,cat3,Масло сливочное (360г.),9.49
2025-09-01,sup6,cat10,Лаваш (300г.),5.78
2025-09-01,sup6,cat10,Плетенка (450г.),4.04
2025-09-01,sup4,cat7,Хек,17.98
2025-09-01,sup8,cat2,Огурец,2.52
2025-09-01,sup12,cat12,Вода негаз. (0.5л.),1.98
2025-09-01,sup10,cat2,Морковь,0.31
2025-09-01,sup5,cat12,Лимонад (2л.),5.35
2025-09-01,sup8,cat2,Картофель,2.43
2025-09-01,sup4,cat7,Скумбрия,17.33
2025-09-01,sup8,cat2,Лук репчатый,0.43
2025-09-01,sup3,cat3,Молоко (1л.),2.60
2025-09-01,sup5,cat12,Лимонад (2л.),5.35
2025-09-01,sup1,cat11,Сервелат (400г.),8.51
2025-09-01,sup5,cat8,Сахар (1кг.),0.73
2025-09-01,sup6,cat10,Батон нарезной (240г.),1.22
2025-09-01,sup5,cat12,Вода негаз. (0.5л.),1.98
2025-09-01,sup9,cat2,Томат,12.93
2025-09-01,sup3,cat3,Кефир (1л.),2.27
2025-09-01,sup6,cat10,Булочка с маком (1шт.),1.49
2025-09-01,sup5,cat12,Вода негаз. (0.5л.),0.99
2025-09-01,sup4,cat7,Хек,17.68
2025-09-01,sup5,cat9,Конфеты шоколадные,15.99
2025-09-01,sup5,cat12,Сок апельсиновый (1л.),7.20
2025-09-01,sup3,cat3,Молоко (1л.),2.60
2025-09-02,sup5,cat8,Макароны (900г.),1.49
2025-09-02,sup2,cat4,Яйцо куриное Д1 (10шт.),4.98
2025-09-02,sup3,cat3,Молоко (1л.),2.60
2025-09-02,sup5,cat8,Спагетти (400г.),1.76
2025-09-02,sup1,cat6,Фарш,28.50
2025-09-02,sup9,cat1,Банан,5.62
2025-09-02,sup2,cat4,Яйцо куриное С1 (10шт.),7.62
2025-09-02,sup5,cat8,Спагетти (400г.),1.76
2025-09-02,sup1,cat5,Свинина,41.87
2025-09-02,sup1,cat5,Говядина,15.56
2025-09-02,sup12,cat12,Coca-Cola (1л.),3.07
2025-09-02,sup3,cat3,Кефир (1л.),2.27
2025-09-02,sup6,cat10,Батон нарезной (240г.),1.22
2025-09-02,sup6,cat10,Хлеб ржаной (450г.),1.50
2025-09-02,sup6,cat10,Хлеб светлый (400г.),1.20
2025-09-02,sup6,cat10,Батон нарезной (240г.),2.44
2025-09-02,sup8,cat1,Яблоко,18.63
2025-09-02,sup6,cat10,Лаваш (300г.),2.89
2025-09-02,sup6,cat10,Батон нарезной (240г.),1.22
2025-09-02,sup3,cat3,Сметана (180г.),3.88
2025-09-02,sup6,cat10,Батон нарезной (240г.),1.22
2025-09-02,sup1,cat5,Свинина,34.29
2025-09-02,sup10,cat2,Морковь,1.44
2025-09-02,sup5,cat9,Конфеты шоколадные,25.08
2025-09-02,sup1,cat11,Сосиски молочные,7.27
2025-09-02,sup9,cat2,Томат,22.67
2025-09-02,sup3,cat3,Кефир (1л.),2.27
2025-09-02,sup1,cat11,Сервелат (400г.),8.51
2025-09-02,sup6,cat10,Хлеб ржаной (450г.),1.50
2025-09-02,sup5,cat8,Крупа манная (1кг.),2.02
2025-09-02,sup3,cat3,Сметана (180г.),1.94
2025-09-02,sup3,cat3,Сметана (380г.),3.71
2025-09-02,sup1,cat6,Голубцы,26.13
2025-09-02,sup6,cat10,Хлеб светлый (400г.),1.20
2025-09-02,sup2,cat4,Яйцо перепелиное (10шт.),2.95
2025-09-02,sup3,cat3,Молоко (1л.),5.20
2025-09-02,sup8,cat2,Томат,21.27
2025-09-02,sup2,cat6,Шашлык,42.83
2025-09-02,sup10,cat1,Яблоко,11.65
2025-09-02,sup5,cat9,Печенье овсяное (400г.),4.33
2025-09-02,sup4,cat7,Минтай,1.22
2025-09-02,sup5,cat8,Крупа манная (1кг.),2.02
2025-09-02,sup3,cat3,Молоко (1л.),2.60
2025-09-02,sup6,cat10,Батон нарезной (240г.),2.44
2025-09-02,sup2,cat5,Окорочка куриные,11.29
2025-09-02,sup5,cat8,Рис (900г.),3.49
2025-09-02,sup5,cat8,Масло подсолнечное (0.8л.),2.02
2025-09-02,sup5,cat12,Вода мин. газ. (1л.),3.18
2025-09-02,sup4,cat7,Паста рыбная (150г.),2.95
2025-09-02,sup1,cat11,Колбаски охотничьи (500г.),9.20
2025-09-02,sup3,cat3,Масло сливочное (180г.),4.59
2025-09-02,sup6,cat10,Плетенка (450г.),4.04
2025-09-02,sup5,cat8,Мука (1кг.),1.64
2025-09-02,sup8,cat2,Томат,12.96
2025-09-03,sup2,cat6,Котлеты,7.69
2025-09-03,sup9,cat2,Томат,6.45
2025-09-03,sup9,cat2,Томат,14.04
2025-09-03,sup2,cat6,Фарш,31.29
2025-09-03,sup6,cat10,Булочка с маком (1шт.),4.47
2025-09-03,sup10,cat2,Морковь,1.12
2025-09-03,sup3,cat3,Творог (200г.),2.44
2025-09-03,sup6,cat10,Хлеб ржаной (450г.),1.50
2025-09-03,sup5,cat12,Вода негаз. (0.5л.),0.99
2025-09-03,sup3,cat3,Молоко (1л.),2.60
2025-09-03,sup2,cat5,Окорочка куриные,5.89
2025-09-03,sup6,cat10,Батон нарезной (240г.),1.22
2025-09-03,sup7,cat10,Хлеб светлый (400г.),1.20
2025-09-03,sup6,cat10,Плетенка (450г.),4.04
2025-09-03,sup3,cat3,Творог (200г.),7.32
2025-09-03,sup3,cat3,Масло сливочное (180г.),4.59
2025-09-03,sup1,cat11,Ветчина,9.54
2025-09-03,sup3,cat3,Творог (200г.),4.88
2025-09-03,sup3,cat3,Молоко (1л.),2.60
2025-09-03,sup2,cat4,Яйцо перепелиное (10шт.),2.95
2025-09-03,sup2,cat6,Колбаски,30.01
2025-09-03,sup2,cat5,Окорочка куриные,2.74
2025-09-03,sup1,cat11,Сосиски молочные,9.39
2025-09-03,sup3,cat3,Творог (200г.),4.88
2025-09-03,sup3,cat3,Масло сливочное (180г.),9.18
2025-09-03,sup2,cat4,Яйцо перепелиное (20шт.),4.65
2025-09-03,sup2,cat5,Окорочка куриные,7.96
2025-09-03,sup6,cat10,Хлеб светлый (400г.),1.20
2025-09-03,sup9,cat1,Апельсин,21.74
2025-09-03,sup6,cat10,Булочка с маком (1шт.),1.49
2025-09-03,sup9,cat1,Банан,6.64
2025-09-03,sup1,cat11,Салями,20.12
2025-09-03,sup6,cat10,Булочка с маком (1шт.),1.49
2025-09-03,sup5,cat12,Сок апельсиновый (1л.),7.20
2025-09-03,sup2,cat11,Сосиски молочные,10.25
2025-09-03,sup3,cat3,Творог (200г.),2.44
2025-09-03,sup4,cat7,Паста рыбная (150г.),2.95
2025-09-03,sup9,cat2,Томат,5.70
2025-09-03,sup5,cat8,Сахар (1кг.),2.19
2025-09-03,sup5,cat8,Рис (900г.),3.49
2025-09-03,sup12,cat12,Coca-Cola (1л.),3.07
2025-09-03,sup10,cat2,Картофель,0.35
2025-09-03,sup6,cat10,Плетенка (450г.),4.04
2025-09-03,sup5,cat12,Вода негаз. (0.5л.),0.99
2025-09-03,sup2,cat4,Яйцо куриное С1 (10шт.),3.81
2025-09-03,sup10,cat2,Картофель,2.17
2025-09-03,sup6,cat10,Булочка с маком (1шт.),1.49
2025-09-03,sup3,cat3,Кефир (1л.),2.27
2025-09-03,sup2,cat4,Яйцо куриное С1 (10шт.),7.62
2025-09-03,sup2,cat4,Яйцо перепелиное (20шт.),4.65
2025-09-03,sup2,cat4,Яйцо перепелиное (20шт.),4.65
2025-09-03,sup5,cat8,Кофе раств. (95г.),14.99
2025-09-04,sup5,cat8,Сахар (1кг.),3.65
2025-09-04,sup2,cat4,Яйцо куриное С1 (10шт.),3.81
2025-09-04,sup6,cat10,Батон нарезной (240г.),1.22
2025-09-04,sup1,cat6,Котлеты,18.98
2025-09-04,sup9,cat1,Апельсин,22.33
2025-09-04,sup2,cat5,Окорочка куриные,12.12
2025-09-04,sup5,cat8,Макароны (900г.),1.49
2025-09-04,sup8,cat2,Лук репчатый,1.41
2025-09-04,sup1,cat5,Говядина,41.20
2025-09-04,sup3,cat3,Кефир (1л.),2.27
2025-09-04,sup3,cat3,Творог (200г.),2.44
2025-09-04,sup2,cat11,Сосиски молочные,11.01
2025-09-04,sup6,cat10,Батон нарезной (240г.),1.22
2025-09-04,sup6,cat10,Хлеб светлый (400г.),1.20
2025-09-04,sup5,cat9,Карамель,3.04
2025-09-04,sup12,cat12,Вода негаз. (0.5л.),0.99
2025-09-04,sup10,cat2,Лук репчатый,0.63
2025-09-04,sup5,cat12,Квас светлый (1л.),2.65
2025-09-04,sup8,cat2,Картофель,2.55
2025-09-04,sup9,cat2,Томат,6.88
2025-09-04,sup3,cat3,Молоко (1л.),5.20
2025-09-04,sup1,cat11,Бекон (220г),9.99
2025-09-04,sup6,cat10,Плетенка (450г.),4.04
2025-09-04,sup3,cat3,Сметана (180г.),1.94
2025-09-04,sup6,cat10,Батон нарезной (240г.),1.22
2025-09-04,sup2,cat6,Голубцы,18.32
2025-09-04,sup2,cat6,Шашлык,53.83
2025-09-04,sup12,cat12,Вода негаз. (0.5л.),1.98
2025-09-04,sup2,cat11,Сосиски молочные,9.73
2025-09-04,sup9,cat1,Арбуз,3.05
2025-09-04,sup9,cat1,Арбуз,3.60
2025-09-04,sup1,cat5,Говядина,25.95
2025-09-04,sup1,cat5,Свинина,38.74
2025-09-04,sup6,cat10,Лаваш (300г.),2.89
2025-09-04,sup3,cat3,Творог (200г.),7.32
2025-09-04,sup12,cat12,Вода негаз. (0.5л.),0.99
2025-09-04,sup5,cat12,Квас светлый (1л.),2.65
2025-09-04,sup10,cat12,Сок яблочный (1л.),5.17
2025-09-04,sup2,cat4,Яйцо куриное Д1 (10шт.),4.98
2025-09-04,sup3,cat3,Творог (200г.),2.44
2025-09-04,sup6,cat10,Лаваш (300г.),2.89
2025-09-04,sup5,cat12,Вода негаз. (0.5л.),0.99
2025-09-04,sup2,cat5,Окорочка куриные,5.74
2025-09-04,sup2,cat5,Окорочка куриные,5.72
2025-09-04,sup2,cat4,Яйцо куриное С1 (15шт.),6.44
2025-09-04,sup5,cat12,Сок апельсиновый (1л.),14.40
2025-09-04,sup9,cat2,Огурец,3.79
2025-09-04,sup6,cat10,Хлеб ржаной (450г.),1.50
2025-09-04,sup6,cat10,Батон нарезной (240г.),2.44
2025-09-04,sup6,cat10,Батон нарезной (240г.),1.22
2025-09-04,sup1,cat11,Сервелат (400г.),8.51
2025-09-05,sup1,cat6,Голубцы,10.60
2025-09-05,sup3,cat3,Масло сливочное (180г.),4.59
2025-09-05,sup12,cat12,Coca-Cola (1л.),3.07
2025-09-05,sup8,cat2,Морковь,2.32
2025-09-05,sup3,cat3,Кефир (1л.),2.27
2025-09-05,sup3,cat3,Молоко (1л.),2.60
2025-09-05,sup1,cat11,Колбаски охотничьи (500г.),9.20
2025-09-05,sup1,cat5,Свинина,21.44
2025-09-05,sup4,cat7,Хек,17.52
2025-09-05,sup1,cat5,Говядина,13.14
2025-09-05,sup5,cat12,Лимонад (2л.),5.35
2025-09-05,sup1,cat11,Колбаса вареная (400г.),4.98
2025-09-05,sup6,cat10,Лаваш (300г.),2.89
2025-09-05,sup4,cat7,Хек,10.21
2025-09-05,sup3,cat3,Сметана (180г.),3.88
2025-09-05,sup3,cat3,Творог (200г.),2.44
2025-09-05,sup10,cat1,Груша,18.00
2025-09-05,sup9,cat1,Банан,2.19
2025-09-05,sup3,cat3,Сметана (380г.),3.71
2025-09-05,sup1,cat11,Ветчина,14.22
2025-09-05,sup4,cat7,Минтай,1.60
2025-09-05,sup5,cat8,Спагетти (400г.),3.52
2025-09-05,sup5,cat8,Крупа гречневая (700г.),4.14
2025-09-05,sup12,cat12,Coca-Cola (1л.),3.07
2025-09-05,sup5,cat8,Чай пак. (25шт.),3.80
2025-09-05,sup6,cat10,Батон нарезной (240г.),1.22
2025-09-05,sup6,cat10,Лаваш (300г.),2.89
2025-09-05,sup8,cat2,Лук репчатый,1.92
2025-09-05,sup5,cat12,Сок апельсиновый (1л.),7.20
2025-09-05,sup6,cat10,Батон нарезной (240г.),1.22
2025-09-05,sup7,cat10,Хлеб ржаной (450г.),1.50
2025-09-05,sup5,cat8,Чай пак. (25шт.),3.80
2025-09-05,sup10,cat2,Свекла,1.15
2025-09-05,sup6,cat10,Плетенка (450г.),4.04
2025-09-05,sup3,cat3,Сыр сливочный (200г.),5.41
2025-09-05,sup8,cat1,Яблоко,14.48
2025-09-05,sup5,cat12,Вода негаз. (0.5л.),0.99
2025-09-05,sup6,cat10,Лаваш (300г.),2.89
2025-09-05,sup6,cat10,Булочка с маком (1шт.),2.98
2025-09-05,sup10,cat12,Сок яблочный (1л.),5.17
2025-09-05,sup9,cat1,Яблоко,17.05
2025-09-05,sup3,cat3,Молоко (1л.),2.60
2025-09-05,sup5,cat12,Вода негаз. (0.5л.),0.99
2025-09-05,sup9,cat1,Арбуз,2.22
2025-09-05,sup8,cat2,Лук репчатый,1.36
2025-09-05,sup12,cat12,Coca-Cola (1л.),3.07
2025-09-05,sup12,cat12,Вода негаз. (0.5л.),1.98
2025-09-05,sup7,cat10,Батон нарезной (240г.),1.22
2025-09-05,sup9,cat2,Томат,12.61
2025-09-05,sup5,cat8,Сахар (1кг.),0.73
2025-09-05,sup1,cat6,Голубцы,11.55
2025-09-05,sup7,cat10,Багет (200г.),2.49
2025-09-05,sup5,cat8,Масло подсолнечное (0.8л.),4.04
2025-09-05,sup9,cat1,Банан,13.50
2025-09-05,sup3,cat3,Молоко (1л.),2.60
2025-09-05,sup4,cat7,Креветки,26.39
2025-09-05,sup6,cat10,Хлеб светлый (400г.),1.20
2025-09-05,sup3,cat3,Творог (200г.),2.44
2025-09-05,sup3,cat3,Сыр российский,19.60
2025-09-05,sup5,cat8,Соль (1кг.),0.73
2025-09-05,sup8,cat2,Томат,18.72
2025-09-05,sup9,cat1,Банан,7.88
2025-09-05,sup1,cat11,Сервелат (400г.),8.51
2025-09-05,sup6,cat10,Багет (200г.),2.49
2025-09-06,sup2,cat11,Ветчина,7.72
2025-09-06,sup3,cat3,Масло сливочное (180г.),4.59
2025-09-06,sup5,cat8,Сахар (1кг.),3.65
2025-09-06,sup1,cat11,Сосиски молочные,11.59
2025-09-06,sup3,cat3,Творог (200г.),2.44
2025-09-06,sup8,cat2,Лук репчатый,0.55
2025-09-06,sup6,cat10,Батон нарезной (240г.),1.22
2025-09-06,sup10,cat12,Сок яблочный (1л.),10.34
2025-09-06,sup9,cat2,Томат,12.55
2025-09-06,sup9,cat2,Томат,10.51
2025-09-06,sup5,cat8,Кофе мол. (250г.),19.99
2025-09-06,sup3,cat3,Масло сливочное (180г.),4.59
2025-09-06,sup5,cat8,Мука (1кг.),1.64
2025-09-06,sup2,cat6,Колбаски,25.38
2025-09-06,sup5,cat12,Квас светлый (1л.),2.65
2025-09-06,sup5,cat8,Мука (1кг.),1.64
2025-09-06,sup6,cat10,Батон нарезной (240г.),2.44
2025-09-06,sup5,cat8,Крупа манная (1кг.),2.02
2025-09-06,sup3,cat3,Молоко (1л.),2.60
2025-09-06,sup6,cat10,Батон нарезной (240г.),1.22
2025-09-06,sup4,cat7,Кальмар,37.83
2025-09-06,sup5,cat8,Мука (1кг.),1.64
2025-09-06,sup8,cat2,Морковь,1.35
2025-09-06,sup2,cat11,Сосиски молочные,4.28
2025-09-06,sup2,cat4,Яйцо куриное С1 (15шт.),6.44
2025-09-06,sup3,cat3,Творог (200г.),7.32
2025-09-06,sup10,cat2,Лук репчатый,1.60
2025-09-06,sup12,cat12,Вода негаз. (0.5л.),1.98
2025-09-06,sup1,cat11,Сосиски молочные,6.44
2025-09-06,sup5,cat8,Спагетти (400г.),1.76
2025-09-06,sup5,cat8,Чай пак. (25шт.),3.80
2025-09-06,sup5,cat12,Сок апельсиновый (1л.),7.20
2025-09-06,sup12,cat12,Coca-Cola (1л.),3.07
2025-09-06,sup5,cat12,Квас светлый (1л.),2.65
2025-09-06,sup6,cat10,Булочка с маком (1шт.),4.47
2025-09-06,sup1,cat5,Говядина,32.09
2025-09-06,sup4,cat7,Скумбрия,13.90
2025-09-06,sup9,cat2,Огурец,7.72
2025-09-06,sup10,cat2,Лук репчатый,0.24
2025-09-06,sup12,cat12,Вода негаз. (0.5л.),0.99
2025-09-06,sup6,cat10,Лаваш (300г.),2.89
2025-09-06,sup1,cat11,Сосиски молочные,5.69
2025-09-06,sup3,cat3,Молоко (1л.),2.60
2025-09-06,sup2,cat4,Яйцо куриное С1 (15шт.),6.44
2025-09-06,sup8,cat2,Томат,20.51
2025-09-06,sup4,cat7,Скумбрия,10.14
2025-09-06,sup5,cat8,Кофе мол. (250г.),19.99
2025-09-06,sup9,cat1,Апельсин,16.09
2025-09-06,sup9,cat1,Апельсин,15.39
2025-09-06,sup5,cat12,Вода негаз. (0.5л.),0.99
2025-09-06,sup6,cat10,Плетенка (450г.),4.04
2025-09-06,sup5,cat12,Вода негаз. (0.5л.),0.99
2025-09-06,sup1,cat5,Говядина,9.26
2025-09-06,sup4,cat7,Паста рыбная (150г.),2.95
2025-09-06,sup3,cat3,Молоко (1л.),2.60
2025-09-06,sup5,cat12,Вода негаз. (0.5л.),0.99
2025-09-06,sup2,cat6,Шашлык,32.12
2025-09-06,sup6,cat10,Батон нарезной (240г.),2.44
2025-09-06,sup5,cat9,Зефир (230г.),17.58
2025-09-06,sup3,cat3,Сметана (180г.),1.94
2025-09-06,sup6,cat10,Булочка с маком (1шт.),1.49
2025-09-06,sup3,cat3,Масло сливочное (360г.),9.49
2025-09-06,sup9,cat2,Огурец,6.96
2025-09-06,sup5,cat8,Чай пак. (25шт.),3.80
2025-09-06,sup10,cat12,Сок яблочный (1л.),5.17
2025-09-06,sup6,cat10,Батон нарезной (240г.),1.22
2025-09-06,sup3,cat3,Сыр голландский (200г.),5.02
2025-09-06,sup3,cat3,Молоко (1л.),2.60
2025-09-07,sup10,cat1,Груша,2.10
2025-09-07,sup5,cat8,Рис (900г.),3.49
2025-09-07,sup2,cat11,Колбаса вареная (400г.),4.98
2025-09-07,sup3,cat3,Сметана (180г.),1.94
2025-09-07,sup9,cat2,Томат,12.69
2025-09-07,sup1,cat11,Ветчина,2.89
2025-09-07,sup1,cat6,Фарш,31.49
2025-09-07,sup6,cat10,Батон нарезной (240г.),1.22
2025-09-07,sup10,cat1,Груша,9.18
2025-09-07,sup5,cat9,Мармелад,5.45
2025-09-07,sup5,cat8,Чай пак. (25шт.),3.80
2025-09-07,sup6,cat10,Батон нарезной (240г.),1.22
2025-09-07,sup10,cat2,Картофель,5.78
2025-09-07,sup2,cat11,Сосиски молочные,5.36
2025-09-07,sup12,cat12,Coca-Cola (1л.),3.07
2025-09-07,sup4,cat7,Форель (200г.),18.25
2025-09-07,sup5,cat8,Мука (1кг.),1.64
2025-09-07,sup3,cat3,Молоко (1.5л.),3.86
2025-09-07,sup5,cat8,Кофе раств. (95г.),14.99
2025-09-07,sup5,cat9,Печенье овсяное (400г.),4.33
2025-09-07,sup1,cat6,Фарш,27.92
2025-09-07,sup5,cat12,Сок апельсиновый (1л.),7.20
2025-09-07,sup5,cat12,Вода негаз. (0.5л.),0.99
2025-09-07,sup12,cat12,Coca-Cola (1л.),3.07
2025-09-07,sup5,cat8,Масло распсовое (0.8л.),4.99
2025-09-07,sup5,cat8,Кофе мол. (250г.),19.99
2025-09-07,sup1,cat5,Свинина,42.83
2025-09-07,sup10,cat2,Лук репчатый,0.62
2025-09-07,sup5,cat9,Конфеты шоколадные,15.67
2025-09-07,sup3,cat3,Молоко (1л.),2.60
2025-09-07,sup5,cat8,Масло подсолнечное (0.8л.),2.02
2025-09-07,sup3,cat3,Молоко (1л.),2.60
2025-09-07,sup3,cat3,Кефир (1л.),2.27
2025-09-07,sup5,cat12,Сок яблочный (1л.),5.17
2025-09-07,sup12,cat12,Coca-Cola (1л.),3.07
2025-09-07,sup1,cat5,Говядина,21.52
2025-09-07,sup2,cat5,Окорочка куриные,4.87
2025-09-07,sup7,cat10,Батон нарезной (240г.),2.44
2025-09-07,sup5,cat9,Конфеты шоколадные,8.45
2025-09-07,sup9,cat1,Банан,4.97
2025-09-07,sup1,cat5,Свинина,15.24
2025-09-07,sup4,cat7,Паста рыбная (150г.),2.95
2025-09-07,sup3,cat3,Молоко (1л.),2.60
2025-09-07,sup3,cat3,Масло сливочное (180г.),4.59
2025-09-07,sup1,cat6,Котлеты,8.82
2025-09-07,sup3,cat3,Сыр сливочный (200г.),5.41
2025-09-07,sup2,cat6,Колбаски,13.98
2025-09-07,sup2,cat11,Сосиски молочные,9.94
2025-09-07,sup12,cat12,Вода негаз. (0.5л.),0.99
2025-09-07,sup5,cat9,Карамель,8.20
2025-09-07,sup4,cat7,Сельдь (250г.),5.99
2025-09-07,sup12,cat12,Вода негаз. (0.5л.),1.98
2025-09-07,sup2,cat4,Яйцо куриное С1 (10шт.),3.81
2025-09-07,sup9,cat2,Томат,11.92
2025-09-07,sup2,cat4,Яйцо куриное С1 (10шт.),7.62
2025-09-07,sup5,cat12,Квас светлый (1л.),2.65
2025-09-07,sup5,cat9,Зефир (230г.),8.79
2025-09-07,sup5,cat12,Лимонад (2л.),5.35
2025-09-07,sup9,cat1,Арбуз,3.23
2025-09-08,sup5,cat9,Конфеты шоколадные,26.59
2025-09-08,sup5,cat8,Пшено (900г.),2.35
2025-09-08,sup5,cat12,Лимонад (2л.),5.35
2025-09-08,sup10,cat2,Морковь,0.64
2025-09-08,sup7,cat10,Батон нарезной (240г.),1.22
2025-09-08,sup1,cat11,Сосиски молочные,8.82
2025-09-08,sup3,cat3,Молоко (1.5л.),3.86
2025-09-08,sup10,cat2,Лук репчатый,0.60
2025-09-08,sup7,cat10,Батон нарезной (240г.),2.44
2025-09-08,sup3,cat3,Молоко (1л.),2.60
2025-09-08,sup5,cat12,Вода негаз. (0.5л.),0.99
2025-09-08,sup5,cat8,Мука (1кг.),1.64
2025-09-08,sup3,cat3,Масло сливочное (360г.),9.49
2025-09-08,sup4,cat7,Форель (200г.),18.25
2025-09-08,sup6,cat10,Хлеб светлый (400г.),1.20
2025-09-08,sup5,cat8,Рис (900г.),3.49
2025-09-08,sup3,cat3,Молоко (1.5л.),7.72
2025-09-08,sup1,cat5,Говядина,35.49
2025-09-08,sup1,cat11,Колбаса вареная (400г.),4.98
2025-09-08,sup5,cat12,Сок апельсиновый (1л.),7.20
2025-09-08,sup8,cat2,Лук репчатый,1.39
2025-09-08,sup5,cat12,Вода негаз. (0.5л.),0.99
2025-09-08,sup3,cat3,Сметана (380г.),3.71
2025-09-08,sup3,cat3,Творог (200г.),4.88
2025-09-08,sup5,cat8,Мука (1кг.),1.64
2025-09-08,sup3,cat3,Сметана (180г.),1.94
2025-09-08,sup9,cat1,Груша,7.69
2025-09-08,sup8,cat2,Огурец,7.34
2025-09-08,sup8,cat2,Картофель,0.92
2025-09-08,sup5,cat8,Масло распсовое (0.8л.),4.99
2025-09-08,sup5,cat9,Карамель,2.80
2025-09-08,sup6,cat10,Сушки (500г.),3.99
2025-09-08,sup5,cat12,Квас светлый (1л.),2.65
2025-09-08,sup5,cat8,Спагетти (400г.),1.76
2025-09-08,sup8,cat2,Огурец,4.46
2025-09-08,sup3,cat3,Сметана (180г.),3.88
2025-09-08,sup7,cat10,Батон нарезной (240г.),1.22
2025-09-08,sup5,cat12,Сок апельсиновый (1л.),7.20
2025-09-08,sup5,cat12,Квас светлый (1л.),2.65
2025-09-08,sup4,cat7,Креветки,26.97
2025-09-08,sup10,cat2,Картофель,5.72
2025-09-08,sup6,cat10,Батон нарезной (240г.),1.22
2025-09-08,sup5,cat12,Квас светлый (1л.),2.65
2025-09-08,sup6,cat10,Батон нарезной (240г.),1.22
2025-09-08,sup9,cat1,Апельсин,22.50
2025-09-08,sup8,cat2,Томат,14.14
2025-09-08,sup6,cat10,Булочка с маком (1шт.),1.49
2025-09-08,sup7,cat10,Хлеб светлый (400г.),1.20
2025-09-08,sup1,cat5,Свинина,12.03
2025-09-08,sup3,cat3,Кефир (1л.),2.27
2025-09-08,sup6,cat10,Булочка с маком (1шт.),4.47
2025-09-08,sup1,cat5,Свинина,31.28
2025-09-09,sup10,cat1,Груша,7.47
2025-09-09,sup1,cat11,Сосиски молочные,9.07
2025-09-09,sup9,cat2,Огурец,6.14
2025-09-09,sup3,cat3,Сыр сливочный (200г.),5.41
2025-09-09,sup6,cat10,Батон нарезной (240г.),1.22
2025-09-09,sup5,cat8,Крупа манная (1кг.),2.02
2025-09-09,sup6,cat10,Хлеб ржаной (450г.),1.50
2025-09-09,sup6,cat10,Батон нарезной (240г.),2.44
2025-09-09,sup1,cat11,Колбаски охотничьи (500г.),18.40
2025-09-09,sup9,cat2,Огурец,6.60
2025-09-09,sup9,cat2,Огурец,5.22
2025-09-09,sup2,cat4,Яйцо перепелиное (10шт.),2.95
2025-09-09,sup8,cat2,Лук репчатый,0.65
2025-09-09,sup5,cat12,Вода мин. газ. (1л.),1.59
2025-09-09,sup5,cat12,Вода негаз. (0.5л.),0.99
2025-09-09,sup2,cat4,Яйцо куриное С1 (15шт.),6.44
2025-09-09,sup10,cat12,Сок яблочный (1л.),5.17
2025-09-09,sup1,cat6,Котлеты,20.86
2025-09-09,sup5,cat8,Крупа манная (1кг.),2.02
2025-09-09,sup9,cat1,Апельсин,24.12
2025-09-09,sup6,cat10,Батон нарезной (240г.),1.22
2025-09-09,sup5,cat8,Кофе мол. (250г.),19.99
2025-09-09,sup10,cat1,Яблоко,11.51
2025-09-09,sup2,cat5,Филе куриное,16.91
2025-09-09,sup6,cat10,Булочка с маком (1шт.),1.49
2025-09-09,sup2,cat4,Яйцо куриное С1 (15шт.),6.44
2025-09-09,sup9,cat1,Арбуз,6.18
2025-09-09,sup2,cat4,Яйцо куриное С1 (10шт.),3.81
2025-09-09,sup6,cat10,Булочка с маком (1шт.),1.49
2025-09-09,sup3,cat3,Сыр сливочный (200г.),5.41
2025-09-09,sup2,cat5,Филе куриное,16.65
2025-09-09,sup3,cat3,Масло сливочное (180г.),4.59
2025-09-09,sup1,cat11,Колбаса вареная (400г.),4.98
2025-09-09,sup2,cat4,Яйцо куриное Д1 (10шт.),4.98
2025-09-09,sup6,cat10,Багет (200г.),2.49
2025-09-09,sup1,cat11,Колбаса вареная (400г.),4.98
2025-09-09,sup3,cat3,Сметана (380г.),3.71
2025-09-09,sup8,cat2,Томат,8.83
2025-09-09,sup8,cat2,Огурец,7.10
2025-09-09,sup1,cat5,Свинина,26.05
2025-09-09,sup8,cat2,Огурец,1.52
2025-09-09,sup1,cat6,Фарш,38.34
2025-09-09,sup2,cat4,Яйцо куриное С1 (10шт.),7.62
2025-09-09,sup2,cat5,Филе куриное,10.45
2025-09-09,sup3,cat3,Творог (200г.),2.44
2025-09-09,sup4,cat7,Кальмар,41.54
2025-09-09,sup1,cat11,Салями,21.65
2025-09-09,sup5,cat8,Сахар (1кг.),0.73
2025-09-09,sup6,cat10,Батон нарезной (240г.),1.22
2025-09-10,sup2,cat4,Яйцо куриное Д1 (10шт.),4.98
2025-09-10,sup7,cat10,Хлеб светлый (400г.),1.20
2025-09-10,sup5,cat12,Вода негаз. (0.5л.),1.98
2025-09-10,sup2,cat5,Филе куриное,7.67
2025-09-10,sup6,cat10,Батон нарезной (240г.),1.22
2025-09-10,sup5,cat8,Чай пак. (25шт.),7.60
2025-09-10,sup3,cat3,Молоко (1.5л.),3.86
2025-09-10,sup5,cat8,Мука (2кг.),5.20
2025-09-10,sup6,cat10,Булочка с маком (1шт.),7.45
2025-09-10,sup6,cat10,Батон нарезной (240г.),1.22
2025-09-10,sup5,cat8,Соль (1кг.),0.73
2025-09-10,sup5,cat8,Крупа гречневая (700г.),2.07
2025-09-10,sup2,cat4,Яйцо куриное С1 (10шт.),7.62
2025-09-10,sup2,cat5,Филе куриное,12.60
2025-09-10,sup1,cat11,Колбаса вареная (400г.),4.98
2025-09-10,sup5,cat8,Мука (2кг.),2.60
2025-09-10,sup2,cat4,Яйцо куриное С1 (10шт.),3.81
2025-09-10,sup3,cat3,Сметана (180г.),3.88
2025-09-10,sup3,cat3,Кефир (1л.),2.27
2025-09-10,sup3,cat3,Творог (200г.),2.44
2025-09-10,sup5,cat9,Карамель,5.73
2025-09-10,sup2,cat5,Окорочка куриные,12.30
2025-09-10,sup9,cat2,Томат,2.41
2025-09-10,sup2,cat6,Котлеты,17.16
2025-09-10,sup2,cat11,Колбаса вареная (400г.),4.98
2025-09-10,sup5,cat8,Рис (900г.),3.49
2025-09-10,sup10,cat2,Лук репчатый,1.01
2025-09-10,sup4,cat7,Минтай,0.99
2025-09-10,sup6,cat10,Батон нарезной (240г.),1.22
2025-09-10,sup7,cat10,Батон нарезной (240г.),1.22
2025-09-10,sup5,cat8,Мука (1кг.),1.64
2025-09-10,sup3,cat3,Масло сливочное (180г.),4.59
2025-09-10,sup7,cat10,Сушки (500г.),3.99
2025-09-10,sup3,cat3,Молоко (1л.),2.60
2025-09-10,sup2,cat5,Филе куриное,9.76
2025-09-10,sup5,cat9,Карамель,5.15
2025-09-10,sup5,cat8,Масло подсолнечное (0.8л.),2.02
2025-09-10,sup5,cat8,Кофе мол. (250г.),19.99
2025-09-10,sup9,cat2,Томат,7.97
2025-09-10,sup9,cat1,Арбуз,4.32
2025-09-10,sup2,cat4,Яйцо куриное С1 (15шт.),6.44
2025-09-10,sup10,cat2,Картофель,1.54
2025-09-10,sup1,cat11,Сосиски молочные,7.01
2025-09-10,sup5,cat8,Макароны (900г.),1.49
2025-09-10,sup1,cat5,Говядина,17.60
2025-09-10,sup7,cat10,Батон нарезной (240г.),1.22
2025-09-10,sup9,cat2,Томат,4.61
2025-09-10,sup1,cat11,Сервелат (400г.),8.51
2025-09-10,sup9,cat1,Груша,2.03
2025-09-10,sup9,cat1,Апельсин,10.56
2025-09-10,sup2,cat4,Яйцо куриное С1 (15шт.),6.44
2025-09-10,sup6,cat10,Плетенка (450г.),4.04
2025-09-10,sup2,cat4,Яйцо куриное Д1 (10шт.),4.98
2025-09-10,sup10,cat2,Свекла,0.75
2025-09-11,sup2,cat5,Филе куриное,4.05
2025-09-11,sup6,cat10,Батон нарезной (240г.),1.22
2025-09-11,sup6,cat10,Булочка с маком (1шт.),2.98
2025-09-11,sup5,cat8,Рис (900г.),6.98
2025-09-11,sup4,cat7,Хек,2.20
2025-09-11,sup1,cat11,Бекон (220г),9.99
2025-09-11,sup6,cat10,Батон нарезной (240г.),1.22
2025-09-11,sup6,cat10,Булочка с маком (1шт.),1.49
2025-09-11,sup5,cat12,Вода негаз. (0.5л.),0.99
2025-09-11,sup1,cat5,Говядина,22.68
2025-09-11,sup10,cat1,Яблоко,19.77
2025-09-11,sup8,cat2,Огурец,5.05
2025-09-11,sup5,cat9,Конфеты шоколадные,23.69
2025-09-11,sup4,cat7,Форель (200г.),18.25
2025-09-11,sup5,cat12,Сок апельсиновый (1л.),14.40
2025-09-11,sup2,cat6,Фарш,18.33
2025-09-11,sup1,cat5,Говядина,13.68
2025-09-11,sup1,cat5,Свинина,39.08
2025-09-11,sup4,cat7,Кальмар,26.19
2025-09-11,sup5,cat12,Вода негаз. (0.5л.),1.98
2025-09-11,sup3,cat3,Сметана (180г.),3.88
2025-09-11,sup5,cat8,Крупа гречневая (700г.),2.07
2025-09-11,sup5,cat12,Сок апельсиновый (1л.),7.20
2025-09-11,sup2,cat5,Филе куриное,13.70
2025-09-11,sup10,cat2,Свекла,0.33
2025-09-11,sup1,cat11,Колбаса вареная (400г.),4.98
2025-09-11,sup3,cat3,Молоко (1л.),2.60
2025-09-11,sup1,cat11,Колбаски охотничьи (500г.),18.40
2025-09-11,sup2,cat4,Яйцо куриное Д1 (10шт.),4.98
2025-09-11,sup8,cat2,Огурец,1.17
2025-09-11,sup3,cat3,Кефир (1л.),2.27
2025-09-11,sup10,cat2,Картофель,5.80
2025-09-11,sup5,cat12,Сок яблочный (1л.),5.17
2025-09-11,sup4,cat7,Сельдь (250г.),5.99
2025-09-11,sup2,cat4,Яйцо куриное С1 (15шт.),6.44
2025-09-11,sup5,cat8,Крупа гречневая (700г.),2.07
2025-09-11,sup1,cat5,Говядина,15.66
2025-09-11,sup10,cat1,Груша,3.33
2025-09-11,sup9,cat1,Арбуз,2.27
2025-09-11,sup6,cat10,Хлеб ржаной (450г.),1.50
2025-09-11,sup6,cat10,Булочка с маком (1шт.),1.49
2025-09-11,sup4,cat7,Форель (200г.),18.25
2025-09-11,sup6,cat10,Хлеб светлый (400г.),1.20
2025-09-11,sup5,cat12,Лимонад (2л.),5.35
2025-09-11,sup2,cat5,Окорочка куриные,4.74
2025-09-11,sup8,cat1,Яблоко,17.90
2025-09-11,sup1,cat11,Бекон (220г),9.99
2025-09-11,sup3,cat3,Молоко (1.5л.),3.86
2025-09-11,sup2,cat11,Колбаса вареная (400г.),4.98
2025-09-12,sup6,cat10,Лаваш (300г.),2.89
2025-09-12,sup8,cat2,Лук репчатый,0.68
2025-09-12,sup9,cat1,Банан,4.46
2025-09-12,sup6,cat10,Хлеб ржаной (450г.),1.50
2025-09-12,sup7,cat10,Батон нарезной (240г.),1.22
2025-09-12,sup1,cat11,Колбаски охотничьи (500г.),27.60
2025-09-12,sup6,cat10,Булочка с маком (1шт.),4.47
2025-09-12,sup1,cat6,Фарш,43.42
2025-09-12,sup1,cat11,Колбаса вареная (400г.),4.98
2025-09-12,sup9,cat2,Огурец,3.61
2025-09-12,sup8,cat2,Томат,21.56
2025-09-12,sup8,cat2,Огурец,1.76
2025-09-12,sup6,cat10,Батон нарезной (240г.),1.22
2025-09-12,sup9,cat2,Томат,12.62
2025-09-12,sup6,cat10,Батон нарезной (240г.),1.22
2025-09-12,sup4,cat7,Форель (200г.),18.25
2025-09-12,sup7,cat10,Хлеб ржаной (450г.),1.50
2025-09-12,sup6,cat10,Сушки (500г.),3.99
2025-09-12,sup3,cat3,Сметана (380г.),3.71
2025-09-12,sup5,cat9,Конфеты шоколадные,25.95
2025-09-12,sup3,cat3,Сыр российский,15.97
2025-09-12,sup7,cat10,Батон нарезной (240г.),1.22
2025-09-12,sup5,cat8,Пшено (900г.),2.35
2025-09-12,sup5,cat8,Масло подсолнечное (0.8л.),2.02
2025-09-12,sup1,cat6,Котлеты,13.50
2025-09-12,sup8,cat2,Лук репчатый,0.55
2025-09-12,sup6,cat10,Хлеб светлый (400г.),1.20
2025-09-12,sup12,cat12,Coca-Cola (1л.),6.14
2025-09-12,sup1,cat6,Фарш,11.46
2025-09-12,sup5,cat8,Пшено (900г.),2.35
2025-09-12,sup7,cat10,Хлеб ржаной (450г.),1.50
2025-09-12,sup3,cat3,Кефир (1л.),2.27
2025-09-12,sup1,cat6,Шашлык,23.34
2025-09-12,sup1,cat5,Говядина,30.40
2025-09-12,sup4,cat7,Кальмар,35.44
2025-09-12,sup1,cat5,Говядина,34.24
2025-09-12,sup10,cat2,Картофель,5.49
2025-09-12,sup6,cat10,Батон нарезной (240г.),1.22
2025-09-12,sup6,cat10,Плетенка (450г.),4.04
2025-09-12,sup3,cat3,Сметана (180г.),1.94
2025-09-12,sup1,cat11,Ветчина,14.50
2025-09-12,sup6,cat10,Булочка с маком (1шт.),2.98
2025-09-12,sup5,cat9,Конфеты шоколадные,12.19
2025-09-12,sup5,cat8,Спагетти (400г.),3.52
2025-09-12,sup7,cat10,Батон нарезной (240г.),2.44
2025-09-12,sup6,cat10,Хлеб ржаной (450г.),1.50
2025-09-12,sup6,cat10,Булочка с маком (1шт.),1.49
2025-09-12,sup9,cat1,Банан,7.02
2025-09-12,sup5,cat9,Конфеты шоколадные,10.31
2025-09-12,sup5,cat12,Сок апельсиновый (1л.),14.40
2025-09-12,sup3,cat3,Кефир (1л.),2.27
2025-09-12,sup10,cat12,Сок яблочный (1л.),5.17
2025-09-12,sup7,cat10,Батон нарезной (240г.),1.22
2025-09-12,sup12,cat12,Coca-Cola (1л.),3.07
2025-09-12,sup6,cat10,Лаваш (300г.),2.89
2025-09-12,sup5,cat8,Макароны (900г.),2.98
2025-09-12,sup3,cat3,Творог (200г.),2.44
2025-09-12,sup6,cat10,Багет (200г.),2.49
2025-09-12,sup3,cat3,Молоко (1.5л.),3.86
2025-09-12,sup8,cat2,Томат,11.46
2025-09-12,sup3,cat3,Творог (200г.),2.44
2025-09-12,sup7,cat10,Багет (200г.),2.49
2025-09-12,sup9,cat2,Томат,15.82
2025-09-12,sup6,cat10,Булочка с маком (1шт.),1.49
2025-09-12,sup5,cat8,Масло подсолнечное (0.8л.),2.02
2025-09-12,sup4,cat7,Креветки,22.69
2025-09-12,sup5,cat8,Мука (1кг.),1.64
2025-09-12,sup7,cat10,Батон нарезной (240г.),1.22
2025-09-12,sup10,cat2,Картофель,3.60
2025-09-13,sup9,cat2,Томат,23.13
2025-09-13,sup8,cat2,Картофель,1.77
2025-09-13,sup6,cat10,Сушки (500г.),3.99
2025-09-13,sup3,cat3,Кефир (1л.),2.27
2025-09-13,sup5,cat12,Лимонад (2л.),5.35
2025-09-13,sup5,cat9,Карамель,5.18
2025-09-13,sup3,cat3,Молоко (1л.),2.60
2025-09-13,sup5,cat12,Вода негаз. (0.5л.),1.98
2025-09-13,sup5,cat8,Масло распсовое (0.8л.),9.98
2025-09-13,sup3,cat3,Молоко (1л.),2.60
2025-09-13,sup3,cat3,Молоко (1.5л.),7.72
2025-09-13,sup6,cat10,Батон нарезной (240г.),1.22
2025-09-13,sup3,cat3,Масло сливочное (180г.),4.59
2025-09-13,sup3,cat3,Сметана (380г.),3.71
2025-09-13,sup3,cat3,Сметана (180г.),3.88
2025-09-13,sup6,cat10,Хлеб ржаной (450г.),1.50
2025-09-13,sup1,cat5,Говядина,35.27
2025-09-13,sup5,cat12,Сок яблочный (1л.),5.17
2025-09-13,sup9,cat2,Томат,14.87
2025-09-13,sup9,cat1,Банан,13.05
2025-09-13,sup5,cat8,Кофе мол. (250г.),19.99
2025-09-13,sup2,cat5,Филе куриное,5.15
2025-09-13,sup1,cat11,Колбаса вареная (400г.),4.98
2025-09-13,sup2,cat6,Печень куриная (550г.),11.00
2025-09-13,sup1,cat5,Свинина,38.62
2025-09-13,sup3,cat3,Творог (200г.),2.44
2025-09-13,sup5,cat12,Вода негаз. (0.5л.),0.99
2025-09-13,sup10,cat2,Картофель,1.46
2025-09-13,sup3,cat3,Молоко (1л.),2.60
2025-09-13,sup1,cat5,Говядина,26.62
2025-09-13,sup8,cat2,Огурец,6.12
2025-09-13,sup4,cat7,Креветки,40.40
2025-09-13,sup6,cat10,Лаваш (300г.),2.89
2025-09-13,sup3,cat3,Масло сливочное (180г.),9.18
2025-09-13,sup10,cat2,Лук репчатый,1.03
2025-09-13,sup6,cat10,Батон нарезной (240г.),1.22
2025-09-13,sup1,cat11,Сервелат (400г.),8.51
2025-09-13,sup10,cat1,Яблоко,6.66
2025-09-13,sup5,cat9,Конфеты шоколадные,20.69
2025-09-13,sup3,cat3,Кефир (1л.),2.27
2025-09-13,sup3,cat3,Сметана (380г.),3.71
2025-09-13,sup2,cat11,Колбаса вареная (400г.),4.98
2025-09-13,sup12,cat12,Coca-Cola (1л.),6.14
2025-09-13,sup5,cat12,Квас светлый (1л.),2.65
2025-09-13,sup5,cat8,Мука (2кг.),2.60
2025-09-13,sup2,cat6,Желудки куриные (550г.),4.98
2025-09-13,sup2,cat4,Яйцо перепелиное (10шт.),2.95
2025-09-13,sup5,cat12,Сок яблочный (1л.),10.34
2025-09-13,sup3,cat3,Творог (200г.),2.44
2025-09-13,sup5,cat9,Печенье овсяное (400г.),4.33
2025-09-13,sup4,cat7,Паста рыбная (150г.),2.95
2025-09-13,sup10,cat2,Свекла,0.24
2025-09-13,sup5,cat8,Рис (900г.),3.49
2025-09-13,sup3,cat3,Сметана (180г.),3.88
2025-09-13,sup2,cat4,Яйцо куриное Д1 (10шт.),4.98
2025-09-13,sup6,cat10,Хлеб светлый (400г.),1.20
2025-09-13,sup9,cat1,Апельсин,5.67
2025-09-13,sup6,cat10,Хлеб светлый (400г.),1.20
2025-09-13,sup6,cat10,Хлеб ржаной (450г.),1.50
2025-09-13,sup1,cat6,Фарш,18.01
2025-09-13,sup12,cat12,Coca-Cola (1л.),3.07
2025-09-13,sup1,cat5,Говядина,17.25
2025-09-13,sup1,cat11,Колбаски охотничьи (500г.),18.40
2025-09-13,sup6,cat10,Булочка с маком (1шт.),2.98
2025-09-13,sup3,cat3,Молоко (1л.),5.20
2025-09-13,sup6,cat10,Сушки (500г.),3.99
2025-09-13,sup5,cat8,Кофе раств. (95г.),29.98
2025-09-13,sup9,cat1,Банан,7.22
2025-09-14,sup10,cat2,Лук репчатый,0.25
2025-09-14,sup9,cat2,Огурец,1.87
2025-09-14,sup10,cat2,Морковь,1.34
2025-09-14,sup1,cat5,Говядина,32.20
2025-09-14,sup4,cat7,Хек,2.09
2025-09-14,sup9,cat1,Апельсин,14.79
2025-09-14,sup10,cat12,Сок яблочный (1л.),5.17
2025-09-14,sup1,cat5,Говядина,17.31
2025-09-14,sup4,cat7,Хек,13.72
2025-09-14,sup3,cat3,Сметана (380г.),3.71
2025-09-14,sup3,cat3,Сметана (180г.),1.94
2025-09-14,sup5,cat8,Крупа перловая (1кг.),1.44
2025-09-14,sup12,cat12,Coca-Cola (1л.),3.07
2025-09-14,sup1,cat6,Фарш,19.40
2025-09-14,sup10,cat2,Картофель,2.04
2025-09-14,sup5,cat8,Мука (1кг.),1.64
2025-09-14,sup2,cat11,Сосиски молочные,6.28
2025-09-14,sup5,cat8,Масло подсолнечное (0.8л.),4.04
2025-09-14,sup5,cat8,Рис (900г.),3.49
2025-09-14,sup9,cat2,Огурец,6.43
2025-09-14,sup5,cat8,Масло подсолнечное (0.8л.),2.02
2025-09-14,sup7,cat10,Хлеб светлый (400г.),1.20
2025-09-14,sup4,cat7,Сельдь (250г.),5.99
2025-09-14,sup1,cat5,Говядина,39.73
2025-09-14,sup5,cat8,Крупа гречневая (700г.),2.07
2025-09-14,sup5,cat8,Крупа гречневая (700г.),2.07
2025-09-14,sup12,cat12,Coca-Cola (1л.),3.07
2025-09-14,sup5,cat8,Сахар (1кг.),3.65
2025-09-14,sup1,cat6,Котлеты,23.89
2025-09-14,sup5,cat9,Шоколад молочный (90г.),5.99
2025-09-14,sup2,cat4,Яйцо куриное С1 (10шт.),7.62
2025-09-14,sup3,cat3,Масло сливочное (360г.),9.49
2025-09-14,sup9,cat2,Томат,17.48
2025-09-14,sup1,cat11,Салями,20.87
2025-09-14,sup5,cat12,Вода негаз. (0.5л.),0.99
2025-09-14,sup6,cat10,Батон нарезной (240г.),1.22
2025-09-14,sup5,cat8,Спагетти (400г.),1.76
2025-09-14,sup1,cat5,Свинина,40.75
2025-09-14,sup5,cat9,Зефир (230г.),8.79
2025-09-14,sup5,cat8,Рис (900г.),3.49
2025-09-14,sup1,cat6,Голубцы,32.27
2025-09-14,sup1,cat11,Бекон (220г),9.99
2025-09-14,sup1,cat5,Свинина,33.95
2025-09-14,sup6,cat10,Хлеб светлый (400г.),1.20
2025-09-14,sup4,cat7,Паста рыбная (150г.),2.95
2025-09-14,sup9,cat1,Яблоко,18.96
2025-09-14,sup5,cat8,Сахар (1кг.),0.73
2025-09-14,sup2,cat6,Котлеты,12.28
2025-09-14,sup2,cat11,Сосиски молочные,3.98
2025-09-14,sup12,cat12,Coca-Cola (1л.),3.07
2025-09-14,sup5,cat12,Вода негаз. (0.5л.),0.99
2025-09-14,sup10,cat2,Лук репчатый,0.20
2025-09-14,sup5,cat12,Лимонад (2л.),10.70
2025-09-14,sup2,cat6,Котлеты,8.67
2025-09-14,sup2,cat4,Яйцо куриное С1 (10шт.),3.81
2025-09-15,sup5,cat12,Лимонад (2л.),5.35
2025-09-15,sup5,cat9,Карамель,3.42
2025-09-15,sup5,cat12,Вода негаз. (0.5л.),0.99
2025-09-15,sup5,cat8,Спагетти (400г.),1.76
2025-09-15,sup3,cat3,Молоко (1л.),2.60
2025-09-15,sup3,cat3,Творог (200г.),4.88
2025-09-15,sup9,cat1,Апельсин,2.06
2025-09-15,sup5,cat12,Лимонад (2л.),5.35
2025-09-15,sup1,cat5,Говядина,36.69
2025-09-15,sup5,cat8,Макароны (900г.),2.98
2025-09-15,sup6,cat10,Хлеб светлый (400г.),1.20
2025-09-15,sup5,cat9,Печенье овсяное (400г.),4.33
2025-09-15,sup5,cat9,Конфеты шоколадные,8.54
2025-09-15,sup6,cat10,Хлеб светлый (400г.),1.20
2025-09-15,sup7,cat10,Батон нарезной (240г.),1.22
2025-09-15,sup3,cat3,Молоко (1л.),2.60
2025-09-15,sup5,cat9,Конфеты шоколадные,14.48
2025-09-15,sup5,cat8,Кофе мол. (250г.),59.97
2025-09-15,sup10,cat2,Лук репчатый,0.55
2025-09-15,sup9,cat2,Томат,22.87
2025-09-15,sup6,cat10,Хлеб ржаной (450г.),1.50
2025-09-15,sup6,cat10,Булочка с маком (1шт.),1.49
2025-09-15,sup9,cat1,Арбуз,3.20
2025-09-15,sup3,cat3,Молоко (1л.),2.60
2025-09-15,sup6,cat10,Батон нарезной (240г.),2.44
2025-09-15,sup3,cat3,Сыр голландский (200г.),5.02
2025-09-15,sup9,cat2,Огурец,4.80
2025-09-15,sup3,cat3,Творог (200г.),4.88
2025-09-15,sup6,cat10,Плетенка (450г.),4.04
2025-09-15,sup6,cat10,Лаваш (300г.),2.89
2025-09-15,sup8,cat2,Картофель,5.29
2025-09-15,sup10,cat1,Яблоко,9.33
2025-09-15,sup5,cat8,Спагетти (400г.),1.76
2025-09-15,sup5,cat8,Кофе раств. (95г.),14.99
2025-09-15,sup4,cat7,Скумбрия,17.46
2025-09-15,sup5,cat8,Кофе раств. (95г.),14.99
2025-09-15,sup3,cat3,Творог (200г.),4.88
2025-09-15,sup10,cat2,Картофель,1.35
2025-09-15,sup3,cat3,Творог (200г.),2.44
2025-09-15,sup1,cat11,Колбаса вареная (400г.),4.98
2025-09-15,sup9,cat2,Огурец,7.46
2025-09-15,sup1,cat6,Голубцы,30.02
2025-09-15,sup6,cat10,Багет (200г.),2.49
2025-09-15,sup8,cat2,Огурец,7.14
2025-09-15,sup1,cat6,Шашлык,51.59
2025-09-15,sup5,cat9,Зефир (230г.),8.79
2025-09-15,sup3,cat3,Кефир (1л.),2.27
2025-09-15,sup1,cat5,Говядина,19.70
2025-09-15,sup7,cat10,Батон нарезной (240г.),1.22
2025-09-16,sup4,cat7,Минтай,1.57
2025-09-16,sup10,cat2,Лук репчатый,0.65
2025-09-16,sup6,cat10,Булочка с маком (1шт.),1.49
2025-09-16,sup6,cat10,Батон нарезной (240г.),1.22
2025-09-16,sup1,cat11,Салями,21.24
2025-09-16,sup2,cat5,Окорочка куриные,7.46
2025-09-16,sup1,cat11,Сервелат (400г.),8.51
2025-09-16,sup5,cat8,Крупа гречневая (700г.),2.07
2025-09-16,sup6,cat10,Хлеб светлый (400г.),1.20
2025-09-16,sup4,cat7,Хек,9.98
2025-09-16,sup2,cat5,Филе куриное,19.86
2025-09-16,sup2,cat4,Яйцо куриное Д1 (10шт.),4.98
2025-09-16,sup1,cat11,Колбаски охотничьи (500г.),9.20
2025-09-16,sup2,cat6,Голубцы,13.84
2025-09-16,sup5,cat12,Вода негаз. (0.5л.),0.99
2025-09-16,sup6,cat10,Хлеб ржаной (450г.),1.50
2025-09-16,sup10,cat2,Морковь,1.86
2025-09-16,sup1,cat11,Сосиски молочные,8.81
2025-09-16,sup2,cat11,Ветчина,13.18
2025-09-16,sup6,cat10,Булочка с маком (1шт.),1.49
2025-09-16,sup6,cat10,Батон нарезной (240г.),1.22
2025-09-16,sup6,cat10,Хлеб светлый (400г.),1.20
2025-09-16,sup6,cat10,Хлеб светлый (400г.),1.20
2025-09-16,sup6,cat10,Булочка с маком (1шт.),1.49
2025-09-16,sup5,cat9,Шоколад молочный (90г.),5.99
2025-09-16,sup6,cat10,Батон нарезной (240г.),1.22
2025-09-16,sup2,cat6,Печень куриная (550г.),5.50
2025-09-16,sup5,cat9,Конфеты шоколадные,17.94
2025-09-16,sup3,cat3,Кефир (1л.),2.27
2025-09-16,sup5,cat8,Крупа манная (1кг.),2.02
2025-09-16,sup3,cat3,Кефир (1л.),2.27
2025-09-16,sup3,cat3,Сметана (180г.),1.94
2025-09-16,sup6,cat10,Батон нарезной (240г.),1.22
2025-09-16,sup2,cat4,Яйцо перепелиное (20шт.),4.65
2025-09-16,sup5,cat8,Кофе мол. (250г.),19.99
2025-09-16,sup6,cat10,Хлеб ржаной (450г.),1.50
2025-09-16,sup3,cat3,Кефир (1л.),2.27
2025-09-16,sup1,cat5,Свинина,25.48
2025-09-16,sup5,cat8,Пшено (900г.),2.35
2025-09-16,sup2,cat4,Яйцо куриное С1 (10шт.),7.62
2025-09-16,sup6,cat10,Булочка с маком (1шт.),2.98
2025-09-16,sup4,cat7,Паста рыбная (150г.),2.95
2025-09-16,sup2,cat5,Филе куриное,5.50
2025-09-16,sup6,cat10,Хлеб ржаной (450г.),1.50
2025-09-16,sup2,cat5,Окорочка куриные,8.02
2025-09-16,sup1,cat5,Свинина,41.48
2025-09-16,sup5,cat9,Карамель,0.83
2025-09-16,sup2,cat4,Яйцо куриное С1 (15шт.),6.44
2025-09-16,sup1,cat6,Котлеты,6.23
2025-09-16,sup5,cat12,Лимонад (2л.),5.35
2025-09-16,sup10,cat2,Лук репчатый,1.82
2025-09-16,sup2,cat11,Сосиски молочные,11.59
2025-09-16,sup1,cat11,Сервелат (400г.),8.51
2025-09-17,sup10,cat2,Свекла,0.97
2025-09-17,sup3,cat3,Творог (200г.),7.32
2025-09-17,sup1,cat5,Свинина,37.20
2025-09-17,sup3,cat3,Молоко (1л.),2.60
2025-09-17,sup5,cat8,Крупа гречневая (700г.),4.14
2025-09-17,sup3,cat3,Кефир (1л.),2.27
2025-09-17,sup3,cat3,Творог (200г.),4.88
2025-09-17,sup5,cat8,Крупа перловая (1кг.),1.44
2025-09-17,sup5,cat12,Сок яблочный (1л.),5.17
2025-09-17,sup3,cat3,Кефир (1л.),2.27
2025-09-17,sup2,cat4,Яйцо перепелиное (10шт.),2.95
2025-09-17,sup4,cat7,Форель (200г.),18.25
2025-09-17,sup9,cat2,Огурец,6.74
2025-09-17,sup1,cat5,Говядина,13.54
2025-09-17,sup2,cat4,Яйцо куриное Д1 (10шт.),4.98
2025-09-17,sup6,cat10,Батон нарезной (240г.),2.44
2025-09-17,sup3,cat3,Кефир (1л.),2.27
2025-09-17,sup10,cat12,Сок яблочный (1л.),5.17
2025-09-17,sup1,cat6,Голубцы,32.99
2025-09-17,sup3,cat3,Молоко (1л.),2.60
2025-09-17,sup7,cat10,Батон нарезной (240г.),1.22
2025-09-17,sup3,cat3,Молоко (1.5л.),3.86
2025-09-17,sup3,cat3,Сыр голландский (200г.),5.02
2025-09-17,sup12,cat12,Coca-Cola (1л.),3.07
2025-09-17,sup6,cat10,Батон нарезной (240г.),1.22
2025-09-17,sup4,cat7,Минтай,1.44
2025-09-17,sup6,cat10,Булочка с маком (1шт.),4.47
2025-09-17,sup5,cat9,Печенье овсяное (400г.),4.33
2025-09-17,sup3,cat3,Творог (200г.),4.88
2025-09-17,sup10,cat2,Картофель,1.69
2025-09-17,sup2,cat11,Сосиски молочные,4.61
2025-09-17,sup5,cat8,Сахар (1кг.),0.73
2025-09-17,sup6,cat10,Хлеб светлый (400г.),1.20
2025-09-17,sup12,cat12,Coca-Cola (1л.),6.14
2025-09-17,sup6,cat10,Плетенка (450г.),4.04
2025-09-17,sup9,cat1,Банан,8.68
2025-09-17,sup5,cat8,Рис (900г.),3.49
2025-09-17,sup6,cat10,Батон нарезной (240г.),2.44
2025-09-17,sup5,cat8,Крупа перловая (1кг.),1.44
2025-09-17,sup5,cat9,Шоколад молочный (90г.),17.97
2025-09-17,sup6,cat10,Лаваш (300г.),2.89
2025-09-17,sup3,cat3,Молоко (1л.),2.60
2025-09-17,sup9,cat2,Томат,10.19
2025-09-17,sup6,cat10,Хлеб светлый (400г.),1.20
2025-09-17,sup4,cat7,Минтай,0.69
2025-09-17,sup10,cat2,Картофель,3.87
2025-09-17,sup3,cat3,Масло сливочное (180г.),4.59
2025-09-17,sup2,cat6,Шашлык,32.99
2025-09-17,sup10,cat2,Картофель,4.31
2025-09-18,sup9,cat1,Апельсин,9.65
2025-09-18,sup5,cat9,Карамель,7.03
2025-09-18,sup6,cat10,Хлеб светлый (400г.),1.20
2025-09-18,sup2,cat5,Окорочка куриные,6.54
2025-09-18,sup4,cat7,Хек,15.05
2025-09-18,sup8,cat2,Огурец,2.50
2025-09-18,sup1,cat11,Сервелат (400г.),8.51
2025-09-18,sup5,cat9,Конфеты шоколадные,29.41
2025-09-18,sup2,cat5,Филе куриное,17.85
2025-09-18,sup1,cat5,Говядина,31.28
2025-09-18,sup6,cat10,Батон нарезной (240г.),1.22
2025-09-18,sup2,cat4,Яйцо куриное С1 (15шт.),6.44
2025-09-18,sup2,cat5,Филе куриное,10.77
2025-09-18,sup3,cat3,Сыр сливочный (200г.),5.41
2025-09-18,sup4,cat7,Паста рыбная (150г.),2.95
2025-09-18,sup6,cat10,Батон нарезной (240г.),1.22
2025-09-18,sup5,cat9,Конфеты шоколадные,10.83
2025-09-18,sup6,cat10,Булочка с маком (1шт.),1.49
2025-09-18,sup6,cat10,Сушки (500г.),7.98
2025-09-18,sup5,cat12,Вода негаз. (0.5л.),0.99
2025-09-18,sup8,cat2,Томат,23.42
2025-09-18,sup1,cat11,Сервелат (400г.),17.02
2025-09-18,sup3,cat3,Сыр сливочный (200г.),5.41
2025-09-18,sup4,cat7,Форель (200г.),36.50
2025-09-18,sup6,cat10,Батон нарезной (240г.),1.22
2025-09-18,sup1,cat11,Ветчина,17.34
2025-09-18,sup2,cat6,Фарш,17.30
2025-09-18,sup6,cat10,Батон нарезной (240г.),1.22
2025-09-18,sup1,cat5,Свинина,18.03
2025-09-18,sup3,cat3,Молоко (1л.),2.60
2025-09-18,sup2,cat4,Яйцо куриное С1 (15шт.),6.44
2025-09-18,sup9,cat2,Томат,15.56
2025-09-18,sup5,cat8,Сахар (1кг.),2.19
2025-09-18,sup9,cat1,Банан,12.11
2025-09-18,sup1,cat5,Говядина,18.08
2025-09-18,sup2,cat4,Яйцо куриное С1 (10шт.),3.81
2025-09-18,sup5,cat12,Лимонад (2л.),10.70
2025-09-18,sup4,cat7,Сельдь (250г.),5.99
2025-09-18,sup3,cat3,Масло сливочное (180г.),4.59
2025-09-18,sup3,cat3,Молоко (1л.),2.60
2025-09-18,sup2,cat4,Яйцо куриное Д1 (10шт.),4.98
2025-09-18,sup1,cat5,Говядина,13.46
2025-09-18,sup2,cat6,Голубцы,18.12
2025-09-18,sup5,cat8,Сахар (1кг.),0.73
2025-09-18,sup9,cat2,Огурец,6.34
2025-09-18,sup3,cat3,Молоко (1л.),2.60
2025-09-18,sup10,cat2,Морковь,0.83
2025-09-18,sup9,cat2,Томат,23.96
2025-09-18,sup12,cat12,Coca-Cola (1л.),3.07
2025-09-18,sup5,cat12,Лимонад (2л.),5.35
2025-09-19,sup3,cat3,Молоко (1л.),5.20
2025-09-19,sup9,cat1,Апельсин,15.81
2025-09-19,sup1,cat11,Сосиски молочные,12.37
2025-09-19,sup12,cat12,Coca-Cola (1л.),3.07
2025-09-19,sup5,cat8,Кофе раств. (95г.),14.99
2025-09-19,sup3,cat3,Сыр голландский (200г.),5.02
2025-09-19,sup5,cat9,Печенье овсяное (400г.),4.33
2025-09-19,sup8,cat2,Лук репчатый,0.72
2025-09-19,sup5,cat9,Карамель,5.08
2025-09-19,sup10,cat2,Картофель,4.69
2025-09-19,sup5,cat8,Сахар (1кг.),0.73
2025-09-19,sup8,cat2,Картофель,1.28
2025-09-19,sup7,cat10,Батон нарезной (240г.),1.22
2025-09-19,sup9,cat2,Томат,22.24
2025-09-19,sup5,cat9,Зефир (230г.),17.58
2025-09-19,sup1,cat11,Салями,21.05
2025-09-19,sup5,cat9,Шоколад молочный (90г.),5.99
2025-09-19,sup12,cat12,Вода негаз. (0.5л.),1.98
2025-09-19,sup1,cat6,Колбаски,17.46
2025-09-19,sup6,cat10,Хлеб светлый (400г.),1.20
2025-09-19,sup3,cat3,Кефир (1л.),2.27
2025-09-19,sup6,cat10,Хлеб светлый (400г.),1.20
2025-09-19,sup1,cat11,Сосиски молочные,4.80
2025-09-19,sup8,cat2,Огурец,3.79
2025-09-19,sup8,cat2,Томат,22.98
2025-09-19,sup5,cat8,Крупа гречневая (700г.),2.07
2025-09-19,sup1,cat11,Салями,20.37
2025-09-19,sup8,cat2,Капуста,4.59
2025-09-19,sup5,cat8,Крупа гречневая (700г.),2.07
2025-09-19,sup1,cat11,Сервелат (400г.),8.51
2025-09-19,sup1,cat11,Сервелат (400г.),8.51
2025-09-19,sup3,cat3,Кефир (1л.),2.27
2025-09-19,sup1,cat6,Голубцы,25.34
2025-09-19,sup5,cat8,Рис (900г.),3.49
2025-09-19,sup5,cat8,Кофе мол. (250г.),19.99
2025-09-19,sup6,cat10,Булочка с маком (1шт.),2.98
2025-09-19,sup8,cat1,Яблоко,9.73
2025-09-19,sup6,cat10,Хлеб ржаной (450г.),1.50
2025-09-19,sup10,cat2,Морковь,2.46
2025-09-19,sup6,cat10,Хлеб светлый (400г.),1.20
2025-09-19,sup6,cat10,Булочка с маком (1шт.),1.49
2025-09-19,sup3,cat3,Творог (200г.),4.88
2025-09-19,sup5,cat8,Крупа гречневая (700г.),2.07
2025-09-19,sup1,cat5,Говядина,25.94
2025-09-19,sup1,cat11,Сосиски молочные,11.34
2025-09-19,sup6,cat10,Лаваш (300г.),2.89
2025-09-19,sup5,cat8,Рис (900г.),3.49
2025-09-19,sup3,cat3,Кефир (1л.),2.27
2025-09-19,sup7,cat10,Батон нарезной (240г.),1.22
2025-09-19,sup1,cat11,Сервелат (400г.),8.51
2025-09-19,sup6,cat10,Багет (200г.),2.49
2025-09-19,sup3,cat3,Молоко (1л.),2.60
2025-09-19,sup6,cat10,Булочка с маком (1шт.),1.49
2025-09-19,sup9,cat1,Банан,13.30
2025-09-19,sup1,cat5,Свинина,42.66
2025-09-19,sup9,cat2,Огурец,3.04
2025-09-19,sup6,cat10,Батон нарезной (240г.),2.44
2025-09-19,sup5,cat9,Шоколад молочный (90г.),5.99
2025-09-19,sup1,cat11,Ветчина,5.22
2025-09-19,sup3,cat3,Молоко (1л.),2.60
2025-09-19,sup1,cat11,Сосиски молочные,10.70
2025-09-19,sup5,cat8,Спагетти (400г.),1.76
2025-09-19,sup7,cat10,Батон нарезной (240г.),1.22
2025-09-19,sup1,cat11,Ветчина,10.75
2025-09-19,sup6,cat10,Булочка с маком (1шт.),4.47
2025-09-20,sup6,cat10,Лаваш (300г.),2.89
2025-09-20,sup1,cat5,Говядина,15.17
2025-09-20,sup10,cat2,Морковь,0.50
2025-09-20,sup6,cat10,Батон нарезной (240г.),1.22
2025-09-20,sup9,cat2,Томат,6.88
2025-09-20,sup3,cat3,Масло сливочное (1кг.),30.73
2025-09-20,sup5,cat8,Макароны (900г.),1.49
2025-09-20,sup10,cat2,Свекла,0.44
2025-09-20,sup3,cat3,Сметана (380г.),3.71
2025-09-20,sup8,cat2,Томат,16.50
2025-09-20,sup6,cat10,Хлеб светлый (400г.),1.20
2025-09-20,sup5,cat9,Карамель,5.14
2025-09-20,sup2,cat4,Яйцо куриное С1 (15шт.),6.44
2025-09-20,sup1,cat5,Говядина,40.94
2025-09-20,sup3,cat3,Кефир (1л.),2.27
2025-09-20,sup3,cat3,Сыр голландский (200г.),5.02
2025-09-20,sup8,cat2,Томат,16.53
2025-09-20,sup1,cat11,Сосиски молочные,5.76
2025-09-20,sup6,cat10,Хлеб светлый (400г.),1.20
2025-09-20,sup12,cat12,Coca-Cola (1л.),3.07
2025-09-20,sup6,cat10,Батон нарезной (240г.),1.22
2025-09-20,sup8,cat2,Томат,2.39
2025-09-20,sup3,cat3,Творог (200г.),4.88
2025-09-20,sup9,cat1,Апельсин,22.15
2025-09-20,sup6,cat10,Хлеб светлый (400г.),1.20
2025-09-20,sup9,cat1,Апельсин,19.83
2025-09-20,sup6,cat10,Батон нарезной (240г.),1.22
2025-09-20,sup8,cat2,Свекла,0.28
2025-09-20,sup5,cat8,Масло подсолнечное (0.8л.),2.02
2025-09-20,sup2,cat4,Яйцо куриное С1 (10шт.),3.81
2025-09-20,sup5,cat12,Сок апельсиновый (1л.),7.20
2025-09-20,sup10,cat2,Лук репчатый,1.50
2025-09-20,sup2,cat4,Яйцо куриное С1 (10шт.),3.81
2025-09-20,sup1,cat11,Салями,20.40
2025-09-20,sup9,cat1,Апельсин,23.87
2025-09-20,sup5,cat8,Крупа гречневая (700г.),2.07
2025-09-20,sup10,cat2,Лук репчатый,0.40
2025-09-20,sup1,cat11,Ветчина,2.50
2025-09-20,sup8,cat2,Огурец,1.22
2025-09-20,sup6,cat10,Багет (200г.),2.49
2025-09-20,sup10,cat12,Сок яблочный (1л.),10.34
2025-09-20,sup6,cat10,Батон нарезной (240г.),1.22
2025-09-20,sup1,cat11,Колбаса вареная (400г.),4.98
2025-09-20,sup1,cat11,Колбаса вареная (400г.),4.98
2025-09-20,sup3,cat3,Молоко (1л.),2.60
2025-09-20,sup3,cat3,Масло сливочное (360г.),9.49
2025-09-20,sup3,cat3,Кефир (1л.),2.27
2025-09-20,sup5,cat9,Карамель,5.16
2025-09-20,sup5,cat12,Лимонад (2л.),5.35
2025-09-20,sup2,cat6,Печень куриная (550г.),5.50
2025-09-20,sup3,cat3,Кефир (1л.),2.27
2025-09-20,sup3,cat3,Молоко (1.5л.),3.86
2025-09-20,sup1,cat5,Говядина,9.63
2025-09-20,sup1,cat5,Говядина,19.52
2025-09-20,sup1,cat11,Сосиски молочные,9.91
2025-09-20,sup6,cat10,Багет (200г.),2.49
2025-09-20,sup5,cat8,Крупа манная (1кг.),2.02
2025-09-20,sup5,cat8,Сахар (1кг.),2.92
2025-09-20,sup2,cat5,Окорочка куриные,5.55
2025-09-20,sup6,cat10,Батон нарезной (240г.),1.22
2025-09-20,sup4,cat7,Паста рыбная (150г.),2.95
2025-09-20,sup2,cat4,Яйцо перепелиное (20шт.),4.65
2025-09-20,sup3,cat3,Молоко (1л.),2.60
2025-09-20,sup5,cat8,Макароны (900г.),1.49
2025-09-20,sup2,cat6,Колбаски,28.97
2025-09-20,sup2,cat5,Окорочка куриные,7.18
2025-09-20,sup6,cat10,Булочка с маком (1шт.),1.49
2025-09-21,sup4,cat7,Форель (200г.),36.50
2025-09-21,sup10,cat2,Лук репчатый,1.15
2025-09-21,sup2,cat5,Окорочка куриные,5.01
2025-09-21,sup1,cat5,Говядина,39.23
2025-09-21,sup1,cat11,Колбаса вареная (400г.),4.98
2025-09-21,sup9,cat2,Огурец,1.62
2025-09-21,sup10,cat2,Картофель,3.54
2025-09-21,sup2,cat6,Колбаски,25.05
2025-09-21,sup1,cat5,Свинина,45.02
2025-09-21,sup10,cat2,Лук репчатый,0.93
2025-09-21,sup5,cat9,Шоколад молочный (90г.),5.99
2025-09-21,sup4,cat7,Кальмар,43.05
2025-09-21,sup4,cat7,Сельдь (250г.),5.99
2025-09-21,sup5,cat9,Шоколад молочный (90г.),17.97
2025-09-21,sup5,cat12,Вода негаз. (0.5л.),0.99
2025-09-21,sup9,cat1,Апельсин,6.50
2025-09-21,sup5,cat9,Карамель,8.16
2025-09-21,sup9,cat1,Апельсин,12.04
2025-09-21,sup2,cat6,Фарш,14.28
2025-09-21,sup9,cat2,Огурец,1.37
2025-09-21,sup5,cat8,Спагетти (400г.),1.76
2025-09-21,sup2,cat6,Печень куриная (550г.),5.50
2025-09-21,sup3,cat3,Масло сливочное (180г.),4.59
2025-09-21,sup10,cat2,Лук репчатый,1.01
2025-09-21,sup6,cat10,Батон нарезной (240г.),1.22
2025-09-21,sup10,cat2,Картофель,3.70
2025-09-21,sup2,cat4,Яйцо куриное С1 (10шт.),7.62
2025-09-21,sup3,cat3,Молоко (1л.),2.60
2025-09-21,sup3,cat3,Молоко (1л.),2.60
2025-09-21,sup10,cat2,Морковь,0.31
2025-09-21,sup10,cat1,Яблоко,10.32
2025-09-21,sup10,cat2,Свекла,1.17
2025-09-21,sup3,cat3,Кефир (1л.),2.27
2025-09-21,sup1,cat5,Свинина,36.60
2025-09-21,sup10,cat2,Лук репчатый,0.24
2025-09-21,sup3,cat3,Молоко (1.5л.),3.86
2025-09-21,sup7,cat10,Батон нарезной (240г.),1.22
2025-09-21,sup4,cat7,Сельдь (250г.),5.99
2025-09-21,sup9,cat1,Банан,13.43
2025-09-21,sup3,cat3,Сметана (380г.),3.71
2025-09-21,sup2,cat4,Яйцо перепелиное (10шт.),2.95
2025-09-21,sup5,cat12,Вода негаз. (0.5л.),0.99
2025-09-21,sup2,cat6,Печень куриная (550г.),11.00
2025-09-21,sup5,cat8,Рис (900г.),3.49
2025-09-21,sup1,cat11,Сосиски молочные,7.10
2025-09-21,sup6,cat10,Батон нарезной (240г.),1.22
2025-09-21,sup10,cat2,Свекла,0.83
2025-09-21,sup3,cat3,Кефир (1л.),2.27
2025-09-21,sup3,cat3,Молоко (1л.),2.60
2025-09-21,sup5,cat12,Квас светлый (1л.),2.65
2025-09-21,sup1,cat6,Котлеты,19.35
2025-09-21,sup3,cat3,Молоко (1.5л.),3.86
2025-09-21,sup5,cat12,Сок апельсиновый (1л.),7.20
2025-09-21,sup4,cat7,Минтай,1.71
2025-09-22,sup3,cat3,Сметана (380г.),3.71
2025-09-22,sup5,cat12,Лимонад (2л.),5.35
2025-09-22,sup3,cat3,Сыр российский,11.30
2025-09-22,sup8,cat2,Лук репчатый,0.55
2025-09-22,sup6,cat10,Батон нарезной (240г.),1.22
2025-09-22,sup1,cat11,Сервелат (400г.),8.51
2025-09-22,sup5,cat8,Сахар (1кг.),0.73
2025-09-22,sup9,cat1,Апельсин,16.91
2025-09-22,sup5,cat9,Печенье овсяное (400г.),4.33
2025-09-22,sup7,cat10,Батон нарезной (240г.),1.22
2025-09-22,sup7,cat10,Багет (200г.),2.49
2025-09-22,sup3,cat3,Сметана (380г.),3.71
2025-09-22,sup6,cat10,Лаваш (300г.),2.89
2025-09-22,sup5,cat12,Лимонад (2л.),5.35
2025-09-22,sup3,cat3,Масло сливочное (180г.),4.59
2025-09-22,sup9,cat2,Томат,6.90
2025-09-22,sup8,cat2,Томат,10.64
2025-09-22,sup12,cat12,Вода негаз. (0.5л.),0.99
2025-09-22,sup5,cat8,Масло подсолнечное (0.8л.),2.02
2025-09-22,sup1,cat11,Сосиски молочные,5.61
2025-09-22,sup5,cat9,Печенье овсяное (400г.),4.33
2025-09-22,sup12,cat12,Coca-Cola (1л.),3.07
2025-09-22,sup12,cat12,Вода негаз. (0.5л.),1.98
2025-09-22,sup7,cat10,Батон нарезной (240г.),1.22
2025-09-22,sup9,cat1,Апельсин,4.75
2025-09-22,sup9,cat1,Апельсин,6.28
2025-09-22,sup1,cat11,Салями,20.15
2025-09-22,sup5,cat8,Сахар (1кг.),2.19
2025-09-22,sup9,cat1,Банан,11.47
2025-09-22,sup4,cat7,Форель (200г.),18.25
2025-09-22,sup5,cat12,Сок апельсиновый (1л.),7.20
2025-09-22,sup5,cat12,Вода негаз. (0.5л.),0.99
2025-09-22,sup3,cat3,Кефир (1л.),4.54
2025-09-22,sup5,cat12,Чай холодный (0.5л.),3.59
2025-09-22,sup12,cat12,Вода негаз. (0.5л.),1.98
2025-09-22,sup4,cat7,Паста рыбная (150г.),2.95
2025-09-22,sup4,cat7,Кальмар,42.58
2025-09-22,sup1,cat5,Говядина,19.88
2025-09-22,sup8,cat2,Лук репчатый,1.39
2025-09-22,sup1,cat5,Свинина,34.56
2025-09-22,sup1,cat6,Фарш,23.60
2025-09-22,sup5,cat9,Мармелад,6.83
2025-09-22,sup5,cat8,Спагетти (400г.),1.76
2025-09-22,sup3,cat3,Кефир (1л.),2.27
2025-09-22,sup3,cat3,Молоко (1.5л.),3.86
2025-09-22,sup10,cat2,Лук репчатый,0.70
2025-09-22,sup1,cat11,Колбаса вареная (400г.),4.98
2025-09-22,sup5,cat9,Конфеты шоколадные,32.67
2025-09-22,sup5,cat8,Масло подсолнечное (0.8л.),4.04
2025-09-22,sup3,cat3,Кефир (1л.),2.27
2025-09-22,sup5,cat9,Карамель,5.69
2025-09-23,sup5,cat8,Спагетти (400г.),1.76
2025-09-23,sup8,cat2,Морковь,1.05
2025-09-23,sup3,cat3,Молоко (1л.),2.60
2025-09-23,sup9,cat1,Груша,5.95
2025-09-23,sup1,cat11,Колбаса вареная (400г.),4.98
2025-09-23,sup9,cat2,Томат,14.33
2025-09-23,sup5,cat9,Печенье овсяное (400г.),8.66
2025-09-23,sup2,cat6,Голубцы,13.64
2025-09-23,sup3,cat3,Масло сливочное (180г.),4.59
2025-09-23,sup8,cat2,Огурец,2.65
2025-09-23,sup6,cat10,Булочка с маком (1шт.),1.49
2025-09-23,sup5,cat12,Вода негаз. (0.5л.),0.99
2025-09-23,sup1,cat11,Сервелат (400г.),8.51
2025-09-23,sup10,cat1,Груша,15.31
2025-09-23,sup2,cat5,Окорочка куриные,5.62
2025-09-23,sup2,cat4,Яйцо куриное С1 (15шт.),6.44
2025-09-23,sup5,cat9,Печенье овсяное (400г.),4.33
2025-09-23,sup1,cat5,Говядина,26.42
2025-09-23,sup6,cat10,Хлеб светлый (400г.),1.20
2025-09-23,sup9,cat2,Огурец,4.69
2025-09-23,sup5,cat8,Макароны (900г.),2.98
2025-09-23,sup2,cat4,Яйцо куриное Д1 (10шт.),4.98
2025-09-23,sup2,cat11,Колбаса вареная (400г.),4.98
2025-09-23,sup2,cat6,Колбаски,22.51
2025-09-23,sup10,cat2,Лук репчатый,0.22
2025-09-23,sup6,cat10,Батон нарезной (240г.),1.22
2025-09-23,sup6,cat10,Булочка с маком (1шт.),1.49
2025-09-23,sup6,cat10,Хлеб светлый (400г.),1.20
2025-09-23,sup2,cat5,Окорочка куриные,9.05
2025-09-23,sup6,cat10,Батон нарезной (240г.),1.22
2025-09-23,sup1,cat11,Салями,21.79
2025-09-23,sup1,cat11,Ветчина,17.03
2025-09-23,sup1,cat5,Говядина,12.80
2025-09-23,sup2,cat5,Окорочка куриные,12.41
2025-09-23,sup1,cat11,Сервелат (400г.),8.51
2025-09-23,sup1,cat11,Колбаса вареная (400г.),4.98
2025-09-23,sup2,cat4,Яйцо куриное С1 (15шт.),6.44
2025-09-23,sup6,cat10,Лаваш (300г.),2.89
2025-09-23,sup1,cat6,Колбаски,22.15
2025-09-23,sup5,cat9,Конфеты шоколадные,15.44
2025-09-23,sup8,cat2,Картофель,2.26
2025-09-23,sup3,cat3,Масло сливочное (180г.),4.59
2025-09-23,sup2,cat4,Яйцо куриное С1 (15шт.),6.44
2025-09-23,sup9,cat1,Банан,8.24
2025-09-23,sup6,cat10,Хлеб светлый (400г.),1.20
2025-09-23,sup8,cat2,Томат,1.63
2025-09-23,sup8,cat2,Лук репчатый,1.89
2025-09-23,sup1,cat5,Говядина,23.11
2025-09-23,sup3,cat3,Творог (200г.),7.32
2025-09-23,sup6,cat10,Батон нарезной (240г.),1.22
2025-09-23,sup5,cat9,Конфеты шоколадные,19.32
2025-09-23,sup5,cat12,Вода негаз. (0.5л.),0.99
2025-09-23,sup5,cat12,Лимонад (2л.),5.35
2025-09-24,sup5,cat8,Сахар (1кг.),3.65
2025-09-24,sup5,cat12,Лимонад (2л.),5.35
2025-09-24,sup4,cat7,Минтай,1.50
2025-09-24,sup9,cat1,Апельсин,4.76
2025-09-24,sup5,cat9,Конфеты шоколадные,19.55
2025-09-24,sup3,cat3,Творог (200г.),2.44
2025-09-24,sup3,cat3,Молоко (1л.),2.60
2025-09-24,sup7,cat10,Батон нарезной (240г.),1.22
2025-09-24,sup7,cat10,Батон нарезной (240г.),1.22
2025-09-24,sup4,cat7,Минтай,0.88
2025-09-24,sup4,cat7,Сельдь (250г.),5.99
2025-09-24,sup5,cat12,Вода негаз. (0.5л.),0.99
2025-09-24,sup2,cat4,Яйцо куриное С1 (15шт.),6.44
2025-09-24,sup5,cat8,Сахар (1кг.),0.73
2025-09-24,sup2,cat6,Фарш,21.83
2025-09-24,sup1,cat5,Говядина,29.89
2025-09-24,sup5,cat12,Вода негаз. (0.5л.),1.98
2025-09-24,sup2,cat4,Яйцо куриное С1 (10шт.),7.62
2025-09-24,sup5,cat12,Чай холодный (0.5л.),3.59
2025-09-24,sup1,cat11,Сервелат (400г.),8.51
2025-09-24,sup5,cat8,Рис (900г.),3.49
2025-09-24,sup5,cat12,Квас светлый (1л.),2.65
2025-09-24,sup7,cat10,Батон нарезной (240г.),1.22
2025-09-24,sup3,cat3,Кефир (1л.),2.27
2025-09-24,sup7,cat10,Батон нарезной (240г.),1.22
2025-09-24,sup5,cat12,Вода негаз. (0.5л.),1.98
2025-09-24,sup10,cat2,Морковь,1.63
2025-09-24,sup6,cat10,Батон нарезной (240г.),2.44
2025-09-24,sup6,cat10,Булочка с маком (1шт.),1.49
2025-09-24,sup5,cat12,Вода негаз. (0.5л.),0.99
2025-09-24,sup5,cat8,Кофе мол. (250г.),19.99
2025-09-24,sup5,cat8,Кофе мол. (250г.),59.97
2025-09-24,sup5,cat8,Мука (2кг.),2.60
2025-09-24,sup3,cat3,Сыр российский,20.84
2025-09-24,sup6,cat10,Батон нарезной (240г.),1.22
2025-09-24,sup4,cat7,Скумбрия,18.89
2025-09-24,sup10,cat2,Лук репчатый,1.07
2025-09-24,sup12,cat12,Coca-Cola (1л.),3.07
2025-09-24,sup5,cat8,Рис (900г.),3.49
2025-09-24,sup6,cat10,Батон нарезной (240г.),1.22
2025-09-24,sup2,cat11,Колбаса вареная (400г.),4.98
2025-09-24,sup10,cat2,Картофель,2.30
2025-09-24,sup2,cat4,Яйцо куриное С1 (15шт.),6.44
2025-09-24,sup3,cat3,Молоко (1.5л.),3.86
2025-09-24,sup5,cat9,Печенье овсяное (400г.),4.33
2025-09-24,sup4,cat7,Креветки,14.43
2025-09-24,sup10,cat2,Лук репчатый,0.93
2025-09-24,sup10,cat2,Лук репчатый,0.20
2025-09-24,sup3,cat3,Творог (200г.),2.44
2025-09-24,sup7,cat10,Батон нарезной (240г.),1.22
2025-09-24,sup12,cat12,Coca-Cola (1л.),3.07
2025-09-25,sup1,cat6,Фарш,24.82
2025-09-25,sup10,cat2,Морковь,1.96
2025-09-25,sup5,cat9,Карамель,5.63
2025-09-25,sup5,cat12,Сок апельсиновый (1л.),7.20
2025-09-25,sup2,cat5,Филе куриное,4.06
2025-09-25,sup3,cat3,Сметана (180г.),1.94
2025-09-25,sup6,cat10,Батон нарезной (240г.),2.44
2025-09-25,sup3,cat3,Молоко (1л.),2.60
2025-09-25,sup9,cat2,Томат,13.12
2025-09-25,sup6,cat10,Хлеб светлый (400г.),1.20
2025-09-25,sup12,cat12,Вода негаз. (0.5л.),0.99
2025-09-25,sup12,cat12,Вода негаз. (0.5л.),0.99
2025-09-25,sup6,cat10,Хлеб светлый (400г.),1.20
2025-09-25,sup6,cat10,Лаваш (300г.),5.78
2025-09-25,sup5,cat12,Вода негаз. (0.5л.),0.99
2025-09-25,sup2,cat4,Яйцо куриное С1 (10шт.),3.81
2025-09-25,sup10,cat1,Груша,13.54
2025-09-25,sup9,cat2,Томат,9.61
2025-09-25,sup4,cat7,Креветки,20.76
2025-09-25,sup1,cat11,Сервелат (400г.),8.51
2025-09-25,sup9,cat2,Томат,1.97
2025-09-25,sup2,cat6,Желудки куриные (550г.),4.98
2025-09-25,sup6,cat10,Булочка с маком (1шт.),1.49
2025-09-25,sup1,cat5,Говядина,32.67
2025-09-25,sup9,cat1,Банан,5.84
2025-09-25,sup5,cat8,Спагетти (400г.),1.76
2025-09-25,sup5,cat12,Вода негаз. (0.5л.),0.99
2025-09-25,sup3,cat3,Молоко (1.5л.),3.86
2025-09-25,sup9,cat2,Томат,5.15
2025-09-25,sup5,cat12,Сок яблочный (1л.),5.17
2025-09-25,sup8,cat2,Томат,15.13
2025-09-25,sup3,cat3,Молоко (1л.),2.60
2025-09-25,sup6,cat10,Булочка с маком (1шт.),4.47
2025-09-25,sup6,cat10,Батон нарезной (240г.),1.22
2025-09-25,sup3,cat3,Кефир (1л.),2.27
2025-09-25,sup6,cat10,Булочка с маком (1шт.),2.98
2025-09-25,sup5,cat8,Макароны (900г.),2.98
2025-09-25,sup9,cat2,Томат,4.65
2025-09-25,sup2,cat11,Сосиски молочные,6.32
2025-09-25,sup9,cat1,Банан,5.64
2025-09-25,sup3,cat3,Кефир (1л.),2.27
2025-09-25,sup9,cat1,Апельсин,8.51
2025-09-25,sup1,cat11,Сервелат (400г.),8.51
2025-09-25,sup6,cat10,Батон нарезной (240г.),1.22
2025-09-25,sup1,cat6,Фарш,31.02
2025-09-25,sup5,cat8,Макароны (900г.),1.49
2025-09-25,sup6,cat10,Багет (200г.),2.49
2025-09-25,sup10,cat2,Лук репчатый,0.49
2025-09-25,sup6,cat10,Батон нарезной (240г.),1.22
2025-09-25,sup3,cat3,Молоко (1л.),2.60
2025-09-25,sup2,cat6,Фарш,23.69
2025-09-25,sup3,cat3,Масло сливочное (180г.),4.59
2025-09-25,sup3,cat3,Молоко (1л.),2.60
2025-09-26,sup10,cat2,Лук репчатый,0.89
2025-09-26,sup3,cat3,Молоко (1л.),2.60
2025-09-26,sup3,cat3,Сметана (380г.),3.71
2025-09-26,sup5,cat8,Крупа манная (1кг.),2.02
2025-09-26,sup5,cat8,Рис (900г.),3.49
2025-09-26,sup4,cat7,Кальмар,34.48
2025-09-26,sup8,cat2,Морковь,1.80
2025-09-26,sup3,cat3,Сметана (180г.),3.88
2025-09-26,sup3,cat3,Кефир (1л.),2.27
2025-09-26,sup1,cat11,Сосиски молочные,9.10
2025-09-26,sup5,cat9,Зефир (230г.),17.58
2025-09-26,sup9,cat1,Банан,1.75
2025-09-26,sup10,cat2,Свекла,1.09
2025-09-26,sup1,cat6,Фарш,28.99
2025-09-26,sup1,cat5,Свинина,34.27
2025-09-26,sup6,cat10,Булочка с маком (1шт.),1.49
2025-09-26,sup8,cat2,Капуста,2.94
2025-09-26,sup1,cat6,Фарш,42.73
2025-09-26,sup1,cat5,Говядина,14.33
2025-09-26,sup1,cat6,Колбаски,27.53
2025-09-26,sup7,cat10,Багет (200г.),2.49
2025-09-26,sup5,cat9,Карамель,1.35
2025-09-26,sup1,cat11,Сосиски молочные,7.18
2025-09-26,sup8,cat2,Томат,18.30
2025-09-26,sup10,cat1,Груша,15.62
2025-09-26,sup3,cat3,Масло сливочное (180г.),4.59
2025-09-26,sup3,cat3,Творог (200г.),2.44
2025-09-26,sup1,cat6,Шашлык,18.60
2025-09-26,sup3,cat3,Творог (200г.),4.88
2025-09-26,sup7,cat10,Батон нарезной (240г.),1.22
2025-09-26,sup7,cat10,Сушки (500г.),7.98
2025-09-26,sup8,cat1,Груша,4.70
2025-09-26,sup1,cat11,Сосиски молочные,11.24
2025-09-26,sup3,cat3,Молоко (1л.),2.60
2025-09-26,sup5,cat9,Конфеты шоколадные,14.86
2025-09-26,sup10,cat2,Лук репчатый,0.30
2025-09-26,sup7,cat10,Батон нарезной (240г.),1.22
2025-09-26,sup3,cat3,Молоко (1л.),2.60
2025-09-26,sup9,cat1,Груша,11.24
2025-09-26,sup3,cat3,Кефир (1л.),2.27
2025-09-26,sup9,cat1,Яблоко,1.99
2025-09-26,sup1,cat11,Колбаса вареная (400г.),4.98
2025-09-26,sup6,cat10,Хлеб ржаной (450г.),1.50
2025-09-26,sup5,cat8,Крупа гречневая (700г.),2.07
2025-09-26,sup7,cat10,Батон нарезной (240г.),1.22
2025-09-26,sup1,cat11,Сосиски молочные,9.08
2025-09-26,sup8,cat2,Картофель,1.27
2025-09-26,sup3,cat3,Кефир (1л.),2.27
2025-09-26,sup5,cat8,Кофе мол. (250г.),19.99
2025-09-26,sup12,cat12,Coca-Cola (1л.),3.07
2025-09-26,sup10,cat1,Яблоко,2.29
2025-09-26,sup10,cat12,Сок яблочный (1л.),5.17
2025-09-26,sup9,cat1,Яблоко,7.47
2025-09-26,sup1,cat11,Колбаса вареная (400г.),4.98
2025-09-26,sup10,cat1,Яблоко,6.92
2025-09-26,sup5,cat12,Сок апельсиновый (1л.),7.20
2025-09-26,sup3,cat3,Масло сливочное (180г.),4.59
2025-09-26,sup6,cat10,Булочка с маком (1шт.),1.49
2025-09-26,sup6,cat10,Батон нарезной (240г.),1.22
2025-09-26,sup5,cat8,Макароны (900г.),1.49
2025-09-26,sup4,cat7,Скумбрия,15.91
2025-09-26,sup4,cat7,Кальмар,43.02
2025-09-26,sup1,cat11,Ветчина,15.50
2025-09-26,sup6,cat10,Булочка с маком (1шт.),1.49
2025-09-26,sup7,cat10,Батон нарезной (240г.),1.22
2025-09-26,sup8,cat2,Капуста,2.88
2025-09-26,sup5,cat8,Кофе раств. (95г.),29.98
2025-09-26,sup8,cat2,Томат,22.18
2025-09-27,sup3,cat3,Масло сливочное (180г.),4.59
2025-09-27,sup3,cat3,Кефир (1л.),2.27
2025-09-27,sup4,cat7,Форель (200г.),18.25
2025-09-27,sup2,cat4,Яйцо куриное С1 (15шт.),6.44
2025-09-27,sup5,cat8,Сахар (1кг.),0.73
2025-09-27,sup5,cat12,Вода негаз. (0.5л.),0.99
2025-09-27,sup3,cat3,Масло сливочное (360г.),9.49
2025-09-27,sup3,cat3,Сыр голландский (200г.),5.02
2025-09-27,sup2,cat4,Яйцо перепелиное (20шт.),4.65
2025-09-27,sup6,cat10,Хлеб ржаной (450г.),1.50
2025-09-27,sup5,cat12,Сок апельсиновый (1л.),7.20
2025-09-27,sup6,cat10,Хлеб светлый (400г.),1.20
2025-09-27,sup3,cat3,Кефир (1л.),2.27
2025-09-27,sup8,cat2,Картофель,4.85
2025-09-27,sup6,cat10,Сушки (500г.),7.98
2025-09-27,sup6,cat10,Батон нарезной (240г.),1.22
2025-09-27,sup6,cat10,Хлеб ржаной (450г.),1.50
2025-09-27,sup6,cat10,Плетенка (450г.),4.04
2025-09-27,sup3,cat3,Сыр российский,8.92
2025-09-27,sup1,cat11,Колбаса вареная (400г.),4.98
2025-09-27,sup4,cat7,Хек,14.87
2025-09-27,sup5,cat8,Чай пак. (25шт.),7.60
2025-09-27,sup6,cat10,Батон нарезной (240г.),1.22
2025-09-27,sup5,cat12,Чай холодный (0.5л.),3.59
2025-09-27,sup8,cat2,Капуста,2.58
2025-09-27,sup8,cat1,Груша,2.76
2025-09-27,sup6,cat10,Хлеб светлый (400г.),1.20
2025-09-27,sup3,cat3,Кефир (1л.),2.27
2025-09-27,sup2,cat4,Яйцо куриное С1 (10шт.),3.81
2025-09-27,sup6,cat10,Батон нарезной (240г.),2.44
2025-09-27,sup8,cat1,Груша,6.13
2025-09-27,sup5,cat8,Макароны (900г.),1.49
2025-09-27,sup6,cat10,Сушки (500г.),3.99
2025-09-27,sup1,cat11,Сосиски молочные,11.84
2025-09-27,sup3,cat3,Сметана (180г.),1.94
2025-09-27,sup2,cat4,Яйцо куриное Д1 (10шт.),4.98
2025-09-27,sup5,cat9,Конфеты шоколадные,27.12
2025-09-27,sup2,cat4,Яйцо куриное С1 (10шт.),7.62
2025-09-27,sup5,cat12,Сок яблочный (1л.),5.17
2025-09-27,sup8,cat2,Капуста,3.28
2025-09-27,sup6,cat10,Хлеб светлый (400г.),1.20
2025-09-27,sup1,cat6,Фарш,41.35
2025-09-27,sup3,cat3,Масло сливочное (180г.),4.59
2025-09-27,sup8,cat2,Огурец,5.96
2025-09-27,sup5,cat8,Рис (900г.),6.98
2025-09-27,sup2,cat11,Колбаса вареная (400г.),4.98
2025-09-27,sup5,cat8,Кофе мол. (250г.),19.99
2025-09-27,sup5,cat8,Макароны (900г.),1.49
2025-09-27,sup3,cat3,Сметана (180г.),1.94
2025-09-27,sup1,cat11,Ветчина,16.69
2025-09-27,sup1,cat6,Шашлык,19.58
2025-09-27,sup6,cat10,Батон нарезной (240г.),1.22
2025-09-27,sup3,cat3,Сметана (180г.),1.94
2025-09-27,sup10,cat2,Лук репчатый,0.37
2025-09-27,sup1,cat5,Говядина,8.51
2025-09-27,sup5,cat12,Чай холодный (0.5л.),3.59
2025-09-27,sup6,cat10,Хлеб ржаной (450г.),1.50
2025-09-27,sup4,cat7,Форель (200г.),36.50
2025-09-27,sup3,cat3,Сыр российский,13.86
2025-09-27,sup4,cat7,Сельдь (250г.),5.99
2025-09-27,sup1,cat11,Колбаса вареная (400г.),4.98
2025-09-27,sup5,cat8,Сахар (1кг.),1.46
2025-09-27,sup6,cat10,Батон нарезной (240г.),2.44
2025-09-27,sup5,cat12,Квас светлый (1л.),2.65
2025-09-27,sup5,cat8,Макароны (900г.),1.49
2025-09-27,sup6,cat10,Хлеб ржаной (450г.),1.50
2025-09-27,sup3,cat3,Сметана (180г.),1.94
2025-09-28,sup12,cat12,Coca-Cola (1л.),3.07
2025-09-28,sup5,cat8,Масло распсовое (0.8л.),4.99
2025-09-28,sup2,cat4,Яйцо перепелиное (10шт.),2.95
2025-09-28,sup7,cat10,Хлеб светлый (400г.),1.20
2025-09-28,sup9,cat1,Апельсин,16.91
2025-09-28,sup5,cat8,Спагетти (400г.),1.76
2025-09-28,sup2,cat6,Шашлык,33.26
2025-09-28,sup9,cat2,Томат,20.03
2025-09-28,sup10,cat2,Лук репчатый,0.24
2025-09-28,sup2,cat6,Печень куриная (550г.),5.50
2025-09-28,sup7,cat10,Батон нарезной (240г.),1.22
2025-09-28,sup3,cat3,Молоко (1.5л.),3.86
2025-09-28,sup5,cat12,Чай холодный (0.5л.),3.59
2025-09-28,sup1,cat11,Сервелат (400г.),8.51
2025-09-28,sup9,cat2,Томат,4.00
2025-09-28,sup5,cat12,Вода негаз. (0.5л.),1.98
2025-09-28,sup5,cat12,Вода негаз. (0.5л.),0.99
2025-09-28,sup7,cat10,Батон нарезной (240г.),1.22
2025-09-28,sup1,cat5,Говядина,12.92
2025-09-28,sup5,cat8,Мука (1кг.),1.64
2025-09-28,sup5,cat8,Рис (900г.),3.49
2025-09-28,sup2,cat6,Шашлык,39.50
2025-09-28,sup1,cat11,Салями,21.03
2025-09-28,sup1,cat11,Сосиски молочные,9.51
2025-09-28,sup2,cat4,Яйцо куриное С1 (10шт.),3.81
2025-09-28,sup10,cat2,Морковь,0.52
2025-09-28,sup1,cat11,Колбаса вареная (400г.),4.98
2025-09-28,sup1,cat11,Сервелат (400г.),8.51
2025-09-28,sup5,cat8,Крупа гречневая (700г.),2.07
2025-09-28,sup5,cat9,Печенье овсяное (400г.),8.66
2025-09-28,sup5,cat9,Печенье овсяное (400г.),4.33
2025-09-28,sup2,cat5,Окорочка куриные,12.98
2025-09-28,sup5,cat9,Печенье овсяное (400г.),4.33
2025-09-28,sup3,cat3,Молоко (1л.),2.60
2025-09-28,sup1,cat11,Сервелат (400г.),8.51
2025-09-28,sup5,cat9,Печенье овсяное (400г.),4.33
2025-09-28,sup1,cat5,Свинина,38.16
2025-09-28,sup3,cat3,Молоко (1л.),2.60
2025-09-28,sup5,cat12,Чай холодный (0.5л.),3.59
2025-09-28,sup5,cat9,Печенье овсяное (400г.),4.33
2025-09-28,sup3,cat3,Сыр сливочный (200г.),10.82
2025-09-28,sup6,cat10,Батон нарезной (240г.),1.22
2025-09-28,sup12,cat12,Coca-Cola (1л.),3.07
2025-09-28,sup3,cat3,Молоко (1л.),2.60
2025-09-28,sup2,cat6,Фарш,26.29
2025-09-28,sup2,cat11,Ветчина,6.73
2025-09-28,sup5,cat8,Рис (900г.),3.49
2025-09-28,sup5,cat9,Шоколад молочный (90г.),5.99
2025-09-28,sup4,cat7,Креветки,26.55
2025-09-28,sup1,cat6,Голубцы,28.71
2025-09-28,sup3,cat3,Молоко (1л.),2.60
2025-09-28,sup5,cat12,Лимонад (2л.),5.35
2025-09-28,sup2,cat5,Филе куриное,3.51
2025-09-28,sup2,cat4,Яйцо куриное Д1 (10шт.),4.98
2025-09-28,sup5,cat8,Макароны (900г.),1.49
2025-09-29,sup1,cat6,Шашлык,23.20
2025-09-29,sup7,cat10,Багет (200г.),2.49
2025-09-29,sup1,cat6,Фарш,44.08
2025-09-29,sup6,cat10,Батон нарезной (240г.),1.22
2025-09-29,sup6,cat10,Булочка с маком (1шт.),1.49
2025-09-29,sup12,cat12,Вода негаз. (0.5л.),1.98
2025-09-29,sup10,cat2,Картофель,5.91
2025-09-29,sup6,cat10,Хлеб светлый (400г.),1.20
2025-09-29,sup3,cat3,Творог (200г.),2.44
2025-09-29,sup5,cat12,Вода негаз. (0.5л.),0.99
2025-09-29,sup9,cat1,Банан,10.70
2025-09-29,sup5,cat9,Конфеты шоколадные,15.83
2025-09-29,sup3,cat3,Творог (200г.),2.44
2025-09-29,sup7,cat10,Хлеб светлый (400г.),1.20
2025-09-29,sup5,cat12,Вода негаз. (0.5л.),0.99
2025-09-29,sup3,cat3,Кефир (1л.),2.27
2025-09-29,sup8,cat2,Лук репчатый,0.56
2025-09-29,sup3,cat3,Сыр голландский (200г.),5.02
2025-09-29,sup7,cat10,Хлеб светлый (400г.),1.20
2025-09-29,sup10,cat12,Сок яблочный (1л.),5.17
2025-09-29,sup3,cat3,Сыр российский,6.96
2025-09-29,sup3,cat3,Масло сливочное (180г.),4.59
2025-09-29,sup5,cat12,Вода негаз. (0.5л.),1.98
2025-09-29,sup5,cat8,Крупа гречневая (700г.),2.07
2025-09-29,sup5,cat9,Конфеты шоколадные,13.22
2025-09-29,sup1,cat5,Говядина,8.81
2025-09-29,sup7,cat10,Батон нарезной (240г.),2.44
2025-09-29,sup6,cat10,Батон нарезной (240г.),1.22
2025-09-29,sup4,cat7,Сельдь (250г.),5.99
2025-09-29,sup1,cat5,Говядина,32.65
2025-09-29,sup4,cat7,Минтай,1.01
2025-09-29,sup3,cat3,Творог (200г.),4.88
2025-09-29,sup6,cat10,Плетенка (450г.),4.04
2025-09-29,sup5,cat8,Чай пак. (25шт.),3.80
2025-09-29,sup5,cat9,Зефир (230г.),8.79
2025-09-29,sup1,cat11,Колбаса вареная (400г.),4.98
2025-09-29,sup8,cat1,Яблоко,7.88
2025-09-29,sup6,cat10,Батон нарезной (240г.),2.44
2025-09-29,sup3,cat3,Молоко (1л.),2.60
2025-09-29,sup8,cat2,Картофель,5.68
2025-09-29,sup8,cat2,Морковь,0.93
2025-09-29,sup8,cat2,Морковь,1.57
2025-09-29,sup5,cat8,Масло подсолнечное (0.8л.),6.06
2025-09-29,sup1,cat11,Сосиски молочные,8.02
2025-09-29,sup1,cat5,Свинина,16.52
2025-09-29,sup8,cat2,Огурец,4.70
2025-09-29,sup3,cat3,Сметана (180г.),1.94
2025-09-29,sup4,cat7,Скумбрия,17.95
2025-09-29,sup8,cat1,Яблоко,3.76
2025-09-29,sup6,cat10,Батон нарезной (240г.),1.22
2025-09-30,sup9,cat2,Огурец,4.69
2025-09-30,sup5,cat8,Крупа гречневая (700г.),2.07
2025-09-30,sup8,cat2,Огурец,7.97
2025-09-30,sup4,cat7,Икра лососевая (140г.),32.99
2025-09-30,sup3,cat3,Молоко (1л.),2.60
2025-09-30,sup8,cat1,Яблоко,1.52
2025-09-30,sup1,cat6,Фарш,41.10
2025-09-30,sup2,cat6,Котлеты,17.31
2025-09-30,sup6,cat10,Батон нарезной (240г.),1.22
2025-09-30,sup5,cat8,Чай пак. (25шт.),3.80
2025-09-30,sup10,cat2,Морковь,2.08
2025-09-30,sup6,cat10,Батон нарезной (240г.),1.22
2025-09-30,sup3,cat3,Масло сливочное (180г.),4.59
2025-09-30,sup5,cat9,Шоколад молочный (90г.),11.98
2025-09-30,sup10,cat12,Сок яблочный (1л.),5.17
2025-09-30,sup6,cat10,Сушки (500г.),3.99
2025-09-30,sup1,cat11,Салями,21.81
2025-09-30,sup5,cat8,Крупа гречневая (700г.),4.14
2025-09-30,sup3,cat3,Сыр российский,19.24
2025-09-30,sup2,cat4,Яйцо куриное Д1 (10шт.),4.98
2025-09-30,sup4,cat7,Минтай,1.41
2025-09-30,sup2,cat5,Филе куриное,17.75
2025-09-30,sup8,cat2,Морковь,2.11
2025-09-30,sup8,cat2,Огурец,6.76
2025-09-30,sup3,cat3,Сметана (180г.),1.94
2025-09-30,sup5,cat12,Квас светлый (1л.),2.65
2025-09-30,sup6,cat10,Хлеб ржаной (450г.),1.50
2025-09-30,sup5,cat9,Печенье овсяное (400г.),4.33
2025-09-30,sup1,cat11,Колбаса вареная (400г.),4.98
2025-09-30,sup1,cat5,Свинина,18.56
2025-09-30,sup8,cat2,Томат,21.45
2025-09-30,sup5,cat8,Мука (1кг.),1.64
2025-09-30,sup5,cat8,Сахар (1кг.),0.73
2025-09-30,sup5,cat8,Спагетти (400г.),3.52
2025-09-30,sup8,cat2,Огурец,1.34
2025-09-30,sup5,cat9,Конфеты шоколадные,32.31
2025-09-30,sup1,cat6,Колбаски,14.71
2025-09-30,sup6,cat10,Батон нарезной (240г.),1.22
2025-09-30,sup6,cat10,Хлеб светлый (400г.),1.20
2025-09-30,sup1,cat5,Говядина,8.37
2025-09-30,sup1,cat6,Колбаски,19.59
2025-09-30,sup9,cat2,Томат,18.93
2025-09-30,sup1,cat5,Говядина,36.30
2025-09-30,sup4,cat7,Минтай,0.70
2025-09-30,sup2,cat4,Яйцо куриное С1 (10шт.),3.81
2025-09-30,sup10,cat2,Картофель,1.33
2025-09-30,sup6,cat10,Батон нарезной (240г.),1.22
2025-09-30,sup5,cat12,Сок яблочный (1л.),5.17
2025-09-30,sup2,cat6,Колбаски,9.61
2025-09-30,sup6,cat10,Булочка с маком (1шт.),1.49
2025-09-30,sup2,cat4,Яйцо куриное С1 (15шт.),6.44
2025-09-30,sup5,cat12,Вода негаз. (0.5л.),1.98
2025-09-30,sup2,cat6,Шашлык,27.75
2025-10-01,sup9,cat1,Апельсин,15.02
2025-10-01,sup5,cat8,Кофе мол. (250г.),59.97
2025-10-01,sup8,cat1,Яблоко,2.15
2025-10-01,sup1,cat11,Колбаса вареная (400г.),4.98
2025-10-01,sup5,cat12,Сок апельсиновый (1л.),14.40
2025-10-01,sup5,cat8,Спагетти (400г.),1.76
2025-10-01,sup5,cat9,Конфеты шоколадные,32.89
2025-10-01,sup3,cat3,Сметана (180г.),1.94
2025-10-01,sup8,cat1,Яблоко,9.81
2025-10-01,sup3,cat3,Сыр сливочный (200г.),5.41
2025-10-01,sup2,cat4,Яйцо куриное С1 (15шт.),6.44
2025-10-01,sup3,cat3,Кефир (1л.),2.27
2025-10-01,sup2,cat5,Филе куриное,17.19
2025-10-01,sup5,cat9,Конфеты шоколадные,16.36
2025-10-01,sup6,cat10,Батон нарезной (240г.),1.22
2025-10-01,sup8,cat2,Картофель,2.62
2025-10-01,sup1,cat11,Ветчина,2.39
2025-10-01,sup3,cat3,Сметана (380г.),3.71
2025-10-01,sup2,cat4,Яйцо перепелиное (10шт.),2.95
2025-10-01,sup5,cat8,Сахар (1кг.),0.73
2025-10-01,sup5,cat8,Спагетти (400г.),1.76
2025-10-01,sup3,cat3,Кефир (1л.),2.27
2025-10-01,sup9,cat1,Хурма,4.52
2025-10-01,sup7,cat10,Хлеб светлый (400г.),1.20
2025-10-01,sup8,cat1,Груша,9.92
2025-10-01,sup5,cat8,Крупа перловая (1кг.),1.44
2025-10-01,sup6,cat10,Булочка с маком (1шт.),1.49
2025-10-01,sup10,cat2,Лук репчатый,0.33
2025-10-01,sup2,cat4,Яйцо куриное С1 (15шт.),6.44
2025-10-01,sup2,cat4,Яйцо перепелиное (20шт.),4.65
2025-10-01,sup7,cat10,Хлеб светлый (400г.),1.20
2025-10-01,sup1,cat5,Говядина,32.10
2025-10-01,sup5,cat8,Крупа гречневая (700г.),2.07
2025-10-01,sup9,cat2,Огурец,2.65
2025-10-01,sup3,cat3,Молоко (1л.),5.20
2025-10-01,sup9,cat1,Хурма,14.04
2025-10-01,sup2,cat4,Яйцо куриное С1 (10шт.),3.81
2025-10-01,sup7,cat10,Батон нарезной (240г.),1.22
2025-10-01,sup5,cat9,Шоколад молочный (90г.),5.99
2025-10-01,sup2,cat5,Окорочка куриные,6.95
2025-10-01,sup6,cat10,Батон нарезной (240г.),1.22
2025-10-01,sup12,cat12,Вода негаз. (0.5л.),1.98
2025-10-01,sup1,cat6,Фарш,19.74
2025-10-01,sup5,cat8,Рис (900г.),6.98
2025-10-01,sup6,cat10,Булочка с маком (1шт.),1.49
2025-10-01,sup12,cat12,Вода негаз. (0.5л.),0.99
2025-10-01,sup6,cat10,Хлеб ржаной (450г.),1.50
2025-10-01,sup5,cat12,Лимонад (2л.),5.35
2025-10-01,sup3,cat3,Масло сливочное (180г.),4.59
2025-10-02,sup5,cat8,Мука (1кг.),1.64
2025-10-02,sup2,cat4,Яйцо перепелиное (10шт.),2.95
2025-10-02,sup2,cat4,Яйцо куриное С1 (10шт.),3.81
2025-10-02,sup1,cat5,Свинина,38.69
2025-10-02,sup7,cat10,Хлеб светлый (400г.),1.20
2025-10-02,sup6,cat10,Батон нарезной (240г.),1.22
2025-10-02,sup6,cat10,Хлеб ржаной (450г.),1.50
2025-10-02,sup5,cat8,Кофе мол. (250г.),19.99
2025-10-02,sup8,cat2,Картофель,5.54
2025-10-02,sup5,cat8,Масло подсолнечное (0.8л.),4.04
2025-10-02,sup3,cat3,Сыр сливочный (200г.),5.41
2025-10-02,sup5,cat12,Вода негаз. (0.5л.),1.98
2025-10-02,sup8,cat2,Картофель,0.61
2025-10-02,sup2,cat4,Яйцо куриное С1 (15шт.),6.44
2025-10-02,sup2,cat4,Яйцо куриное Д1 (10шт.),4.98
2025-10-02,sup8,cat2,Лук репчатый,0.88
2025-10-02,sup5,cat8,Крупа перловая (1кг.),1.44
2025-10-02,sup3,cat3,Молоко (1.5л.),3.86
2025-10-02,sup6,cat10,Лаваш (300г.),5.78
2025-10-02,sup5,cat12,Чай холодный (0.5л.),3.59
2025-10-02,sup5,cat8,Сахар (1кг.),0.73
2025-10-02,sup9,cat1,Апельсин,24.28
2025-10-02,sup2,cat11,Сосиски молочные,8.00
2025-10-02,sup4,cat7,Скумбрия,3.03
2025-10-02,sup7,cat10,Батон нарезной (240г.),2.44
2025-10-02,sup4,cat7,Скумбрия,4.58
2025-10-02,sup8,cat2,Томат,5.33
2025-10-02,sup2,cat5,Окорочка куриные,3.38
2025-10-02,sup6,cat10,Батон нарезной (240г.),1.22
2025-10-02,sup2,cat6,Котлеты,14.60
2025-10-02,sup5,cat8,Кофе мол. (250г.),19.99
2025-10-02,sup10,cat2,Лук репчатый,0.20
2025-10-02,sup1,cat11,Сосиски молочные,12.02
2025-10-02,sup5,cat8,Масло подсолнечное (0.8л.),2.02
2025-10-02,sup5,cat8,Крупа гречневая (700г.),2.07
2025-10-02,sup6,cat10,Хлеб ржаной (450г.),1.50
2025-10-02,sup1,cat11,Сосиски молочные,7.49
2025-10-02,sup5,cat8,Крупа перловая (1кг.),1.44
2025-10-02,sup3,cat3,Кефир (1л.),2.27
2025-10-02,sup3,cat3,Сметана (180г.),1.94
2025-10-02,sup5,cat8,Спагетти (400г.),1.76
2025-10-02,sup8,cat2,Огурец,2.70
2025-10-02,sup8,cat2,Лук репчатый,1.29
2025-10-02,sup3,cat3,Молоко (1л.),2.60
2025-10-02,sup2,cat6,Фарш,13.97
2025-10-02,sup1,cat11,Сосиски молочные,8.19
2025-10-02,sup2,cat4,Яйцо куриное Д1 (10шт.),4.98
2025-10-02,sup2,cat4,Яйцо куриное С1 (10шт.),3.81
2025-10-02,sup8,cat2,Картофель,2.99
2025-10-02,sup5,cat8,Кофе мол. (250г.),59.97
2025-10-02,sup2,cat5,Окорочка куриные,7.60
2025-10-02,sup2,cat4,Яйцо куриное С1 (15шт.),6.44
2025-10-02,sup6,cat10,Лаваш (300г.),2.89
2025-10-03,sup3,cat3,Молоко (1.5л.),7.72
2025-10-03,sup5,cat12,Чай холодный (0.5л.),3.59
2025-10-03,sup2,cat5,Окорочка куриные,5.76
2025-10-03,sup1,cat6,Фарш,14.14
2025-10-03,sup9,cat1,Апельсин,22.50
2025-10-03,sup2,cat5,Окорочка куриные,13.17
2025-10-03,sup5,cat9,Конфеты шоколадные,7.05
2025-10-03,sup2,cat6,Желудки куриные (550г.),4.98
2025-10-03,sup2,cat5,Окорочка куриные,10.06
2025-10-03,sup2,cat4,Яйцо куриное С1 (15шт.),6.44
2025-10-03,sup8,cat2,Морковь,1.46
2025-10-03,sup8,cat2,Лук репчатый,1.48
2025-10-03,sup9,cat1,Хурма,12.99
2025-10-03,sup7,cat10,Хлеб светлый (400г.),1.20
2025-10-03,sup8,cat2,Лук репчатый,1.58
2025-10-03,sup2,cat6,Печень куриная (550г.),5.50
2025-10-03,sup9,cat1,Апельсин,18.30
2025-10-03,sup8,cat2,Лук репчатый,1.13
2025-10-03,sup3,cat3,Молоко (1л.),2.60
2025-10-03,sup6,cat10,Батон нарезной (240г.),1.22
2025-10-03,sup10,cat2,Лук репчатый,0.49
2025-10-03,sup5,cat12,Лимонад (2л.),5.35
2025-10-03,sup10,cat2,Картофель,4.11
2025-10-03,sup6,cat10,Булочка с маком (1шт.),1.49
2025-10-03,sup5,cat8,Масло подсолнечное (0.8л.),4.04
2025-10-03,sup8,cat2,Морковь,1.24
2025-10-03,sup5,cat8,Крупа гречневая (700г.),2.07
2025-10-03,sup6,cat10,Батон нарезной (240г.),1.22
2025-10-03,sup2,cat5,Окорочка куриные,10.48
2025-10-03,sup1,cat11,Сосиски молочные,9.52
2025-10-03,sup5,cat12,Квас светлый (1л.),2.65
2025-10-03,sup7,cat10,Хлеб светлый (400г.),1.20
2025-10-03,sup3,cat3,Сметана (180г.),3.88
2025-10-03,sup8,cat2,Картофель,5.54
2025-10-03,sup7,cat10,Хлеб ржаной (450г.),1.50
2025-10-03,sup10,cat1,Яблоко,8.16
2025-10-03,sup5,cat8,Масло подсолнечное (0.8л.),2.02
2025-10-03,sup1,cat6,Колбаски,25.93
2025-10-03,sup9,cat1,Банан,13.59
2025-10-03,sup9,cat1,Апельсин,24.24
2025-10-03,sup2,cat5,Окорочка куриные,7.64
2025-10-03,sup5,cat8,Мука (1кг.),1.64
2025-10-03,sup2,cat6,Фарш,44.71
2025-10-03,sup6,cat10,Сушки (500г.),3.99
2025-10-03,sup3,cat3,Молоко (1л.),2.60
2025-10-03,sup1,cat6,Голубцы,12.20
2025-10-03,sup2,cat4,Яйцо куриное Д1 (10шт.),4.98
2025-10-03,sup8,cat2,Томат,23.98
2025-10-03,sup5,cat12,Квас светлый (1л.),2.65
2025-10-03,sup5,cat8,Масло подсолнечное (0.8л.),2.02
2025-10-03,sup8,cat2,Томат,6.48
2025-10-03,sup5,cat9,Зефир (230г.),8.79
2025-10-03,sup6,cat10,Батон нарезной (240г.),1.22
2025-10-03,sup8,cat2,Лук репчатый,0.97
2025-10-03,sup3,cat3,Сметана (180г.),1.94
2025-10-03,sup6,cat10,Хлеб светлый (400г.),1.20
2025-10-03,sup1,cat6,Колбаски,28.58
2025-10-03,sup2,cat6,Голубцы,20.28
2025-10-03,sup5,cat8,Мука (1кг.),1.64
2025-10-03,sup9,cat1,Апельсин,11.58
2025-10-03,sup3,cat3,Кефир (1л.),2.27
2025-10-03,sup5,cat9,Карамель,0.93
2025-10-03,sup10,cat2,Картофель,3.07
2025-10-03,sup6,cat10,Хлеб светлый (400г.),1.20
2025-10-03,sup2,cat4,Яйцо куриное С1 (10шт.),7.62
2025-10-03,sup3,cat3,Кефир (1л.),2.27
2025-10-03,sup5,cat9,Конфеты шоколадные,26.41
2025-10-04,sup8,cat1,Груша,9.91
2025-10-04,sup3,cat3,Молоко (1л.),2.60
2025-10-04,sup2,cat11,Сосиски молочные,4.06
2025-10-04,sup3,cat3,Кефир (1л.),2.27
2025-10-04,sup5,cat9,Карамель,5.94
2025-10-04,sup5,cat8,Спагетти (400г.),1.76
2025-10-04,sup5,cat12,Лимонад (2л.),5.35
2025-10-04,sup3,cat3,Сметана (380г.),3.71
2025-10-04,sup5,cat8,Крупа перловая (1кг.),1.44
2025-10-04,sup5,cat8,Крупа манная (1кг.),2.02
2025-10-04,sup5,cat8,Пшено (900г.),2.35
2025-10-04,sup2,cat6,Желудки куриные (550г.),4.98
2025-10-04,sup5,cat12,Вода негаз. (0.5л.),0.99
2025-10-04,sup1,cat6,Шашлык,38.11
2025-10-04,sup6,cat10,Хлеб ржаной (450г.),1.50
2025-10-04,sup5,cat8,Крупа перловая (1кг.),1.44
2025-10-04,sup6,cat10,Батон нарезной (240г.),1.22
2025-10-04,sup2,cat4,Яйцо куриное Д1 (10шт.),4.98
2025-10-04,sup1,cat11,Сервелат (400г.),17.02
2025-10-04,sup5,cat12,Чай холодный (0.5л.),3.59
2025-10-04,sup1,cat11,Сервелат (400г.),8.51
2025-10-04,sup5,cat8,Масло подсолнечное (0.8л.),4.04
2025-10-04,sup3,cat3,Кефир (1л.),2.27
2025-10-04,sup5,cat8,Чай пак. (25шт.),3.80
2025-10-04,sup6,cat10,Хлеб ржаной (450г.),1.50
2025-10-04,sup2,cat4,Яйцо куриное Д1 (10шт.),4.98
2025-10-04,sup5,cat9,Конфеты шоколадные,11.69
2025-10-04,sup8,cat2,Лук репчатый,0.71
2025-10-04,sup5,cat8,Кофе мол. (250г.),19.99
2025-10-04,sup9,cat1,Банан,5.27
2025-10-04,sup3,cat3,Молоко (1л.),2.60
2025-10-04,sup7,cat10,Хлеб светлый (400г.),1.20
2025-10-04,sup6,cat10,Хлеб светлый (400г.),1.20
2025-10-04,sup3,cat3,Масло сливочное (180г.),4.59
2025-10-04,sup9,cat2,Огурец,7.75
2025-10-04,sup10,cat2,Картофель,1.76
2025-10-04,sup2,cat4,Яйцо куриное С1 (10шт.),3.81
2025-10-04,sup5,cat8,Крупа манная (1кг.),2.02
2025-10-04,sup7,cat10,Багет (200г.),2.49
2025-10-04,sup5,cat9,Печенье овсяное (400г.),8.66
2025-10-04,sup1,cat6,Колбаски,15.36
2025-10-04,sup1,cat5,Свинина,28.16
2025-10-04,sup1,cat5,Говядина,32.17
2025-10-04,sup3,cat3,Кефир (1л.),2.27
2025-10-04,sup2,cat4,Яйцо перепелиное (20шт.),4.65
2025-10-04,sup6,cat10,Батон нарезной (240г.),1.22
2025-10-04,sup2,cat5,Окорочка куриные,6.43
2025-10-04,sup3,cat3,Творог (200г.),2.44
2025-10-04,sup2,cat11,Колбаса вареная (400г.),4.98
2025-10-04,sup5,cat8,Мука (2кг.),2.60
2025-10-04,sup3,cat3,Кефир (1л.),2.27
2025-10-04,sup6,cat10,Хлеб светлый (400г.),1.20
2025-10-04,sup7,cat10,Батон нарезной (240г.),1.22
2025-10-04,sup1,cat5,Говядина,22.52
2025-10-04,sup1,cat6,Фарш,19.97
2025-10-04,sup6,cat10,Батон нарезной (240г.),1.22
2025-10-04,sup6,cat10,Булочка с маком (1шт.),4.47
2025-10-04,sup9,cat1,Груша,11.89
2025-10-04,sup9,cat2,Огурец,7.19
2025-10-04,sup2,cat4,Яйцо куриное С1 (10шт.),7.62
2025-10-04,sup1,cat5,Говядина,14.74
2025-10-04,sup2,cat4,Яйцо куриное С1 (10шт.),3.81
2025-10-04,sup10,cat2,Картофель,2.74
2025-10-04,sup3,cat3,Кефир (1л.),2.27
2025-10-05,sup3,cat3,Молоко (1л.),2.60
2025-10-05,sup5,cat8,Спагетти (400г.),1.76
2025-10-05,sup4,cat7,Скумбрия,10.76
2025-10-05,sup5,cat12,Сок яблочный (1л.),5.17
2025-10-05,sup8,cat2,Огурец,5.85
2025-10-05,sup7,cat10,Батон нарезной (240г.),1.22
2025-10-05,sup5,cat8,Спагетти (400г.),1.76
2025-10-05,sup5,cat8,Кофе раств. (95г.),14.99
2025-10-05,sup2,cat6,Голубцы,33.93
2025-10-05,sup1,cat5,Свинина,30.02
2025-10-05,sup9,cat1,Груша,18.69
2025-10-05,sup10,cat2,Лук репчатый,0.24
2025-10-05,sup8,cat2,Лук репчатый,1.44
2025-10-05,sup7,cat10,Батон нарезной (240г.),1.22
2025-10-05,sup1,cat6,Фарш,33.25
2025-10-05,sup9,cat2,Томат,7.95
2025-10-05,sup2,cat5,Окорочка куриные,10.61
2025-10-05,sup2,cat6,Желудки куриные (550г.),4.98
2025-10-05,sup9,cat1,Банан,10.21
2025-10-05,sup1,cat5,Свинина,33.65
2025-10-05,sup1,cat11,Колбаса вареная (400г.),4.98
2025-10-05,sup3,cat3,Сметана (180г.),3.88
2025-10-05,sup5,cat8,Крупа перловая (1кг.),1.44
2025-10-05,sup1,cat6,Фарш,43.35
2025-10-05,sup5,cat8,Кофе раств. (95г.),14.99
2025-10-05,sup8,cat2,Картофель,3.51
2025-10-05,sup6,cat10,Хлеб светлый (400г.),1.20
2025-10-05,sup10,cat2,Картофель,3.83
2025-10-05,sup5,cat12,Сок яблочный (1л.),10.34
2025-10-05,sup3,cat3,Сметана (180г.),1.94
2025-10-05,sup5,cat9,Шоколад молочный (90г.),5.99
2025-10-05,sup2,cat11,Колбаса вареная (400г.),4.98
2025-10-05,sup3,cat3,Молоко (1.5л.),3.86
2025-10-05,sup4,cat7,Паста рыбная (150г.),2.95
2025-10-05,sup1,cat11,Колбаса вареная (400г.),4.98
2025-10-05,sup3,cat3,Масло сливочное (180г.),4.59
2025-10-05,sup8,cat2,Огурец,1.80
2025-10-05,sup3,cat3,Кефир (1л.),4.54
2025-10-05,sup5,cat8,Масло подсолнечное (0.8л.),2.02
2025-10-05,sup3,cat3,Молоко (1л.),2.60
2025-10-05,sup2,cat5,Окорочка куриные,4.03
2025-10-05,sup5,cat8,Крупа манная (1кг.),2.02
2025-10-05,sup5,cat8,Чай пак. (25шт.),3.80
2025-10-05,sup5,cat8,Макароны (900г.),1.49
2025-10-05,sup3,cat3,Молоко (1л.),2.60
2025-10-05,sup5,cat8,Пшено (900г.),2.35
2025-10-05,sup12,cat12,Coca-Cola (1л.),3.07
2025-10-05,sup8,cat2,Огурец,1.95
2025-10-05,sup2,cat5,Окорочка куриные,10.85
2025-10-05,sup9,cat1,Банан,15.20
2025-10-05,sup2,cat6,Фарш,27.82
2025-10-05,sup10,cat1,Груша,4.87
2025-10-05,sup6,cat10,Батон нарезной (240г.),1.22
2025-10-05,sup4,cat7,Сельдь (250г.),5.99
2025-10-05,sup5,cat9,Печенье овсяное (400г.),4.33
2025-10-05,sup3,cat3,Масло сливочное (360г.),9.49
2025-10-06,sup1,cat11,Колбаса вареная (400г.),4.98
2025-10-06,sup1,cat11,Салями,20.35
2025-10-06,sup1,cat5,Свинина,37.69
2025-10-06,sup5,cat8,Соль (1кг.),0.73
2025-10-06,sup3,cat3,Кефир (1л.),2.27
2025-10-06,sup3,cat3,Кефир (1л.),2.27
2025-10-06,sup2,cat11,Сосиски молочные,6.20
2025-10-06,sup4,cat7,Креветки,24.78
2025-10-06,sup9,cat2,Томат,6.77
2025-10-06,sup8,cat2,Свекла,1.50
2025-10-06,sup5,cat9,Конфеты шоколадные,18.15
2025-10-06,sup3,cat3,Кефир (1л.),2.27
2025-10-06,sup6,cat10,Сушки (500г.),3.99
2025-10-06,sup9,cat1,Банан,1.71
2025-10-06,sup9,cat1,Хурма,1.88
2025-10-06,sup6,cat10,Булочка с маком (1шт.),2.98
2025-10-06,sup3,cat3,Масло сливочное (180г.),4.59
2025-10-06,sup2,cat5,Филе куриное,10.31
2025-10-06,sup3,cat3,Молоко (1л.),2.60
2025-10-06,sup5,cat12,Сок яблочный (1л.),5.17
2025-10-06,sup5,cat9,Конфеты шоколадные,28.45
2025-10-06,sup1,cat11,Ветчина,5.59
2025-10-06,sup3,cat3,Сыр сливочный (200г.),5.41
2025-10-06,sup3,cat3,Молоко (1л.),2.60
2025-10-06,sup4,cat7,Сельдь (250г.),5.99
2025-10-06,sup5,cat8,Сахар (1кг.),1.46
2025-10-06,sup5,cat8,Крупа гречневая (700г.),2.07
2025-10-06,sup2,cat4,Яйцо куриное С1 (10шт.),7.62
2025-10-06,sup2,cat4,Яйцо куриное С1 (10шт.),3.81
2025-10-06,sup5,cat9,Печенье овсяное (400г.),4.33
2025-10-06,sup7,cat10,Батон нарезной (240г.),1.22
2025-10-06,sup7,cat10,Батон нарезной (240г.),2.44
2025-10-06,sup1,cat11,Сосиски молочные,7.94
2025-10-06,sup3,cat3,Молоко (1л.),2.60
2025-10-06,sup5,cat8,Сахар (1кг.),0.73
2025-10-06,sup6,cat10,Лаваш (300г.),2.89
2025-10-06,sup2,cat5,Окорочка куриные,3.73
2025-10-06,sup1,cat11,Колбаса вареная (400г.),4.98
2025-10-06,sup5,cat9,Карамель,6.26
2025-10-06,sup3,cat3,Сметана (180г.),3.88
2025-10-06,sup3,cat3,Масло сливочное (180г.),4.59
2025-10-06,sup3,cat3,Молоко (1л.),2.60
2025-10-06,sup5,cat12,Вода негаз. (0.5л.),0.99
2025-10-06,sup2,cat4,Яйцо куриное С1 (15шт.),6.44
2025-10-06,sup3,cat3,Сметана (380г.),7.42
2025-10-06,sup7,cat10,Батон нарезной (240г.),2.44
2025-10-06,sup2,cat4,Яйцо куриное Д1 (10шт.),4.98
2025-10-06,sup9,cat1,Банан,2.77
2025-10-06,sup3,cat3,Молоко (1л.),2.60
2025-10-06,sup4,cat7,Сельдь (250г.),5.99
2025-10-06,sup8,cat2,Огурец,7.48
2025-10-06,sup1,cat11,Сосиски молочные,11.07
2025-10-07,sup8,cat2,Огурец,5.12
2025-10-07,sup2,cat4,Яйцо куриное Д1 (10шт.),4.98
2025-10-07,sup8,cat1,Груша,16.35
2025-10-07,sup3,cat3,Сметана (380г.),3.71
2025-10-07,sup1,cat11,Сервелат (400г.),8.51
2025-10-07,sup6,cat10,Батон нарезной (240г.),1.22
2025-10-07,sup2,cat6,Фарш,13.00
2025-10-07,sup1,cat11,Колбаски охотничьи (500г.),18.40
2025-10-07,sup9,cat1,Банан,8.91
2025-10-07,sup3,cat3,Молоко (1л.),2.60
2025-10-07,sup3,cat3,Кефир (1л.),2.27
2025-10-07,sup1,cat6,Фарш,11.70
2025-10-07,sup5,cat8,Мука (1кг.),1.64
2025-10-07,sup2,cat4,Яйцо куриное С1 (10шт.),3.81
2025-10-07,sup9,cat2,Томат,11.19
2025-10-07,sup4,cat7,Хек,13.54
2025-10-07,sup5,cat8,Рис (900г.),3.49
2025-10-07,sup8,cat2,Капуста,2.85
2025-10-07,sup6,cat10,Булочка с маком (1шт.),2.98
2025-10-07,sup3,cat3,Кефир (1л.),2.27
2025-10-07,sup8,cat2,Томат,4.46
2025-10-07,sup7,cat10,Батон нарезной (240г.),1.22
2025-10-07,sup8,cat2,Лук репчатый,1.03
2025-10-07,sup2,cat5,Филе куриное,19.97
2025-10-07,sup1,cat5,Говядина,9.71
2025-10-07,sup8,cat2,Огурец,7.82
2025-10-07,sup2,cat5,Филе куриное,20.16
2025-10-07,sup5,cat8,Спагетти (400г.),1.76
2025-10-07,sup3,cat3,Сыр российский,6.69
2025-10-07,sup3,cat3,Кефир (1л.),2.27
2025-10-07,sup7,cat10,Батон нарезной (240г.),2.44
2025-10-07,sup2,cat5,Окорочка куриные,9.10
2025-10-07,sup3,cat3,Сметана (380г.),3.71
2025-10-07,sup9,cat1,Банан,12.58
2025-10-07,sup1,cat11,Сервелат (400г.),8.51
2025-10-07,sup3,cat3,Сметана (380г.),3.71
2025-10-07,sup8,cat2,Свекла,0.79
2025-10-07,sup8,cat2,Огурец,0.83
2025-10-07,sup3,cat3,Кефир (1л.),2.27
2025-10-07,sup3,cat3,Молоко (1л.),2.60
2025-10-07,sup5,cat9,Карамель,6.62
2025-10-07,sup6,cat10,Булочка с маком (1шт.),2.98
2025-10-07,sup12,cat12,Вода негаз. (0.5л.),0.99
2025-10-07,sup3,cat3,Молоко (1л.),2.60
2025-10-07,sup1,cat11,Колбаски охотничьи (500г.),9.20
2025-10-07,sup4,cat7,Минтай,1.55
2025-10-07,sup1,cat6,Колбаски,21.16
2025-10-07,sup5,cat12,Вода мин. газ. (1л.),1.59
2025-10-07,sup5,cat9,Конфеты шоколадные,19.08
2025-10-07,sup4,cat7,Креветки,44.95
2025-10-07,sup6,cat10,Булочка с маком (1шт.),2.98
2025-10-08,sup6,cat10,Хлеб светлый (400г.),1.20
2025-10-08,sup5,cat8,Крупа перловая (1кг.),1.44
2025-10-08,sup5,cat9,Карамель,6.05
2025-10-08,sup1,cat11,Сервелат (400г.),8.51
2025-10-08,sup10,cat2,Лук репчатый,1.14
2025-10-08,sup3,cat3,Молоко (1л.),2.60
2025-10-08,sup2,cat5,Окорочка куриные,10.34
2025-10-08,sup1,cat11,Сервелат (400г.),8.51
2025-10-08,sup8,cat2,Огурец,0.99
2025-10-08,sup2,cat6,Фарш,12.14
2025-10-08,sup2,cat4,Яйцо куриное С1 (10шт.),7.62
2025-10-08,sup7,cat10,Хлеб светлый (400г.),1.20
2025-10-08,sup3,cat3,Масло сливочное (180г.),4.59
2025-10-08,sup5,cat9,Мармелад,6.57
2025-10-08,sup6,cat10,Батон нарезной (240г.),1.22
2025-10-08,sup3,cat3,Молоко (1л.),2.60
2025-10-08,sup6,cat10,Батон нарезной (240г.),1.22
2025-10-08,sup5,cat12,Лимонад (2л.),5.35
2025-10-08,sup1,cat6,Фарш,41.99
2025-10-08,sup6,cat10,Лаваш (300г.),2.89
2025-10-08,sup8,cat2,Лук репчатый,1.67
2025-10-08,sup12,cat12,Вода негаз. (0.5л.),1.98
2025-10-08,sup8,cat2,Огурец,1.83
2025-10-08,sup6,cat10,Булочка с маком (1шт.),1.49
2025-10-08,sup3,cat3,Творог (200г.),2.44
2025-10-08,sup1,cat11,Колбаски охотничьи (500г.),9.20
2025-10-08,sup8,cat2,Морковь,1.91
2025-10-08,sup1,cat11,Сервелат (400г.),8.51
2025-10-08,sup9,cat2,Огурец,6.92
2025-10-08,sup2,cat4,Яйцо куриное Д1 (10шт.),4.98
2025-10-08,sup2,cat4,Яйцо куриное С1 (15шт.),6.44
2025-10-08,sup6,cat10,Батон нарезной (240г.),1.22
2025-10-08,sup10,cat2,Картофель,0.34
2025-10-08,sup5,cat12,Лимонад (2л.),5.35
2025-10-08,sup6,cat10,Хлеб ржаной (450г.),1.50
2025-10-08,sup3,cat3,Сметана (180г.),1.94
2025-10-08,sup2,cat5,Окорочка куриные,12.82
2025-10-08,sup5,cat8,Мука (1кг.),1.64
2025-10-08,sup5,cat8,Масло подсолнечное (0.8л.),2.02
2025-10-08,sup4,cat7,Минтай,0.76
2025-10-08,sup6,cat10,Батон нарезной (240г.),1.22
2025-10-08,sup9,cat1,Апельсин,15.42
2025-10-08,sup5,cat9,Конфеты шоколадные,23.50
2025-10-08,sup1,cat6,Фарш,12.75
2025-10-08,sup9,cat1,Банан,14.79
2025-10-08,sup6,cat10,Булочка с маком (1шт.),1.49
2025-10-08,sup4,cat7,Хек,8.46
2025-10-08,sup1,cat11,Салями,21.81
2025-10-08,sup2,cat4,Яйцо куриное Д1 (10шт.),4.98
2025-10-08,sup2,cat4,Яйцо куриное С1 (15шт.),6.44
2025-10-08,sup1,cat5,Говядина,22.39
2025-10-08,sup12,cat12,Вода негаз. (0.5л.),0.99
2025-10-08,sup1,cat11,Сосиски молочные,7.94
2025-10-09,sup1,cat6,Фарш,36.80
2025-10-09,sup5,cat8,Рис (900г.),3.49
2025-10-09,sup3,cat3,Кефир (1л.),2.27
2025-10-09,sup8,cat2,Морковь,0.95
2025-10-09,sup2,cat4,Яйцо куриное Д1 (10шт.),4.98
2025-10-09,sup3,cat3,Кефир (1л.),2.27
2025-10-09,sup6,cat10,Булочка с маком (1шт.),2.98
2025-10-09,sup5,cat8,Рис (900г.),3.49
2025-10-09,sup2,cat4,Яйцо куриное С1 (10шт.),7.62
2025-10-09,sup3,cat3,Молоко (1л.),2.60
2025-10-09,sup2,cat4,Яйцо куриное С1 (15шт.),6.44
2025-10-09,sup3,cat3,Молоко (1.5л.),3.86
2025-10-09,sup4,cat7,Хек,15.66
2025-10-09,sup1,cat11,Сервелат (400г.),8.51
2025-10-09,sup10,cat2,Картофель,3.91
2025-10-09,sup5,cat9,Конфеты шоколадные,25.67
2025-10-09,sup5,cat8,Пшено (900г.),2.35
2025-10-09,sup5,cat9,Конфеты шоколадные,13.17
2025-10-09,sup6,cat10,Хлеб светлый (400г.),1.20
2025-10-09,sup3,cat3,Творог (200г.),2.44
2025-10-09,sup5,cat8,Рис (900г.),3.49
2025-10-09,sup6,cat10,Хлеб светлый (400г.),1.20
2025-10-09,sup2,cat5,Окорочка куриные,4.62
2025-10-09,sup5,cat8,Мука (1кг.),1.64
2025-10-09,sup7,cat10,Хлеб ржаной (450г.),1.50
2025-10-09,sup8,cat2,Картофель,4.63
2025-10-09,sup5,cat12,Вода негаз. (0.5л.),0.99
2025-10-09,sup10,cat2,Морковь,0.27
2025-10-09,sup2,cat11,Сосиски молочные,7.07
2025-10-09,sup12,cat12,Coca-Cola (1л.),3.07
2025-10-09,sup2,cat4,Яйцо перепелиное (10шт.),2.95
2025-10-09,sup2,cat6,Голубцы,13.67
2025-10-09,sup8,cat2,Картофель,5.86
2025-10-09,sup2,cat4,Яйцо куриное С1 (10шт.),3.81
2025-10-09,sup5,cat8,Масло подсолнечное (0.8л.),4.04
2025-10-09,sup5,cat12,Вода негаз. (0.5л.),0.99
2025-10-09,sup2,cat4,Яйцо куриное С1 (15шт.),6.44
2025-10-09,sup8,cat2,Свекла,0.89
2025-10-09,sup5,cat12,Вода мин. газ. (1л.),1.59
2025-10-09,sup4,cat7,Форель (200г.),18.25
2025-10-09,sup3,cat3,Молоко (1л.),5.20
2025-10-09,sup2,cat5,Филе куриное,16.89
2025-10-09,sup5,cat9,Конфеты шоколадные,8.11
2025-10-09,sup2,cat11,Сосиски молочные,7.69
2025-10-09,sup2,cat4,Яйцо куриное С1 (15шт.),6.44
2025-10-09,sup2,cat4,Яйцо куриное С1 (15шт.),6.44
2025-10-09,sup8,cat2,Лук репчатый,0.30
2025-10-09,sup10,cat2,Свекла,0.20
2025-10-09,sup8,cat2,Лук репчатый,1.97
2025-10-09,sup10,cat1,Груша,6.82
2025-10-09,sup6,cat10,Батон нарезной (240г.),1.22
2025-10-10,sup5,cat9,Шоколад молочный (90г.),5.99
2025-10-10,sup5,cat8,Пшено (900г.),2.35
2025-10-10,sup5,cat8,Мука (2кг.),2.60
2025-10-10,sup1,cat5,Говядина,27.98
2025-10-10,sup3,cat3,Масло сливочное (180г.),4.59
2025-10-10,sup6,cat10,Батон нарезной (240г.),1.22
2025-10-10,sup1,cat6,Фарш,14.90
2025-10-10,sup1,cat11,Колбаса вареная (400г.),4.98
2025-10-10,sup6,cat10,Хлеб ржаной (450г.),1.50
2025-10-10,sup5,cat8,Сахар (1кг.),0.73
2025-10-10,sup1,cat6,Голубцы,23.20
2025-10-10,sup1,cat11,Сосиски молочные,11.68
2025-10-10,sup1,cat11,Колбаски охотничьи (500г.),9.20
2025-10-10,sup5,cat8,Масло распсовое (0.8л.),4.99
2025-10-10,sup7,cat10,Батон нарезной (240г.),1.22
2025-10-10,sup12,cat12,Coca-Cola (1л.),3.07
2025-10-10,sup3,cat3,Молоко (1л.),2.60
2025-10-10,sup5,cat8,Пшено (900г.),2.35
2025-10-10,sup2,cat6,Шашлык,28.70
2025-10-10,sup10,cat2,Лук репчатый,1.31
2025-10-10,sup6,cat10,Батон нарезной (240г.),1.22
2025-10-10,sup2,cat4,Яйцо куриное С1 (15шт.),6.44
2025-10-10,sup10,cat2,Морковь,1.81
2025-10-10,sup3,cat3,Кефир (1л.),2.27
2025-10-10,sup8,cat2,Лук репчатый,0.49
2025-10-10,sup6,cat10,Батон нарезной (240г.),1.22
2025-10-10,sup5,cat12,Лимонад (2л.),5.35
2025-10-10,sup3,cat3,Кефир (1л.),4.54
2025-10-10,sup8,cat2,Огурец,3.16
2025-10-10,sup3,cat3,Молоко (1л.),2.60
2025-10-10,sup2,cat4,Яйцо куриное С1 (15шт.),6.44
2025-10-10,sup4,cat7,Сельдь (250г.),11.98
2025-10-10,sup10,cat2,Картофель,1.11
2025-10-10,sup9,cat1,Хурма,10.56
2025-10-10,sup5,cat8,Мука (1кг.),1.64
2025-10-10,sup9,cat1,Апельсин,21.86
2025-10-10,sup10,cat2,Лук репчатый,1.46
2025-10-10,sup3,cat3,Масло сливочное (180г.),4.59
2025-10-10,sup2,cat11,Сосиски молочные,8.88
2025-10-10,sup7,cat10,Хлеб ржаной (450г.),1.50
2025-10-10,sup1,cat11,Колбаса вареная (400г.),4.98
2025-10-10,sup2,cat11,Сосиски молочные,7.16
2025-10-10,sup5,cat9,Карамель,1.35
2025-10-10,sup3,cat3,Сметана (380г.),3.71
2025-10-10,sup10,cat2,Свекла,1.20
2025-10-10,sup12,cat12,Coca-Cola (1л.),3.07
2025-10-10,sup1,cat11,Сервелат (400г.),8.51
2025-10-10,sup5,cat12,Сок яблочный (1л.),5.17
2025-10-10,sup10,cat2,Картофель,2.03
2025-10-10,sup8,cat2,Томат,11.65
2025-10-10,sup6,cat10,Лаваш (300г.),2.89
2025-10-10,sup1,cat11,Сосиски молочные,7.54
2025-10-10,sup6,cat10,Плетенка (450г.),4.04
2025-10-10,sup6,cat10,Батон нарезной (240г.),2.44
2025-10-10,sup12,cat12,Вода негаз. (0.5л.),0.99
2025-10-10,sup1,cat11,Колбаски охотничьи (500г.),18.40
2025-10-10,sup4,cat7,Форель (200г.),18.25
2025-10-10,sup5,cat8,Масло распсовое (0.8л.),4.99
2025-10-10,sup1,cat11,Колбаса вареная (400г.),4.98
2025-10-10,sup2,cat4,Яйцо куриное С1 (10шт.),7.62
2025-10-10,sup1,cat11,Колбаса вареная (400г.),4.98
2025-10-10,sup8,cat1,Яблоко,5.61
2025-10-10,sup9,cat1,Хурма,14.57
2025-10-10,sup3,cat3,Сыр сливочный (200г.),5.41
2025-10-11,sup9,cat1,Банан,4.39
2025-10-11,sup6,cat10,Булочка с маком (1шт.),2.98
2025-10-11,sup2,cat5,Филе куриное,12.10
2025-10-11,sup2,cat5,Окорочка куриные,7.78
2025-10-11,sup1,cat11,Сосиски молочные,9.49
2025-10-11,sup2,cat4,Яйцо куриное С1 (10шт.),3.81
2025-10-11,sup3,cat3,Кефир (1л.),2.27
2025-10-11,sup7,cat10,Батон нарезной (240г.),2.44
2025-10-11,sup9,cat2,Томат,2.68
2025-10-11,sup5,cat8,Сахар (1кг.),2.92
2025-10-11,sup3,cat3,Кефир (1л.),2.27
2025-10-11,sup3,cat3,Кефир (1л.),2.27
2025-10-11,sup12,cat12,Coca-Cola (1л.),3.07
2025-10-11,sup9,cat2,Томат,19.74
2025-10-11,sup6,cat10,Батон нарезной (240г.),1.22
2025-10-11,sup9,cat2,Томат,23.93
2025-10-11,sup2,cat4,Яйцо перепелиное (10шт.),2.95
2025-10-11,sup2,cat5,Филе куриное,5.20
2025-10-11,sup5,cat9,Карамель,4.96
2025-10-11,sup7,cat10,Батон нарезной (240г.),1.22
2025-10-11,sup3,cat3,Сметана (180г.),1.94
2025-10-11,sup7,cat10,Батон нарезной (240г.),1.22
2025-10-11,sup6,cat10,Батон нарезной (240г.),1.22
2025-10-11,sup1,cat6,Котлеты,15.20
2025-10-11,sup2,cat11,Сосиски молочные,4.55
2025-10-11,sup8,cat2,Огурец,3.72
2025-10-11,sup3,cat3,Кефир (1л.),4.54
2025-10-11,sup5,cat8,Мука (1кг.),1.64
2025-10-11,sup1,cat5,Говядина,33.04
2025-10-11,sup5,cat12,Квас светлый (1л.),2.65
2025-10-11,sup5,cat8,Чай пак. (25шт.),3.80
2025-10-11,sup5,cat8,Пшено (900г.),2.35
2025-10-11,sup5,cat9,Шоколад молочный (90г.),5.99
2025-10-11,sup1,cat11,Колбаса вареная (400г.),4.98
2025-10-11,sup3,cat3,Кефир (1л.),2.27
2025-10-11,sup8,cat1,Груша,14.17
2025-10-11,sup10,cat2,Лук репчатый,1.10
2025-10-11,sup8,cat2,Свекла,1.13
2025-10-11,sup5,cat9,Печенье овсяное (400г.),4.33
2025-10-11,sup5,cat9,Вафли (143г.),2.76
2025-10-11,sup10,cat2,Картофель,4.49
2025-10-11,sup1,cat6,Котлеты,20.29
2025-10-11,sup2,cat4,Яйцо куриное Д1 (10шт.),4.98
2025-10-11,sup10,cat2,Морковь,2.10
2025-10-11,sup2,cat6,Голубцы,16.50
2025-10-11,sup6,cat10,Булочка с маком (1шт.),2.98
2025-10-11,sup1,cat11,Колбаса вареная (400г.),4.98
2025-10-11,sup2,cat11,Сосиски молочные,9.62
2025-10-11,sup3,cat3,Кефир (1л.),2.27
2025-10-11,sup5,cat8,Соль (1кг.),0.73
2025-10-11,sup5,cat8,Кофе мол. (250г.),39.98
2025-10-11,sup5,cat8,Масло подсолнечное (0.8л.),2.02
2025-10-11,sup7,cat10,Батон нарезной (240г.),2.44
2025-10-11,sup12,cat12,Coca-Cola (1л.),3.07
2025-10-11,sup1,cat5,Говядина,23.68
2025-10-11,sup5,cat8,Масло подсолнечное (0.8л.),2.02
2025-10-11,sup3,cat3,Творог (200г.),4.88
2025-10-11,sup1,cat5,Говядина,34.98
2025-10-11,sup9,cat2,Огурец,8.28
2025-10-11,sup12,cat12,Вода негаз. (0.5л.),1.98
2025-10-11,sup6,cat10,Хлеб ржаной (450г.),1.50
2025-10-11,sup8,cat2,Лук репчатый,1.74
2025-10-11,sup3,cat3,Творог (200г.),4.88
2025-10-11,sup3,cat3,Сметана (380г.),3.71
2025-10-11,sup2,cat4,Яйцо куриное Д1 (10шт.),4.98
2025-10-12,sup9,cat1,Груша,10.80
2025-10-12,sup1,cat11,Ветчина,17.17
2025-10-12,sup2,cat4,Яйцо перепелиное (10шт.),2.95
2025-10-12,sup5,cat8,Кофе раств. (95г.),29.98
2025-10-12,sup5,cat8,Кофе мол. (250г.),19.99
2025-10-12,sup1,cat11,Сосиски молочные,4.59
2025-10-12,sup6,cat10,Батон нарезной (240г.),1.22
2025-10-12,sup4,cat7,Хек,16.92
2025-10-12,sup6,cat10,Батон нарезной (240г.),1.22
2025-10-12,sup1,cat5,Свинина,41.19
2025-10-12,sup2,cat11,Сосиски молочные,9.63
2025-10-12,sup9,cat2,Томат,16.69
2025-10-12,sup5,cat8,Чай пак. (25шт.),3.80
2025-10-12,sup9,cat1,Хурма,4.81
2025-10-12,sup5,cat8,Мука (2кг.),2.60
2025-10-12,sup5,cat9,Конфеты шоколадные,10.46
2025-10-12,sup5,cat9,Мармелад,2.83
2025-10-12,sup5,cat12,Сок апельсиновый (1л.),14.40
2025-10-12,sup4,cat7,Форель (200г.),36.50
2025-10-12,sup7,cat10,Батон нарезной (240г.),1.22
2025-10-12,sup5,cat9,Печенье овсяное (400г.),4.33
2025-10-12,sup8,cat1,Яблоко,13.53
2025-10-12,sup1,cat11,Ветчина,7.03
2025-10-12,sup10,cat2,Лук репчатый,0.18
2025-10-12,sup2,cat6,Котлеты,19.73
2025-10-12,sup9,cat2,Томат,7.78
2025-10-12,sup6,cat10,Батон нарезной (240г.),1.22
2025-10-12,sup1,cat5,Говядина,24.52
2025-10-12,sup5,cat8,Крупа перловая (1кг.),1.44
2025-10-12,sup4,cat7,Минтай,1.13
2025-10-12,sup10,cat2,Лук репчатый,0.56
2025-10-12,sup1,cat6,Фарш,32.51
2025-10-12,sup3,cat3,Сметана (380г.),3.71
2025-10-12,sup5,cat9,Шоколад молочный (90г.),17.97
2025-10-12,sup8,cat2,Томат,15.55
2025-10-12,sup12,cat12,Coca-Cola (1л.),3.07
2025-10-12,sup5,cat8,Пшено (900г.),2.35
2025-10-12,sup5,cat9,Печенье овсяное (400г.),4.33
2025-10-12,sup3,cat3,Сметана (380г.),7.42
2025-10-12,sup1,cat11,Колбаса вареная (400г.),4.98
2025-10-12,sup5,cat9,Шоколад молочный (90г.),5.99
2025-10-12,sup9,cat1,Банан,15.32
2025-10-12,sup5,cat8,Крупа перловая (1кг.),1.44
2025-10-12,sup5,cat9,Конфеты шоколадные,16.18
2025-10-12,sup5,cat8,Крупа перловая (1кг.),1.44
2025-10-12,sup1,cat5,Говядина,36.47
2025-10-12,sup6,cat10,Батон нарезной (240г.),1.22
2025-10-12,sup10,cat2,Морковь,1.26
2025-10-12,sup5,cat12,Сок яблочный (1л.),5.17
2025-10-12,sup10,cat2,Лук репчатый,0.34
2025-10-12,sup8,cat2,Томат,16.84
2025-10-12,sup2,cat6,Печень куриная (550г.),5.50
2025-10-12,sup4,cat7,Икра лососевая (140г.),32.99
2025-10-12,sup8,cat2,Томат,13.87
2025-10-12,sup9,cat1,Апельсин,11.21
2025-10-12,sup5,cat8,Рис (900г.),3.49
2025-10-12,sup6,cat10,Батон нарезной (240г.),1.22
2025-10-13,sup1,cat5,Говядина,23.53
2025-10-13,sup3,cat3,Кефир (1л.),2.27
2025-10-13,sup6,cat10,Хлеб ржаной (450г.),1.50
2025-10-13,sup8,cat2,Морковь,1.83
2025-10-13,sup1,cat6,Котлеты,23.42
2025-10-13,sup12,cat12,Вода негаз. (0.5л.),0.99
2025-10-13,sup5,cat12,Вода негаз. (0.5л.),0.99
2025-10-13,sup8,cat1,Груша,6.54
2025-10-13,sup2,cat11,Сосиски молочные,11.17
2025-10-13,sup4,cat7,Скумбрия,9.83
2025-10-13,sup8,cat2,Томат,9.49
2025-10-13,sup5,cat8,Макароны (900г.),1.49
2025-10-13,sup6,cat10,Хлеб светлый (400г.),1.20
2025-10-13,sup5,cat9,Печенье овсяное (400г.),4.33
2025-10-13,sup7,cat10,Батон нарезной (240г.),1.22
2025-10-13,sup12,cat12,Вода негаз. (0.5л.),0.99
2025-10-13,sup5,cat8,Кофе мол. (250г.),19.99
2025-10-13,sup5,cat12,Сок апельсиновый (1л.),7.20
2025-10-13,sup5,cat9,Конфеты шоколадные,10.54
2025-10-13,sup5,cat8,Кофе мол. (250г.),19.99
2025-10-13,sup4,cat7,Креветки,26.30
2025-10-13,sup5,cat12,Квас светлый (1л.),2.65
2025-10-13,sup3,cat3,Сыр голландский (200г.),5.02
2025-10-13,sup7,cat10,Багет (200г.),2.49
2025-10-13,sup12,cat12,Coca-Cola (1л.),3.07
2025-10-13,sup3,cat3,Сметана (180г.),3.88
2025-10-13,sup8,cat2,Лук репчатый,0.56
2025-10-13,sup9,cat2,Огурец,5.64
2025-10-13,sup9,cat1,Груша,10.61
2025-10-13,sup2,cat4,Яйцо куриное С1 (10шт.),7.62
2025-10-13,sup9,cat1,Хурма,13.68
2025-10-13,sup6,cat10,Лаваш (300г.),5.78
2025-10-13,sup5,cat12,Лимонад (2л.),5.35
2025-10-13,sup5,cat8,Крупа манная (1кг.),2.02
2025-10-13,sup5,cat9,Шоколад молочный (90г.),17.97
2025-10-13,sup5,cat8,Крупа гречневая (700г.),2.07
2025-10-13,sup10,cat2,Морковь,2.22
2025-10-13,sup10,cat2,Лук репчатый,1.31
2025-10-13,sup3,cat3,Сметана (380г.),7.42
2025-10-13,sup8,cat2,Огурец,7.21
2025-10-13,sup3,cat3,Сметана (380г.),3.71
2025-10-13,sup10,cat2,Лук репчатый,0.26
2025-10-13,sup5,cat12,Вода негаз. (0.5л.),0.99
2025-10-13,sup5,cat8,Соль (1кг.),0.73
2025-10-13,sup12,cat12,Coca-Cola (1л.),3.07
2025-10-13,sup6,cat10,Хлеб светлый (400г.),1.20
2025-10-13,sup2,cat5,Окорочка куриные,10.69
2025-10-13,sup3,cat3,Творог (200г.),2.44
2025-10-13,sup10,cat2,Морковь,2.31
2025-10-13,sup1,cat5,Говядина,39.01
2025-10-14,sup3,cat3,Сметана (380г.),3.71
2025-10-14,sup1,cat11,Салями,21.33
2025-10-14,sup8,cat2,Свекла,0.26
2025-10-14,sup5,cat9,Зефир (230г.),17.58
2025-10-14,sup6,cat10,Булочка с маком (1шт.),2.98
2025-10-14,sup1,cat5,Говядина,40.78
2025-10-14,sup5,cat8,Спагетти (400г.),1.76
2025-10-14,sup3,cat3,Молоко (1л.),2.60
2025-10-14,sup2,cat4,Яйцо перепелиное (10шт.),2.95
2025-10-14,sup2,cat11,Колбаса вареная (400г.),4.98
2025-10-14,sup3,cat3,Творог (200г.),2.44
2025-10-14,sup5,cat9,Конфеты шоколадные,31.72
2025-10-14,sup5,cat8,Мука (1кг.),1.64
2025-10-14,sup2,cat4,Яйцо куриное Д1 (10шт.),4.98
2025-10-14,sup5,cat9,Конфеты шоколадные,9.90
2025-10-14,sup9,cat1,Банан,2.82
2025-10-14,sup10,cat2,Картофель,3.35
2025-10-14,sup8,cat2,Капуста,3.92
2025-10-14,sup5,cat9,Печенье овсяное (400г.),4.33
2025-10-14,sup7,cat10,Батон нарезной (240г.),1.22
2025-10-14,sup4,cat7,Минтай,1.09
2025-10-14,sup3,cat3,Молоко (1л.),2.60
2025-10-14,sup8,cat2,Томат,1.37
2025-10-14,sup5,cat9,Печенье овсяное (400г.),4.33
2025-10-14,sup3,cat3,Сметана (180г.),1.94
2025-10-14,sup1,cat11,Сервелат (400г.),8.51
2025-10-14,sup10,cat2,Свекла,1.05
2025-10-14,sup10,cat2,Свекла,0.67
2025-10-14,sup2,cat6,Печень куриная (550г.),5.50
2025-10-14,sup5,cat8,Пшено (900г.),2.35
2025-10-14,sup1,cat11,Колбаски охотничьи (500г.),27.60
2025-10-14,sup2,cat5,Окорочка куриные,5.16
2025-10-14,sup9,cat2,Томат,15.87
2025-10-14,sup6,cat10,Булочка с маком (1шт.),7.45
2025-10-14,sup9,cat1,Апельсин,24.05
2025-10-14,sup9,cat2,Томат,10.85
2025-10-14,sup3,cat3,Молоко (1.5л.),3.86
2025-10-14,sup3,cat3,Кефир (1л.),2.27
2025-10-14,sup1,cat5,Говядина,34.51
2025-10-14,sup3,cat3,Сыр российский,14.49
2025-10-14,sup3,cat3,Масло сливочное (180г.),4.59
2025-10-14,sup2,cat6,Голубцы,9.05
2025-10-14,sup5,cat8,Масло подсолнечное (0.8л.),2.02
2025-10-14,sup8,cat2,Огурец,4.39
2025-10-14,sup4,cat7,Хек,15.21
2025-10-14,sup3,cat3,Кефир (1л.),2.27
2025-10-14,sup5,cat8,Кофе мол. (250г.),39.98
2025-10-14,sup4,cat7,Форель (200г.),36.50
2025-10-14,sup3,cat3,Сыр голландский (200г.),5.02
2025-10-14,sup5,cat12,Вода негаз. (0.5л.),1.98
2025-10-14,sup2,cat6,Желудки куриные (550г.),4.98
2025-10-14,sup2,cat11,Колбаса вареная (400г.),4.98
2025-10-14,sup7,cat10,Хлеб ржаной (450г.),1.50
2025-10-15,sup2,cat5,Окорочка куриные,8.62
2025-10-15,sup5,cat9,Конфеты шоколадные,28.78
2025-10-15,sup8,cat2,Капуста,3.67
2025-10-15,sup7,cat10,Хлеб светлый (400г.),1.20
2025-10-15,sup8,cat2,Картофель,5.19
2025-10-15,sup5,cat9,Карамель,1.61
2025-10-15,sup6,cat10,Батон нарезной (240г.),2.44
2025-10-15,sup1,cat11,Салями,20.38
2025-10-15,sup5,cat8,Пшено (900г.),2.35
2025-10-15,sup2,cat4,Яйцо куриное С1 (10шт.),3.81
2025-10-15,sup10,cat2,Лук репчатый,1.34
2025-10-15,sup8,cat1,Груша,7.62
2025-10-15,sup6,cat10,Булочка с маком (1шт.),1.49
2025-10-15,sup2,cat5,Филе куриное,16.23
2025-10-15,sup5,cat8,Масло подсолнечное (0.8л.),2.02
2025-10-15,sup12,cat12,Coca-Cola (1л.),3.07
2025-10-15,sup3,cat3,Творог (200г.),4.88
2025-10-15,sup5,cat8,Макароны (900г.),2.98
2025-10-15,sup7,cat10,Батон нарезной (240г.),2.44
2025-10-15,sup2,cat4,Яйцо куриное С1 (15шт.),6.44
2025-10-15,sup8,cat2,Томат,23.10
2025-10-15,sup3,cat3,Сметана (180г.),1.94
2025-10-15,sup5,cat8,Крупа перловая (1кг.),1.44
2025-10-15,sup2,cat6,Желудки куриные (550г.),4.98
2025-10-15,sup4,cat7,Икра лососевая (140г.),32.99
2025-10-15,sup1,cat11,Сервелат (400г.),17.02
2025-10-15,sup1,cat6,Фарш,20.42
2025-10-15,sup7,cat10,Сушки (500г.),3.99
2025-10-15,sup2,cat5,Окорочка куриные,2.87
2025-10-15,sup3,cat3,Масло сливочное (180г.),9.18
2025-10-15,sup9,cat2,Огурец,5.57
2025-10-15,sup3,cat3,Молоко (1л.),2.60
2025-10-15,sup2,cat5,Окорочка куриные,5.82
2025-10-15,sup3,cat3,Сыр сливочный (200г.),10.82
2025-10-15,sup10,cat2,Картофель,4.08
2025-10-15,sup6,cat10,Плетенка (450г.),4.04
2025-10-15,sup3,cat3,Сметана (180г.),1.94
2025-10-15,sup3,cat3,Творог (200г.),4.88
2025-10-15,sup3,cat3,Сыр сливочный (200г.),10.82
2025-10-15,sup1,cat5,Говядина,20.42
2025-10-15,sup4,cat7,Паста рыбная (150г.),2.95
2025-10-15,sup4,cat7,Креветки,23.87
2025-10-15,sup1,cat5,Свинина,36.91
2025-10-15,sup6,cat10,Булочка с маком (1шт.),2.98
2025-10-15,sup5,cat9,Шоколад молочный (90г.),11.98
2025-10-15,sup2,cat4,Яйцо куриное С1 (10шт.),3.81
2025-10-15,sup5,cat12,Чай холодный (0.5л.),3.59
2025-10-15,sup5,cat8,Пшено (900г.),2.35
2025-10-15,sup9,cat2,Огурец,6.95
2025-10-15,sup9,cat1,Банан,14.75
2025-10-16,sup5,cat8,Спагетти (400г.),1.76
2025-10-16,sup3,cat3,Сметана (380г.),3.71
2025-10-16,sup5,cat9,Шоколад молочный (90г.),5.99
2025-10-16,sup5,cat8,Кофе мол. (250г.),39.98
2025-10-16,sup1,cat6,Фарш,18.24
2025-10-16,sup7,cat10,Хлеб светлый (400г.),1.20
2025-10-16,sup5,cat12,Вода негаз. (0.5л.),1.98
2025-10-16,sup5,cat12,Вода негаз. (0.5л.),0.99
2025-10-16,sup6,cat10,Багет (200г.),2.49
2025-10-16,sup1,cat5,Свинина,16.38
2025-10-16,sup2,cat11,Сосиски молочные,6.81
2025-10-16,sup7,cat10,Хлеб ржаной (450г.),1.50
2025-10-16,sup6,cat10,Булочка с маком (1шт.),1.49
2025-10-16,sup10,cat2,Лук репчатый,0.87
2025-10-16,sup10,cat2,Морковь,1.87
2025-10-16,sup1,cat11,Салями,21.01
2025-10-16,sup2,cat11,Колбаса вареная (400г.),4.98
2025-10-16,sup5,cat8,Мука (1кг.),1.64
2025-10-16,sup5,cat9,Зефир (230г.),8.79
2025-10-16,sup6,cat10,Батон нарезной (240г.),2.44
2025-10-16,sup8,cat2,Огурец,1.06
2025-10-16,sup5,cat8,Спагетти (400г.),1.76
2025-10-16,sup5,cat12,Сок апельсиновый (1л.),7.20
2025-10-16,sup6,cat10,Батон нарезной (240г.),1.22
2025-10-16,sup5,cat8,Мука (1кг.),1.64
2025-10-16,sup7,cat10,Батон нарезной (240г.),1.22
2025-10-16,sup10,cat2,Картофель,1.79
2025-10-16,sup2,cat11,Сосиски молочные,10.75
2025-10-16,sup6,cat10,Батон нарезной (240г.),1.22
2025-10-16,sup5,cat8,Крупа гречневая (700г.),2.07
2025-10-16,sup9,cat1,Апельсин,23.73
2025-10-16,sup5,cat8,Спагетти (400г.),1.76
2025-10-16,sup1,cat5,Свинина,25.05
2025-10-16,sup8,cat2,Огурец,1.92
2025-10-16,sup5,cat8,Мука (2кг.),2.60
2025-10-16,sup1,cat5,Свинина,21.49
2025-10-16,sup3,cat3,Молоко (1л.),2.60
2025-10-16,sup4,cat7,Минтай,0.81
2025-10-16,sup2,cat11,Ветчина,12.72
2025-10-16,sup6,cat10,Батон нарезной (240г.),1.22
2025-10-16,sup2,cat5,Окорочка куриные,4.35
2025-10-16,sup7,cat10,Сушки (500г.),7.98
2025-10-16,sup9,cat1,Банан,12.44
2025-10-16,sup3,cat3,Масло сливочное (180г.),4.59
2025-10-16,sup3,cat3,Масло сливочное (360г.),9.49
2025-10-16,sup2,cat4,Яйцо куриное Д1 (10шт.),4.98
2025-10-16,sup5,cat12,Вода мин. газ. (1л.),4.77
2025-10-16,sup3,cat3,Творог (200г.),2.44
2025-10-16,sup3,cat3,Творог (200г.),2.44
2025-10-16,sup5,cat9,Зефир (230г.),17.58
2025-10-16,sup3,cat3,Творог (200г.),2.44
2025-10-17,sup2,cat4,Яйцо куриное С1 (10шт.),3.81
2025-10-17,sup7,cat10,Батон нарезной (240г.),1.22
2025-10-17,sup5,cat9,Зефир (230г.),8.79
2025-10-17,sup7,cat10,Багет (200г.),2.49
2025-10-17,sup5,cat8,Мука (1кг.),1.64
2025-10-17,sup3,cat3,Кефир (1л.),4.54
2025-10-17,sup6,cat10,Хлеб ржаной (450г.),1.50
2025-10-17,sup1,cat6,Фарш,12.54
2025-10-17,sup1,cat5,Говядина,26.91
2025-10-17,sup5,cat8,Кофе раств. (95г.),14.99
2025-10-17,sup1,cat5,Свинина,32.96
2025-10-17,sup5,cat12,Вода негаз. (0.5л.),0.99
2025-10-17,sup5,cat9,Шоколад молочный (90г.),5.99
2025-10-17,sup6,cat10,Хлеб ржаной (450г.),1.50
2025-10-17,sup1,cat11,Сосиски молочные,6.28
2025-10-17,sup6,cat10,Батон нарезной (240г.),1.22
2025-10-17,sup3,cat3,Сметана (180г.),3.88
2025-10-17,sup9,cat1,Хурма,14.55
2025-10-17,sup3,cat3,Молоко (1л.),2.60
2025-10-17,sup3,cat3,Молоко (1.5л.),3.86
2025-10-17,sup2,cat4,Яйцо куриное Д1 (10шт.),4.98
2025-10-17,sup5,cat9,Печенье овсяное (400г.),4.33
2025-10-17,sup2,cat11,Сосиски молочные,7.47
2025-10-17,sup3,cat3,Сыр российский,17.89
2025-10-17,sup9,cat1,Банан,8.38
2025-10-17,sup1,cat6,Голубцы,26.05
2025-10-17,sup4,cat7,Хек,3.56
2025-10-17,sup9,cat1,Хурма,12.14
2025-10-17,sup10,cat1,Яблоко,16.07
2025-10-17,sup5,cat8,Спагетти (400г.),1.76
2025-10-17,sup5,cat9,Шоколад молочный (90г.),5.99
2025-10-17,sup1,cat6,Фарш,15.78
2025-10-17,sup6,cat10,Батон нарезной (240г.),1.22
2025-10-17,sup5,cat8,Рис (900г.),3.49
2025-10-17,sup8,cat2,Морковь,2.25
2025-10-17,sup5,cat12,Сок яблочный (1л.),5.17
2025-10-17,sup5,cat8,Рис (900г.),3.49
2025-10-17,sup7,cat10,Хлеб светлый (400г.),1.20
2025-10-17,sup1,cat5,Говядина,19.11
2025-10-17,sup2,cat4,Яйцо куриное С1 (10шт.),7.62
2025-10-17,sup3,cat3,Сметана (380г.),3.71
2025-10-17,sup1,cat5,Говядина,10.88
2025-10-17,sup5,cat8,Масло распсовое (0.8л.),9.98
2025-10-17,sup7,cat10,Багет (200г.),2.49
2025-10-17,sup3,cat3,Молоко (1л.),2.60
2025-10-17,sup3,cat3,Сметана (380г.),3.71
2025-10-17,sup8,cat2,Картофель,3.05
2025-10-17,sup2,cat6,Колбаски,38.31
2025-10-17,sup7,cat10,Хлеб ржаной (450г.),1.50
2025-10-17,sup8,cat1,Яблоко,12.71
2025-10-17,sup7,cat10,Хлеб светлый (400г.),1.20
2025-10-17,sup5,cat8,Рис (900г.),3.49
2025-10-17,sup10,cat2,Лук репчатый,0.24
2025-10-17,sup12,cat12,Coca-Cola (1л.),3.07
2025-10-17,sup6,cat10,Сушки (500г.),3.99
2025-10-17,sup5,cat12,Вода негаз. (0.5л.),0.99
2025-10-17,sup3,cat3,Молоко (1л.),2.60
2025-10-17,sup3,cat3,Сыр голландский (200г.),5.02
2025-10-17,sup1,cat11,Сосиски молочные,6.91
2025-10-17,sup5,cat9,Вафли (143г.),2.76
2025-10-17,sup3,cat3,Творог (200г.),2.44
2025-10-17,sup8,cat2,Морковь,2.09
2025-10-17,sup2,cat4,Яйцо куриное С1 (15шт.),6.44
2025-10-17,sup5,cat9,Зефир (230г.),17.58
2025-10-17,sup5,cat12,Лимонад (2л.),5.35
2025-10-17,sup2,cat4,Яйцо куриное С1 (15шт.),6.44
2025-10-18,sup5,cat9,Печенье овсяное (400г.),8.66
2025-10-18,sup5,cat8,Мука (1кг.),1.64
2025-10-18,sup9,cat2,Огурец,3.19
2025-10-18,sup8,cat2,Огурец,0.92
2025-10-18,sup5,cat9,Вафли (143г.),2.76
2025-10-18,sup9,cat2,Огурец,5.01
2025-10-18,sup3,cat3,Кефир (1л.),2.27
2025-10-18,sup2,cat6,Печень куриная (550г.),5.50
2025-10-18,sup1,cat5,Свинина,46.30
2025-10-18,sup6,cat10,Плетенка (450г.),4.04
2025-10-18,sup3,cat3,Сметана (380г.),3.71
2025-10-18,sup10,cat2,Лук репчатый,1.34
2025-10-18,sup10,cat2,Картофель,5.32
2025-10-18,sup10,cat2,Лук репчатый,1.68
2025-10-18,sup1,cat11,Сосиски молочные,10.92
2025-10-18,sup7,cat10,Хлеб светлый (400г.),1.20
2025-10-18,sup8,cat2,Огурец,2.70
2025-10-18,sup5,cat12,Вода негаз. (0.5л.),0.99
2025-10-18,sup7,cat10,Батон нарезной (240г.),1.22
2025-10-18,sup5,cat8,Сахар (1кг.),3.65
2025-10-18,sup5,cat12,Сок яблочный (1л.),5.17
2025-10-18,sup2,cat4,Яйцо куриное С1 (10шт.),7.62
2025-10-18,sup5,cat8,Пшено (900г.),2.35
2025-10-18,sup12,cat12,Coca-Cola (1л.),6.14
2025-10-18,sup9,cat1,Хурма,10.71
2025-10-18,sup7,cat10,Хлеб ржаной (450г.),1.50
2025-10-18,sup5,cat8,Мука (2кг.),2.60
2025-10-18,sup9,cat2,Томат,18.62
2025-10-18,sup3,cat3,Масло сливочное (180г.),4.59
2025-10-18,sup2,cat4,Яйцо куриное С1 (15шт.),6.44
2025-10-18,sup1,cat5,Свинина,14.61
2025-10-18,sup5,cat8,Кофе мол. (250г.),19.99
2025-10-18,sup5,cat9,Зефир (230г.),8.79
2025-10-18,sup5,cat8,Спагетти (400г.),1.76
2025-10-18,sup4,cat7,Форель (200г.),18.25
2025-10-18,sup2,cat11,Колбаса вареная (400г.),4.98
2025-10-18,sup3,cat3,Молоко (1л.),2.60
2025-10-18,sup5,cat8,Масло распсовое (0.8л.),4.99
2025-10-18,sup5,cat9,Вафли (143г.),2.76
2025-10-18,sup8,cat2,Свекла,0.25
2025-10-18,sup2,cat5,Окорочка куриные,12.92
2025-10-18,sup6,cat10,Лаваш (300г.),2.89
2025-10-18,sup1,cat6,Шашлык,44.85
2025-10-18,sup2,cat6,Фарш,42.88
2025-10-18,sup8,cat2,Томат,9.07
2025-10-18,sup6,cat10,Батон нарезной (240г.),1.22
2025-10-18,sup1,cat5,Говядина,15.70
2025-10-18,sup4,cat7,Сельдь (250г.),5.99
2025-10-18,sup1,cat6,Колбаски,19.97
2025-10-18,sup7,cat10,Батон нарезной (240г.),2.44
2025-10-18,sup5,cat12,Вода негаз. (0.5л.),0.99
2025-10-18,sup6,cat10,Лаваш (300г.),2.89
2025-10-18,sup1,cat6,Шашлык,22.95
2025-10-18,sup5,cat8,Макароны (900г.),1.49
2025-10-18,sup10,cat2,Морковь,1.13
2025-10-18,sup4,cat7,Сельдь (250г.),5.99
2025-10-18,sup2,cat4,Яйцо куриное С1 (15шт.),6.44
2025-10-18,sup5,cat8,Сахар (1кг.),0.73
2025-10-18,sup5,cat8,Кофе мол. (250г.),19.99
2025-10-18,sup5,cat12,Сок апельсиновый (1л.),7.20
2025-10-18,sup10,cat1,Яблоко,11.08
2025-10-18,sup8,cat2,Томат,7.04
2025-10-18,sup2,cat11,Колбаса вареная (400г.),4.98
2025-10-18,sup5,cat12,Вода негаз. (0.5л.),0.99
2025-10-18,sup1,cat5,Говядина,9.82
2025-10-18,sup12,cat12,Вода негаз. (0.5л.),0.99
2025-10-19,sup5,cat12,Вода негаз. (0.5л.),0.99
2025-10-19,sup5,cat12,Вода негаз. (0.5л.),0.99
2025-10-19,sup12,cat12,Coca-Cola (1л.),6.14
2025-10-19,sup2,cat5,Окорочка куриные,12.11
2025-10-19,sup6,cat10,Батон нарезной (240г.),1.22
2025-10-19,sup4,cat7,Сельдь (250г.),5.99
2025-10-19,sup2,cat5,Окорочка куриные,13.07
2025-10-19,sup7,cat10,Батон нарезной (240г.),1.22
2025-10-19,sup5,cat12,Вода негаз. (0.5л.),0.99
2025-10-19,sup3,cat3,Сметана (380г.),3.71
2025-10-19,sup2,cat4,Яйцо перепелиное (10шт.),2.95
2025-10-19,sup1,cat11,Сосиски молочные,12.43
2025-10-19,sup1,cat11,Сервелат (400г.),8.51
2025-10-19,sup1,cat11,Сосиски молочные,8.58
2025-10-19,sup3,cat3,Кефир (1л.),2.27
2025-10-19,sup10,cat2,Морковь,0.34
2025-10-19,sup1,cat11,Колбаса вареная (400г.),4.98
2025-10-19,sup10,cat2,Лук репчатый,1.19
2025-10-19,sup2,cat6,Котлеты,20.64
2025-10-19,sup3,cat3,Кефир (1л.),2.27
2025-10-19,sup5,cat8,Рис (900г.),3.49
2025-10-19,sup1,cat6,Котлеты,17.52
2025-10-19,sup10,cat2,Морковь,0.84
2025-10-19,sup5,cat12,Вода негаз. (0.5л.),0.99
2025-10-19,sup2,cat6,Фарш,36.53
2025-10-19,sup4,cat7,Форель (200г.),36.50
2025-10-19,sup5,cat12,Лимонад (2л.),5.35
2025-10-19,sup5,cat8,Крупа гречневая (700г.),2.07
2025-10-19,sup3,cat3,Сметана (380г.),3.71
2025-10-19,sup9,cat2,Томат,3.63
2025-10-19,sup1,cat11,Колбаса вареная (400г.),4.98
2025-10-19,sup3,cat3,Сыр голландский (200г.),5.02
2025-10-19,sup2,cat11,Колбаса вареная (400г.),4.98
2025-10-19,sup1,cat6,Колбаски,23.60
2025-10-19,sup9,cat2,Томат,6.09
2025-10-19,sup1,cat6,Фарш,47.85
2025-10-19,sup1,cat6,Голубцы,12.13
2025-10-19,sup5,cat9,Шоколад молочный (90г.),5.99
2025-10-19,sup1,cat11,Сосиски молочные,6.12
2025-10-19,sup5,cat8,Мука (1кг.),1.64
2025-10-19,sup4,cat7,Креветки,42.07
2025-10-19,sup5,cat12,Лимонад (2л.),5.35
2025-10-19,sup7,cat10,Хлеб светлый (400г.),1.20
2025-10-19,sup2,cat4,Яйцо куриное С1 (10шт.),3.81
2025-10-19,sup3,cat3,Сметана (180г.),1.94
2025-10-19,sup5,cat8,Кофе мол. (250г.),19.99
2025-10-19,sup4,cat7,Креветки,22.04
2025-10-19,sup8,cat2,Капуста,3.37
2025-10-19,sup8,cat2,Свекла,0.43
2025-10-19,sup3,cat3,Кефир (1л.),2.27
2025-10-19,sup3,cat3,Кефир (1л.),2.27
2025-10-19,sup5,cat8,Сахар (1кг.),2.92
2025-10-19,sup8,cat2,Огурец,6.65
2025-10-19,sup1,cat11,Колбаса вареная (400г.),4.98
2025-10-19,sup1,cat11,Сервелат (400г.),17.02
2025-10-19,sup2,cat5,Окорочка куриные,13.32
2025-10-19,sup5,cat8,Кофе раств. (95г.),14.99
2025-10-20,sup8,cat2,Огурец,4.85
2025-10-20,sup8,cat2,Лук репчатый,1.23
2025-10-20,sup12,cat12,Coca-Cola (1л.),3.07
2025-10-20,sup1,cat6,Голубцы,24.67
2025-10-20,sup5,cat12,Вода негаз. (0.5л.),0.99
2025-10-20,sup5,cat12,Чай холодный (0.5л.),3.59
2025-10-20,sup2,cat5,Окорочка куриные,11.01
2025-10-20,sup6,cat10,Булочка с маком (1шт.),7.45
2025-10-20,sup5,cat12,Лимонад (2л.),5.35
2025-10-20,sup8,cat2,Лук репчатый,0.96
2025-10-20,sup10,cat12,Сок яблочный (1л.),5.17
2025-10-20,sup2,cat4,Яйцо куриное С1 (10шт.),7.62
2025-10-20,sup6,cat10,Батон нарезной (240г.),1.22
2025-10-20,sup1,cat5,Свинина,36.93
2025-10-20,sup1,cat5,Свинина,28.33
2025-10-20,sup2,cat6,Колбаски,27.76
2025-10-20,sup3,cat3,Сыр российский,18.22
2025-10-20,sup9,cat2,Томат,23.49
2025-10-20,sup3,cat3,Молоко (1л.),5.20
2025-10-20,sup1,cat11,Сервелат (400г.),8.51
2025-10-20,sup1,cat5,Свинина,19.48
2025-10-20,sup3,cat3,Творог (200г.),2.44
2025-10-20,sup2,cat5,Филе куриное,11.62
2025-10-20,sup2,cat11,Колбаса вареная (400г.),4.98
2025-10-20,sup6,cat10,Булочка с маком (1шт.),2.98
2025-10-20,sup3,cat3,Сыр российский,3.35
2025-10-20,sup5,cat9,Зефир (230г.),8.79
2025-10-20,sup9,cat2,Огурец,3.79
2025-10-20,sup2,cat4,Яйцо перепелиное (20шт.),4.65
2025-10-20,sup3,cat3,Кефир (1л.),2.27
2025-10-20,sup3,cat3,Творог (200г.),4.88
2025-10-20,sup8,cat2,Огурец,8.19
2025-10-20,sup3,cat3,Сыр сливочный (200г.),5.41
2025-10-20,sup2,cat5,Филе куриное,19.29
2025-10-20,sup8,cat2,Свекла,0.94
2025-10-20,sup2,cat6,Печень куриная (550г.),5.50
2025-10-20,sup5,cat8,Рис (900г.),6.98
2025-10-20,sup3,cat3,Кефир (1л.),4.54
2025-10-20,sup1,cat11,Салями,21.60
2025-10-20,sup9,cat1,Банан,14.83
2025-10-20,sup9,cat1,Банан,10.05
2025-10-20,sup3,cat3,Молоко (1л.),2.60
2025-10-20,sup9,cat1,Хурма,2.99
2025-10-20,sup6,cat10,Батон нарезной (240г.),1.22
2025-10-20,sup2,cat11,Ветчина,14.81
2025-10-20,sup5,cat12,Чай холодный (0.5л.),3.59
2025-10-20,sup3,cat3,Сыр российский,15.84
2025-10-20,sup5,cat12,Вода негаз. (0.5л.),1.98
2025-10-20,sup2,cat5,Филе куриное,5.83
2025-10-21,sup8,cat2,Лук репчатый,1.94
2025-10-21,sup10,cat12,Сок яблочный (1л.),5.17
2025-10-21,sup6,cat10,Батон нарезной (240г.),1.22
2025-10-21,sup6,cat10,Батон нарезной (240г.),1.22
2025-10-21,sup3,cat3,Творог (200г.),2.44
2025-10-21,sup2,cat4,Яйцо куриное С1 (15шт.),6.44
2025-10-21,sup3,cat3,Творог (200г.),4.88
2025-10-21,sup9,cat1,Хурма,8.76
2025-10-21,sup2,cat11,Сосиски молочные,4.55
2025-10-21,sup1,cat5,Свинина,39.95
2025-10-21,sup5,cat8,Макароны (900г.),1.49
2025-10-21,sup12,cat12,Coca-Cola (1л.),3.07
2025-10-21,sup3,cat3,Молоко (1л.),5.20
2025-10-21,sup6,cat10,Хлеб ржаной (450г.),1.50
2025-10-21,sup3,cat3,Сметана (380г.),3.71
2025-10-21,sup2,cat4,Яйцо куриное С1 (15шт.),6.44
2025-10-21,sup2,cat5,Филе куриное,10.48
2025-10-21,sup3,cat3,Творог (200г.),2.44
2025-10-21,sup1,cat11,Сервелат (400г.),8.51
2025-10-21,sup2,cat4,Яйцо перепелиное (20шт.),4.65
2025-10-21,sup2,cat4,Яйцо куриное С1 (10шт.),3.81
2025-10-21,sup1,cat11,Колбаса вареная (400г.),4.98
2025-10-21,sup7,cat10,Батон нарезной (240г.),2.44
2025-10-21,sup8,cat2,Томат,15.78
2025-10-21,sup5,cat12,Квас светлый (1л.),2.65
2025-10-21,sup10,cat2,Картофель,2.48
2025-10-21,sup6,cat10,Батон нарезной (240г.),1.22
2025-10-21,sup4,cat7,Хек,12.35
2025-10-21,sup5,cat8,Кофе раств. (95г.),14.99
2025-10-21,sup12,cat12,Вода негаз. (0.5л.),0.99
2025-10-21,sup9,cat1,Груша,9.46
2025-10-21,sup10,cat2,Лук репчатый,0.20
2025-10-21,sup2,cat4,Яйцо куриное С1 (15шт.),6.44
2025-10-21,sup6,cat10,Булочка с маком (1шт.),1.49
2025-10-21,sup2,cat11,Сосиски молочные,5.93
2025-10-21,sup1,cat5,Говядина,39.60
2025-10-21,sup1,cat11,Салями,21.27
2025-10-21,sup6,cat10,Батон нарезной (240г.),2.44
2025-10-21,sup6,cat10,Батон нарезной (240г.),1.22
2025-10-21,sup3,cat3,Молоко (1л.),2.60
2025-10-21,sup3,cat3,Молоко (1л.),2.60
2025-10-21,sup1,cat6,Фарш,41.37
2025-10-21,sup2,cat4,Яйцо куриное Д1 (10шт.),4.98
2025-10-21,sup10,cat1,Яблоко,17.95
2025-10-21,sup9,cat2,Огурец,1.78
2025-10-21,sup3,cat3,Кефир (1л.),2.27
2025-10-21,sup8,cat1,Груша,8.54
2025-10-21,sup1,cat6,Голубцы,33.72
2025-10-21,sup8,cat2,Лук репчатый,0.79
2025-10-21,sup2,cat5,Филе куриное,14.10
2025-10-21,sup5,cat12,Вода негаз. (0.5л.),1.98
2025-10-21,sup3,cat3,Творог (200г.),2.44
2025-10-22,sup3,cat3,Сметана (180г.),1.94
2025-10-22,sup5,cat8,Спагетти (400г.),1.76
2025-10-22,sup3,cat3,Сметана (180г.),1.94
2025-10-22,sup4,cat7,Скумбрия,4.49
2025-10-22,sup4,cat7,Паста рыбная (150г.),2.95
2025-10-22,sup10,cat2,Лук репчатый,1.30
2025-10-22,sup2,cat5,Окорочка куриные,4.97
2025-10-22,sup9,cat1,Хурма,8.32
2025-10-22,sup1,cat11,Сосиски молочные,6.87
2025-10-22,sup8,cat2,Томат,16.23
2025-10-22,sup1,cat11,Сервелат (400г.),8.51
2025-10-22,sup6,cat10,Батон нарезной (240г.),1.22
2025-10-22,sup12,cat12,Coca-Cola (1л.),3.07
2025-10-22,sup3,cat3,Кефир (1л.),2.27
2025-10-22,sup3,cat3,Творог (200г.),4.88
2025-10-22,sup3,cat3,Молоко (1л.),2.60
2025-10-22,sup3,cat3,Кефир (1л.),4.54
2025-10-22,sup10,cat2,Лук репчатый,1.75
2025-10-22,sup5,cat8,Мука (1кг.),1.64
2025-10-22,sup1,cat11,Сервелат (400г.),8.51
2025-10-22,sup12,cat12,Coca-Cola (1л.),3.07
2025-10-22,sup1,cat11,Сервелат (400г.),8.51
2025-10-22,sup1,cat6,Котлеты,20.62
2025-10-22,sup8,cat2,Лук репчатый,1.19
2025-10-22,sup5,cat8,Спагетти (400г.),1.76
2025-10-22,sup12,cat12,Вода негаз. (0.5л.),0.99
2025-10-22,sup5,cat8,Мука (1кг.),1.64
2025-10-22,sup3,cat3,Молоко (1.5л.),3.86
2025-10-22,sup6,cat10,Булочка с маком (1шт.),1.49
2025-10-22,sup5,cat8,Масло подсолнечное (0.8л.),6.06
2025-10-22,sup7,cat10,Хлеб ржаной (450г.),1.50
2025-10-22,sup1,cat6,Голубцы,16.20
2025-10-22,sup4,cat7,Минтай,0.72
2025-10-22,sup6,cat10,Хлеб ржаной (450г.),1.50
2025-10-22,sup9,cat1,Банан,9.04
2025-10-22,sup1,cat5,Говядина,14.67
2025-10-22,sup8,cat2,Картофель,0.89
2025-10-22,sup5,cat8,Крупа перловая (1кг.),1.44
2025-10-22,sup2,cat4,Яйцо куриное С1 (10шт.),3.81
2025-10-22,sup6,cat10,Лаваш (300г.),2.89
2025-10-22,sup1,cat6,Голубцы,23.68
2025-10-22,sup9,cat2,Огурец,5.93
2025-10-22,sup9,cat2,Томат,22.38
2025-10-22,sup2,cat11,Колбаса вареная (400г.),4.98
2025-10-22,sup6,cat10,Батон нарезной (240г.),1.22
2025-10-22,sup5,cat9,Мармелад,4.76
2025-10-22,sup2,cat5,Филе куриное,14.51
2025-10-22,sup6,cat10,Батон нарезной (240г.),1.22
2025-10-23,sup2,cat6,Колбаски,34.44
2025-10-23,sup6,cat10,Лаваш (300г.),2.89
2025-10-23,sup5,cat8,Пшено (900г.),2.35
2025-10-23,sup3,cat3,Молоко (1.5л.),3.86
2025-10-23,sup8,cat2,Огурец,3.73
2025-10-23,sup3,cat3,Молоко (1л.),2.60
2025-10-23,sup10,cat1,Груша,7.83
2025-10-23,sup10,cat12,Сок яблочный (1л.),5.17
2025-10-23,sup9,cat1,Апельсин,10.26
2025-10-23,sup6,cat10,Булочка с маком (1шт.),1.49
2025-10-23,sup10,cat2,Картофель,5.81
2025-10-23,sup1,cat11,Сосиски молочные,6.01
2025-10-23,sup10,cat2,Морковь,0.97
2025-10-23,sup6,cat10,Лаваш (300г.),2.89
2025-10-23,sup5,cat8,Кофе мол. (250г.),19.99
2025-10-23,sup1,cat6,Фарш,29.20
2025-10-23,sup5,cat8,Масло подсолнечное (0.8л.),2.02
2025-10-23,sup3,cat3,Кефир (1л.),2.27
2025-10-23,sup1,cat5,Говядина,30.69
2025-10-23,sup5,cat8,Мука (1кг.),1.64
2025-10-23,sup6,cat10,Батон нарезной (240г.),1.22
2025-10-23,sup5,cat12,Лимонад (2л.),5.35
2025-10-23,sup12,cat12,Вода негаз. (0.5л.),1.98
2025-10-23,sup2,cat4,Яйцо куриное Д1 (10шт.),4.98
2025-10-23,sup4,cat7,Минтай,1.48
2025-10-23,sup7,cat10,Батон нарезной (240г.),1.22
2025-10-23,sup2,cat5,Окорочка куриные,8.39
2025-10-23,sup2,cat6,Голубцы,16.17
2025-10-23,sup10,cat2,Свекла,0.39
2025-10-23,sup5,cat8,Мука (2кг.),2.60
2025-10-23,sup2,cat5,Окорочка куриные,8.56
2025-10-23,sup10,cat2,Лук репчатый,0.86
2025-10-23,sup4,cat7,Форель (200г.),36.50
2025-10-23,sup4,cat7,Паста рыбная (150г.),2.95
2025-10-23,sup9,cat2,Томат,1.92
2025-10-23,sup5,cat12,Квас светлый (1л.),2.65
2025-10-23,sup3,cat3,Кефир (1л.),2.27
2025-10-23,sup5,cat8,Сахар (1кг.),0.73
2025-10-23,sup5,cat9,Печенье овсяное (400г.),4.33
2025-10-23,sup5,cat8,Кофе мол. (250г.),19.99
2025-10-23,sup6,cat10,Хлеб светлый (400г.),1.20
2025-10-23,sup5,cat8,Крупа гречневая (700г.),2.07
2025-10-23,sup1,cat5,Свинина,14.57
2025-10-23,sup5,cat8,Кофе мол. (250г.),19.99
2025-10-23,sup8,cat2,Томат,22.89
2025-10-23,sup4,cat7,Скумбрия,15.15
2025-10-23,sup7,cat10,Хлеб светлый (400г.),1.20
2025-10-23,sup5,cat8,Масло подсолнечное (0.8л.),4.04
2025-10-23,sup6,cat10,Хлеб светлый (400г.),1.20
2025-10-23,sup8,cat2,Капуста,4.76
2025-10-23,sup8,cat2,Лук репчатый,0.84
2025-10-23,sup5,cat8,Соль (1кг.),0.73
2025-10-23,sup2,cat6,Колбаски,28.12
2025-10-24,sup10,cat2,Свекла,0.73
2025-10-24,sup9,cat2,Огурец,2.25
2025-10-24,sup8,cat2,Огурец,0.99
2025-10-24,sup2,cat5,Окорочка куриные,8.98
2025-10-24,sup1,cat11,Колбаса вареная (400г.),4.98
2025-10-24,sup5,cat8,Крупа гречневая (700г.),4.14
2025-10-24,sup1,cat11,Сосиски молочные,4.40
2025-10-24,sup7,cat10,Хлеб светлый (400г.),1.20
2025-10-24,sup3,cat3,Сметана (180г.),3.88
2025-10-24,sup5,cat8,Масло распсовое (0.8л.),4.99
2025-10-24,sup5,cat8,Крупа перловая (1кг.),1.44
2025-10-24,sup5,cat9,Печенье овсяное (400г.),8.66
2025-10-24,sup9,cat1,Банан,4.25
2025-10-24,sup2,cat4,Яйцо перепелиное (10шт.),2.95
2025-10-24,sup2,cat4,Яйцо куриное Д1 (10шт.),4.98
2025-10-24,sup8,cat1,Яблоко,17.05
2025-10-24,sup3,cat3,Масло сливочное (180г.),9.18
2025-10-24,sup2,cat5,Окорочка куриные,10.34
2025-10-24,sup2,cat5,Филе куриное,7.78
2025-10-24,sup1,cat5,Говядина,22.61
2025-10-24,sup3,cat3,Кефир (1л.),2.27
2025-10-24,sup6,cat10,Батон нарезной (240г.),1.22
2025-10-24,sup8,cat2,Картофель,5.08
2025-10-24,sup8,cat2,Капуста,4.07
2025-10-24,sup10,cat2,Лук репчатый,0.92
2025-10-24,sup7,cat10,Батон нарезной (240г.),1.22
2025-10-24,sup5,cat12,Вода негаз. (0.5л.),1.98
2025-10-24,sup8,cat2,Лук репчатый,1.70
2025-10-24,sup3,cat3,Творог (200г.),4.88
2025-10-24,sup3,cat3,Сметана (380г.),3.71
2025-10-24,sup2,cat11,Ветчина,7.44
2025-10-24,sup9,cat1,Банан,12.62
2025-10-24,sup6,cat10,Хлеб светлый (400г.),1.20
2025-10-24,sup8,cat2,Огурец,6.37
2025-10-24,sup3,cat3,Молоко (1л.),2.60
2025-10-24,sup5,cat8,Кофе мол. (250г.),19.99
2025-10-24,sup1,cat5,Свинина,34.19
2025-10-24,sup9,cat1,Хурма,10.18
2025-10-24,sup3,cat3,Сыр сливочный (200г.),5.41
2025-10-24,sup2,cat5,Окорочка куриные,11.66
2025-10-24,sup3,cat3,Кефир (1л.),2.27
2025-10-24,sup12,cat12,Coca-Cola (1л.),3.07
2025-10-24,sup6,cat10,Булочка с маком (1шт.),1.49
2025-10-24,sup3,cat3,Молоко (1л.),2.60
2025-10-24,sup1,cat5,Говядина,29.19
2025-10-24,sup5,cat9,Зефир (230г.),8.79
2025-10-24,sup3,cat3,Кефир (1л.),2.27
2025-10-24,sup1,cat5,Говядина,36.12
2025-10-24,sup8,cat2,Капуста,3.66
2025-10-24,sup3,cat3,Масло сливочное (180г.),4.59
2025-10-24,sup1,cat11,Колбаски охотничьи (500г.),9.20
2025-10-24,sup5,cat12,Вода негаз. (0.5л.),1.98
2025-10-24,sup9,cat1,Хурма,8.87
2025-10-24,sup12,cat12,Coca-Cola (1л.),3.07
2025-10-24,sup10,cat2,Лук репчатый,1.47
2025-10-24,sup5,cat8,Мука (1кг.),1.64
2025-10-24,sup5,cat9,Карамель,4.80
2025-10-24,sup10,cat2,Картофель,4.80
2025-10-24,sup2,cat4,Яйцо куриное С1 (10шт.),3.81
2025-10-24,sup2,cat6,Голубцы,12.42
2025-10-24,sup1,cat5,Свинина,39.34
2025-10-24,sup9,cat1,Апельсин,5.16
2025-10-24,sup2,cat4,Яйцо куриное С1 (10шт.),3.81
2025-10-24,sup10,cat2,Лук репчатый,1.83
2025-10-24,sup3,cat3,Сыр голландский (200г.),5.02
2025-10-24,sup3,cat3,Молоко (1л.),2.60
2025-10-25,sup2,cat6,Желудки куриные (550г.),4.98
2025-10-25,sup9,cat1,Хурма,4.83
2025-10-25,sup7,cat10,Батон нарезной (240г.),1.22
2025-10-25,sup8,cat2,Лук репчатый,1.52
2025-10-25,sup6,cat10,Батон нарезной (240г.),2.44
2025-10-25,sup6,cat10,Хлеб светлый (400г.),1.20
2025-10-25,sup3,cat3,Кефир (1л.),4.54
2025-10-25,sup5,cat9,Зефир (230г.),8.79
2025-10-25,sup2,cat4,Яйцо перепелиное (20шт.),4.65
2025-10-25,sup5,cat9,Зефир (230г.),8.79
2025-10-25,sup3,cat3,Кефир (1л.),4.54
2025-10-25,sup2,cat6,Голубцы,22.68
2025-10-25,sup1,cat5,Говядина,17.84
2025-10-25,sup3,cat3,Молоко (1л.),5.20
2025-10-25,sup7,cat10,Батон нарезной (240г.),2.44
2025-10-25,sup1,cat11,Колбаски охотничьи (500г.),9.20
2025-10-25,sup8,cat2,Томат,16.32
2025-10-25,sup5,cat8,Макароны (900г.),1.49
2025-10-25,sup5,cat12,Вода негаз. (0.5л.),0.99
2025-10-25,sup5,cat8,Рис (900г.),3.49
2025-10-25,sup6,cat10,Лаваш (300г.),2.89
2025-10-25,sup10,cat2,Свекла,1.31
2025-10-25,sup5,cat9,Конфеты шоколадные,18.71
2025-10-25,sup3,cat3,Масло сливочное (180г.),4.59
2025-10-25,sup5,cat8,Кофе раств. (95г.),29.98
2025-10-25,sup5,cat8,Кофе мол. (250г.),39.98
2025-10-25,sup9,cat2,Томат,21.89
2025-10-25,sup8,cat2,Огурец,1.49
2025-10-25,sup10,cat2,Лук репчатый,1.72
2025-10-25,sup5,cat8,Кофе мол. (250г.),19.99
2025-10-25,sup2,cat4,Яйцо куриное С1 (10шт.),3.81
2025-10-25,sup4,cat7,Паста рыбная (150г.),2.95
2025-10-25,sup3,cat3,Масло сливочное (180г.),4.59
2025-10-25,sup9,cat1,Апельсин,5.62
2025-10-25,sup6,cat10,Хлеб светлый (400г.),1.20
2025-10-25,sup3,cat3,Кефир (1л.),2.27
2025-10-25,sup5,cat8,Мука (1кг.),1.64
2025-10-25,sup5,cat12,Сок апельсиновый (1л.),7.20
2025-10-25,sup3,cat3,Молоко (1л.),2.60
2025-10-25,sup5,cat12,Вода мин. газ. (1л.),3.18
2025-10-25,sup2,cat4,Яйцо куриное С1 (15шт.),6.44
2025-10-25,sup5,cat8,Спагетти (400г.),1.76
2025-10-25,sup3,cat3,Молоко (1л.),2.60
2025-10-25,sup3,cat3,Масло сливочное (180г.),4.59
2025-10-25,sup8,cat2,Томат,11.26
2025-10-25,sup5,cat8,Сахар (1кг.),1.46
2025-10-25,sup6,cat10,Сушки (500г.),3.99
2025-10-25,sup1,cat6,Колбаски,30.20
2025-10-25,sup7,cat10,Хлеб ржаной (450г.),1.50
2025-10-25,sup2,cat4,Яйцо куриное С1 (15шт.),6.44
2025-10-25,sup5,cat8,Крупа перловая (1кг.),1.44
2025-10-25,sup3,cat3,Масло сливочное (180г.),4.59
2025-10-25,sup3,cat3,Творог (200г.),2.44
2025-10-25,sup2,cat4,Яйцо куриное С1 (10шт.),7.62
2025-10-25,sup3,cat3,Сыр российский,11.71
2025-10-25,sup1,cat6,Голубцы,33.90
2025-10-25,sup2,cat11,Сосиски молочные,4.51
2025-10-25,sup6,cat10,Батон нарезной (240г.),1.22
2025-10-25,sup3,cat3,Масло сливочное (180г.),4.59
2025-10-25,sup5,cat8,Мука (1кг.),1.64
2025-10-25,sup5,cat12,Сок апельсиновый (1л.),7.20
2025-10-25,sup2,cat6,Желудки куриные (550г.),4.98
2025-10-25,sup12,cat12,Coca-Cola (1л.),6.14
2025-10-25,sup8,cat1,Груша,2.18
2025-10-25,sup3,cat3,Молоко (1л.),2.60
2025-10-25,sup5,cat8,Сахар (1кг.),0.73
2025-10-25,sup3,cat3,Кефир (1л.),4.54
2025-10-25,sup8,cat2,Огурец,5.90
2025-10-25,sup10,cat1,Груша,18.93
2025-10-26,sup5,cat8,Мука (1кг.),1.64
2025-10-26,sup5,cat9,Конфеты шоколадные,11.41
2025-10-26,sup6,cat10,Батон нарезной (240г.),1.22
2025-10-26,sup5,cat8,Сахар (1кг.),2.19
2025-10-26,sup6,cat10,Батон нарезной (240г.),2.44
2025-10-26,sup5,cat12,Вода негаз. (0.5л.),1.98
2025-10-26,sup5,cat8,Масло подсолнечное (0.8л.),2.02
2025-10-26,sup5,cat9,Карамель,1.75
2025-10-26,sup3,cat3,Молоко (1л.),2.60
2025-10-26,sup1,cat11,Сосиски молочные,5.13
2025-10-26,sup7,cat10,Хлеб светлый (400г.),1.20
2025-10-26,sup4,cat7,Креветки,20.26
2025-10-26,sup4,cat7,Хек,6.29
2025-10-26,sup10,cat1,Груша,3.22
2025-10-26,sup10,cat2,Картофель,3.59
2025-10-26,sup1,cat6,Фарш,17.93
2025-10-26,sup3,cat3,Молоко (1л.),2.60
2025-10-26,sup5,cat8,Пшено (900г.),2.35
2025-10-26,sup12,cat12,Coca-Cola (1л.),3.07
2025-10-26,sup5,cat8,Макароны (900г.),2.98
2025-10-26,sup2,cat5,Филе куриное,3.32
2025-10-26,sup4,cat7,Форель (200г.),36.50
2025-10-26,sup10,cat2,Лук репчатый,0.37
2025-10-26,sup12,cat12,Вода негаз. (0.5л.),0.99
2025-10-26,sup2,cat6,Колбаски,32.54
2025-10-26,sup3,cat3,Кефир (1л.),2.27
2025-10-26,sup3,cat3,Сыр сливочный (200г.),5.41
2025-10-26,sup3,cat3,Сметана (380г.),3.71
2025-10-26,sup4,cat7,Хек,7.69
2025-10-26,sup5,cat8,Мука (1кг.),1.64
2025-10-26,sup3,cat3,Молоко (1л.),2.60
2025-10-26,sup3,cat3,Молоко (1л.),2.60
2025-10-26,sup6,cat10,Хлеб светлый (400г.),1.20
2025-10-26,sup9,cat1,Яблоко,12.59
2025-10-26,sup5,cat9,Печенье овсяное (400г.),4.33
2025-10-26,sup2,cat4,Яйцо куриное Д1 (10шт.),4.98
2025-10-26,sup2,cat4,Яйцо перепелиное (10шт.),2.95
2025-10-26,sup3,cat3,Кефир (1л.),2.27
2025-10-26,sup1,cat11,Колбаса вареная (400г.),4.98
2025-10-26,sup5,cat12,Лимонад (2л.),5.35
2025-10-26,sup5,cat9,Печенье овсяное (400г.),8.66
2025-10-26,sup3,cat3,Кефир (1л.),2.27
2025-10-26,sup5,cat9,Вафли (143г.),5.52
2025-10-26,sup2,cat4,Яйцо куриное С1 (10шт.),3.81
2025-10-26,sup2,cat4,Яйцо перепелиное (10шт.),2.95
2025-10-26,sup5,cat12,Сок яблочный (1л.),10.34
2025-10-26,sup2,cat5,Окорочка куриные,3.98
2025-10-26,sup6,cat10,Батон нарезной (240г.),1.22
2025-10-26,sup2,cat5,Окорочка куриные,4.77
2025-10-26,sup5,cat8,Кофе раств. (95г.),14.99
2025-10-26,sup3,cat3,Молоко (1л.),2.60
2025-10-26,sup7,cat10,Батон нарезной (240г.),2.44
2025-10-26,sup12,cat12,Вода негаз. (0.5л.),1.98
2025-10-26,sup3,cat3,Сметана (380г.),3.71
2025-10-26,sup5,cat12,Вода негаз. (0.5л.),1.98
2025-10-27,sup1,cat5,Говядина,36.01
2025-10-27,sup2,cat5,Окорочка куриные,4.20
2025-10-27,sup5,cat12,Сок яблочный (1л.),5.17
2025-10-27,sup3,cat3,Молоко (1.5л.),7.72
2025-10-27,sup7,cat10,Хлеб ржаной (450г.),1.50
2025-10-27,sup1,cat5,Свинина,35.48
2025-10-27,sup5,cat12,Квас светлый (1л.),2.65
2025-10-27,sup5,cat8,Спагетти (400г.),1.76
2025-10-27,sup6,cat10,Батон нарезной (240г.),1.22
2025-10-27,sup6,cat10,Батон нарезной (240г.),1.22
2025-10-27,sup3,cat3,Молоко (1л.),2.60
2025-10-27,sup3,cat3,Молоко (1л.),2.60
2025-10-27,sup5,cat9,Шоколад молочный (90г.),11.98
2025-10-27,sup9,cat1,Апельсин,13.50
2025-10-27,sup3,cat3,Молоко (1л.),2.60
2025-10-27,sup2,cat4,Яйцо куриное Д1 (10шт.),4.98
2025-10-27,sup2,cat4,Яйцо куриное С1 (10шт.),7.62
2025-10-27,sup5,cat9,Конфеты шоколадные,26.16
2025-10-27,sup6,cat10,Булочка с маком (1шт.),2.98
2025-10-27,sup2,cat5,Окорочка куриные,3.40
2025-10-27,sup5,cat8,Макароны (900г.),1.49
2025-10-27,sup7,cat10,Хлеб ржаной (450г.),1.50
2025-10-27,sup3,cat3,Сметана (380г.),3.71
2025-10-27,sup1,cat11,Сосиски молочные,5.62
2025-10-27,sup3,cat3,Кефир (1л.),4.54
2025-10-27,sup5,cat8,Крупа гречневая (700г.),2.07
2025-10-27,sup1,cat11,Колбаса вареная (400г.),4.98
2025-10-27,sup5,cat12,Лимонад (2л.),5.35
2025-10-27,sup2,cat4,Яйцо куриное С1 (10шт.),3.81
2025-10-27,sup3,cat3,Творог (200г.),2.44
2025-10-27,sup3,cat3,Молоко (1л.),5.20
2025-10-27,sup2,cat5,Окорочка куриные,5.98
2025-10-27,sup5,cat8,Крупа гречневая (700г.),2.07
2025-10-27,sup8,cat2,Картофель,5.18
2025-10-27,sup2,cat5,Окорочка куриные,7.71
2025-10-27,sup5,cat8,Крупа гречневая (700г.),4.14
2025-10-27,sup2,cat4,Яйцо куриное С1 (10шт.),7.62
2025-10-27,sup5,cat8,Сахар (1кг.),1.46
2025-10-27,sup9,cat2,Томат,6.58
2025-10-27,sup5,cat9,Зефир (230г.),8.79
2025-10-27,sup1,cat5,Говядина,31.41
2025-10-27,sup3,cat3,Творог (200г.),2.44
2025-10-27,sup8,cat2,Лук репчатый,1.13
2025-10-27,sup2,cat5,Окорочка куриные,6.75
2025-10-27,sup3,cat3,Кефир (1л.),2.27
2025-10-27,sup5,cat8,Спагетти (400г.),1.76
2025-10-27,sup1,cat11,Сервелат (400г.),8.51
2025-10-27,sup3,cat3,Сметана (380г.),3.71
2025-10-28,sup5,cat8,Масло подсолнечное (0.8л.),4.04
2025-10-28,sup9,cat2,Томат,22.92
2025-10-28,sup2,cat4,Яйцо куриное Д1 (10шт.),4.98
2025-10-28,sup4,cat7,Сельдь (250г.),5.99
2025-10-28,sup3,cat3,Молоко (1л.),2.60
2025-10-28,sup5,cat9,Печенье овсяное (400г.),4.33
2025-10-28,sup2,cat4,Яйцо куриное С1 (10шт.),3.81
2025-10-28,sup5,cat8,Крупа манная (1кг.),2.02
2025-10-28,sup4,cat7,Сельдь (250г.),5.99
2025-10-28,sup3,cat3,Молоко (1л.),2.60
2025-10-28,sup9,cat2,Огурец,6.34
2025-10-28,sup7,cat10,Хлеб светлый (400г.),1.20
2025-10-28,sup9,cat2,Огурец,2.60
2025-10-28,sup5,cat12,Лимонад (2л.),5.35
2025-10-28,sup3,cat3,Сыр голландский (200г.),5.02
2025-10-28,sup9,cat1,Апельсин,9.45
2025-10-28,sup5,cat9,Конфеты шоколадные,24.43
2025-10-28,sup2,cat5,Окорочка куриные,3.59
2025-10-28,sup6,cat10,Хлеб светлый (400г.),1.20
2025-10-28,sup10,cat2,Картофель,5.03
2025-10-28,sup5,cat8,Крупа гречневая (700г.),2.07
2025-10-28,sup6,cat10,Батон нарезной (240г.),1.22
2025-10-28,sup2,cat5,Филе куриное,20.85
2025-10-28,sup8,cat2,Томат,23.55
2025-10-28,sup8,cat2,Картофель,3.19
2025-10-28,sup5,cat8,Рис (900г.),3.49
2025-10-28,sup3,cat3,Молоко (1л.),2.60
2025-10-28,sup6,cat10,Багет (200г.),2.49
2025-10-28,sup5,cat12,Вода негаз. (0.5л.),1.98
2025-10-28,sup5,cat8,Рис (900г.),6.98
2025-10-28,sup10,cat2,Картофель,1.22
2025-10-28,sup6,cat10,Батон нарезной (240г.),1.22
2025-10-28,sup6,cat10,Хлеб светлый (400г.),1.20
2025-10-28,sup6,cat10,Батон нарезной (240г.),1.22
2025-10-28,sup1,cat6,Фарш,23.28
2025-10-28,sup5,cat8,Соль (1кг.),0.73
2025-10-28,sup3,cat3,Молоко (1л.),2.60
2025-10-28,sup1,cat11,Колбаски охотничьи (500г.),9.20
2025-10-28,sup5,cat9,Шоколад молочный (90г.),5.99
2025-10-28,sup3,cat3,Кефир (1л.),2.27
2025-10-28,sup10,cat2,Лук репчатый,0.82
2025-10-28,sup6,cat10,Лаваш (300г.),2.89
2025-10-28,sup3,cat3,Кефир (1л.),2.27
2025-10-28,sup6,cat10,Хлеб светлый (400г.),1.20
2025-10-28,sup5,cat12,Сок апельсиновый (1л.),7.20
2025-10-28,sup3,cat3,Молоко (1л.),2.60
2025-10-28,sup1,cat11,Бекон (220г),19.98
2025-10-28,sup2,cat5,Филе куриное,13.03
2025-10-28,sup5,cat8,Мука (2кг.),2.60
2025-10-28,sup4,cat7,Паста рыбная (150г.),2.95
2025-10-28,sup8,cat2,Огурец,7.82
2025-10-28,sup9,cat1,Груша,2.93
2025-10-28,sup5,cat9,Конфеты шоколадные,20.36
2025-10-29,sup3,cat3,Кефир (1л.),2.27
2025-10-29,sup4,cat7,Хек,17.04
2025-10-29,sup1,cat11,Салями,20.91
2025-10-29,sup2,cat4,Яйцо перепелиное (20шт.),4.65
2025-10-29,sup1,cat11,Колбаса вареная (400г.),4.98
2025-10-29,sup6,cat10,Хлеб светлый (400г.),1.20
2025-10-29,sup9,cat1,Хурма,15.65
2025-10-29,sup2,cat4,Яйцо куриное С1 (15шт.),6.44
2025-10-29,sup7,cat10,Багет (200г.),2.49
2025-10-29,sup5,cat8,Рис (900г.),6.98
2025-10-29,sup4,cat7,Минтай,1.55
2025-10-29,sup5,cat9,Конфеты шоколадные,16.65
2025-10-29,sup9,cat1,Хурма,7.84
2025-10-29,sup2,cat4,Яйцо куриное С1 (15шт.),6.44
2025-10-29,sup1,cat11,Колбаса вареная (400г.),4.98
2025-10-29,sup5,cat12,Вода негаз. (0.5л.),0.99
2025-10-29,sup6,cat10,Булочка с маком (1шт.),1.49
2025-10-29,sup2,cat5,Окорочка куриные,10.75
2025-10-29,sup1,cat6,Фарш,24.88
2025-10-29,sup10,cat2,Картофель,2.73
2025-10-29,sup8,cat2,Огурец,7.34
2025-10-29,sup5,cat8,Кофе раств. (95г.),14.99
2025-10-29,sup1,cat11,Салями,20.46
2025-10-29,sup7,cat10,Батон нарезной (240г.),1.22
2025-10-29,sup3,cat3,Сметана (180г.),3.88
2025-10-29,sup4,cat7,Сельдь (250г.),5.99
2025-10-29,sup8,cat2,Томат,6.29
2025-10-29,sup10,cat2,Лук репчатый,1.99
2025-10-29,sup2,cat5,Окорочка куриные,9.85
2025-10-29,sup8,cat2,Лук репчатый,0.55
2025-10-29,sup9,cat2,Огурец,4.18
2025-10-29,sup1,cat11,Сервелат (400г.),8.51
2025-10-29,sup1,cat6,Котлеты,18.85
2025-10-29,sup6,cat10,Батон нарезной (240г.),1.22
2025-10-29,sup3,cat3,Кефир (1л.),2.27
2025-10-29,sup7,cat10,Батон нарезной (240г.),2.44
2025-10-29,sup5,cat12,Сок апельсиновый (1л.),7.20
2025-10-29,sup1,cat5,Свинина,15.16
2025-10-29,sup10,cat2,Лук репчатый,1.17
2025-10-29,sup2,cat11,Колбаса вареная (400г.),4.98
2025-10-29,sup5,cat8,Мука (2кг.),2.60
2025-10-29,sup8,cat2,Огурец,6.85
2025-10-29,sup9,cat1,Апельсин,10.02
2025-10-29,sup1,cat11,Сосиски молочные,4.71
2025-10-29,sup4,cat7,Паста рыбная (150г.),2.95
2025-10-29,sup8,cat2,Томат,14.18
2025-10-29,sup6,cat10,Батон нарезной (240г.),2.44
2025-10-29,sup3,cat3,Молоко (1л.),5.20
2025-10-30,sup4,cat7,Форель (200г.),18.25
2025-10-30,sup9,cat1,Апельсин,23.75
2025-10-30,sup5,cat8,Пшено (900г.),2.35
2025-10-30,sup2,cat6,Печень куриная (550г.),5.50
2025-10-30,sup6,cat10,Батон нарезной (240г.),1.22
2025-10-30,sup9,cat2,Огурец,1.81
2025-10-30,sup3,cat3,Кефир (1л.),2.27
2025-10-30,sup5,cat8,Макароны (900г.),2.98
2025-10-30,sup5,cat8,Кофе мол. (250г.),19.99
2025-10-30,sup1,cat6,Фарш,12.29
2025-10-30,sup5,cat8,Сахар (1кг.),0.73
2025-10-30,sup10,cat2,Картофель,6.01
2025-10-30,sup3,cat3,Сметана (380г.),3.71
2025-10-30,sup3,cat3,Кефир (1л.),2.27
2025-10-30,sup12,cat12,Вода негаз. (0.5л.),0.99
2025-10-30,sup2,cat4,Яйцо куриное С1 (15шт.),6.44
2025-10-30,sup3,cat3,Творог (200г.),2.44
2025-10-30,sup2,cat5,Окорочка куриные,5.24
2025-10-30,sup1,cat11,Ветчина,17.48
2025-10-30,sup3,cat3,Молоко (1.5л.),3.86
2025-10-30,sup5,cat9,Печенье овсяное (400г.),4.33
2025-10-30,sup2,cat5,Окорочка куриные,3.08
2025-10-30,sup7,cat10,Батон нарезной (240г.),2.44
2025-10-30,sup6,cat10,Плетенка (450г.),4.04
2025-10-30,sup2,cat4,Яйцо куриное С1 (15шт.),6.44
2025-10-30,sup6,cat10,Багет (200г.),2.49
2025-10-30,sup3,cat3,Молоко (1л.),2.60
2025-10-30,sup2,cat4,Яйцо куриное Д1 (10шт.),4.98
2025-10-30,sup3,cat3,Сметана (180г.),3.88
2025-10-30,sup3,cat3,Молоко (1.5л.),7.72
2025-10-30,sup1,cat6,Фарш,14.77
2025-10-30,sup12,cat12,Coca-Cola (1л.),3.07
2025-10-30,sup5,cat9,Конфеты шоколадные,30.73
2025-10-30,sup6,cat10,Батон нарезной (240г.),1.22
2025-10-30,sup8,cat2,Картофель,3.79
2025-10-30,sup2,cat11,Сосиски молочные,10.14
2025-10-30,sup5,cat8,Масло подсолнечное (0.8л.),4.04
2025-10-30,sup3,cat3,Молоко (1.5л.),3.86
2025-10-30,sup5,cat12,Лимонад (2л.),10.70
2025-10-30,sup5,cat12,Сок апельсиновый (1л.),7.20
2025-10-30,sup5,cat9,Зефир (230г.),17.58
2025-10-30,sup5,cat8,Макароны (900г.),1.49
2025-10-30,sup1,cat6,Фарш,14.62
2025-10-30,sup1,cat5,Говядина,25.64
2025-10-30,sup10,cat2,Картофель,4.82
2025-10-30,sup2,cat11,Сосиски молочные,6.26
2025-10-30,sup7,cat10,Хлеб светлый (400г.),1.20
2025-10-30,sup1,cat11,Колбаса вареная (400г.),4.98
2025-10-30,sup8,cat2,Капуста,4.51
2025-10-30,sup9,cat2,Томат,6.13
2025-10-31,sup10,cat2,Лук репчатый,1.02
2025-10-31,sup3,cat3,Кефир (1л.),2.27
2025-10-31,sup5,cat9,Карамель,4.29
2025-10-31,sup5,cat8,Макароны (900г.),1.49
2025-10-31,sup7,cat10,Хлеб светлый (400г.),1.20
2025-10-31,sup10,cat2,Морковь,2.38
2025-10-31,sup3,cat3,Молоко (1л.),2.60
2025-10-31,sup4,cat7,Креветки,43.01
2025-10-31,sup5,cat8,Крупа гречневая (700г.),4.14
2025-10-31,sup5,cat8,Мука (1кг.),1.64
2025-10-31,sup8,cat2,Капуста,4.47
2025-10-31,sup3,cat3,Кефир (1л.),2.27
2025-10-31,sup6,cat10,Хлеб ржаной (450г.),1.50
2025-10-31,sup6,cat10,Хлеб светлый (400г.),1.20
2025-10-31,sup3,cat3,Сметана (180г.),3.88
2025-10-31,sup3,cat3,Молоко (1л.),2.60
2025-10-31,sup6,cat10,Батон нарезной (240г.),1.22
2025-10-31,sup2,cat6,Печень куриная (550г.),5.50
2025-10-31,sup6,cat10,Лаваш (300г.),2.89
2025-10-31,sup5,cat12,Вода негаз. (0.5л.),0.99
2025-10-31,sup7,cat10,Хлеб светлый (400г.),1.20
2025-10-31,sup5,cat8,Крупа гречневая (700г.),2.07
2025-10-31,sup10,cat2,Свекла,1.47
2025-10-31,sup5,cat9,Печенье овсяное (400г.),4.33
2025-10-31,sup5,cat12,Лимонад (2л.),10.70
2025-10-31,sup1,cat11,Колбаса вареная (400г.),4.98
2025-10-31,sup1,cat11,Бекон (220г),9.99
2025-10-31,sup9,cat1,Банан,6.75
2025-10-31,sup6,cat10,Батон нарезной (240г.),2.44
2025-10-31,sup4,cat7,Паста рыбная (150г.),2.95
2025-10-31,sup7,cat10,Хлеб светлый (400г.),1.20
2025-10-31,sup2,cat4,Яйцо куриное Д1 (10шт.),4.98
2025-10-31,sup10,cat1,Груша,12.20
2025-10-31,sup3,cat3,Сыр голландский (200г.),5.02
2025-10-31,sup2,cat4,Яйцо куриное С1 (10шт.),3.81
2025-10-31,sup1,cat6,Фарш,16.28
2025-10-31,sup6,cat10,Булочка с маком (1шт.),1.49
2025-10-31,sup9,cat1,Банан,3.69
2025-10-31,sup1,cat6,Колбаски,20.14
2025-10-31,sup3,cat3,Кефир (1л.),2.27
2025-10-31,sup6,cat10,Плетенка (450г.),4.04
2025-10-31,sup5,cat8,Мука (1кг.),1.64
2025-10-31,sup9,cat1,Хурма,4.07
2025-10-31,sup7,cat10,Хлеб светлый (400г.),1.20
2025-10-31,sup3,cat3,Молоко (1л.),2.60
2025-10-31,sup8,cat2,Лук репчатый,1.06
2025-10-31,sup12,cat12,Вода негаз. (0.5л.),1.98
2025-10-31,sup3,cat3,Сметана (380г.),3.71
2025-10-31,sup2,cat6,Котлеты,15.50
2025-10-31,sup7,cat10,Батон нарезной (240г.),1.22
2025-10-31,sup6,cat10,Багет (200г.),2.49
2025-10-31,sup10,cat1,Груша,3.09
2025-10-31,sup3,cat3,Кефир (1л.),2.27
2025-10-31,sup2,cat11,Сосиски молочные,12.17
2025-10-31,sup6,cat10,Сушки (500г.),3.99
2025-10-31,sup2,cat4,Яйцо куриное С1 (10шт.),3.81
2025-10-31,sup1,cat11,Колбаса вареная (400г.),4.98
2025-10-31,sup3,cat3,Творог (200г.),7.32
2025-10-31,sup5,cat12,Чай холодный (0.5л.),3.59
2025-10-31,sup2,cat5,Филе куриное,8.55
2025-10-31,sup10,cat2,Лук репчатый,0.80
2025-10-31,sup5,cat8,Мука (1кг.),1.64
2025-10-31,sup1,cat6,Шашлык,39.50
2025-10-31,sup5,cat8,Пшено (900г.),2.35
2025-10-31,sup10,cat12,Сок яблочный (1л.),10.34
2025-10-31,sup3,cat3,Молоко (1.5л.),3.86
2025-11-01,sup3,cat3,Сыр голландский (200г.),5.02
2025-11-01,sup1,cat11,Ветчина,2.47
2025-11-01,sup2,cat4,Яйцо куриное С1 (15шт.),6.44
2025-11-01,sup4,cat7,Минтай,1.30
2025-11-01,sup1,cat11,Ветчина,4.42
2025-11-01,sup8,cat2,Свекла,0.98
2025-11-01,sup9,cat1,Хурма,14.20
2025-11-01,sup10,cat2,Картофель,2.16
2025-11-01,sup8,cat2,Томат,15.04
2025-11-01,sup6,cat10,Батон нарезной (240г.),2.44
2025-11-01,sup6,cat10,Батон нарезной (240г.),1.22
2025-11-01,sup5,cat8,Рис (900г.),3.49
2025-11-01,sup1,cat11,Сосиски молочные,10.13
2025-11-01,sup8,cat2,Свекла,1.34
2025-11-01,sup1,cat6,Фарш,36.38
2025-11-01,sup2,cat5,Окорочка куриные,11.66
2025-11-01,sup2,cat4,Яйцо куриное С1 (10шт.),7.62
2025-11-01,sup8,cat2,Свекла,0.43
2025-11-01,sup3,cat3,Творог (200г.),2.44
2025-11-01,sup6,cat10,Хлеб светлый (400г.),1.20
2025-11-01,sup2,cat4,Яйцо куриное С1 (10шт.),3.81
2025-11-01,sup9,cat1,Хурма,13.56
2025-11-01,sup12,cat12,Вода негаз. (0.5л.),0.99
2025-11-01,sup10,cat1,Груша,2.81
2025-11-01,sup6,cat10,Батон нарезной (240г.),2.44
2025-11-01,sup2,cat6,Котлеты,13.24
2025-11-01,sup4,cat7,Креветки,41.38
2025-11-01,sup9,cat1,Хурма,8.87
2025-11-01,sup5,cat8,Макароны (900г.),1.49
2025-11-01,sup6,cat10,Батон нарезной (240г.),1.22
2025-11-01,sup9,cat1,Яблоко,6.61
2025-11-01,sup5,cat9,Шоколад молочный (90г.),5.99
2025-11-01,sup5,cat8,Крупа перловая (1кг.),1.44
2025-11-01,sup3,cat3,Сметана (180г.),1.94
2025-11-01,sup2,cat4,Яйцо куриное Д1 (10шт.),4.98
2025-11-01,sup9,cat1,Хурма,13.68
2025-11-01,sup3,cat3,Молоко (1л.),2.60
2025-11-01,sup5,cat8,Сахар (1кг.),0.73
2025-11-01,sup5,cat8,Чай пак. (25шт.),3.80
2025-11-01,sup7,cat10,Батон нарезной (240г.),1.22
2025-11-01,sup1,cat11,Сосиски молочные,6.95
2025-11-01,sup7,cat10,Батон нарезной (240г.),1.22
2025-11-01,sup6,cat10,Батон нарезной (240г.),1.22
2025-11-01,sup2,cat4,Яйцо перепелиное (20шт.),4.65
2025-11-01,sup5,cat9,Шоколад молочный (90г.),5.99
2025-11-01,sup2,cat6,Голубцы,12.78
2025-11-01,sup6,cat10,Батон нарезной (240г.),1.22
2025-11-01,sup10,cat2,Лук репчатый,0.91
2025-11-01,sup6,cat10,Булочка с маком (1шт.),1.49
2025-11-01,sup10,cat2,Свекла,0.79
2025-11-01,sup3,cat3,Сметана (380г.),7.42
2025-11-01,sup8,cat2,Огурец,3.66
2025-11-01,sup5,cat12,Квас светлый (1л.),2.65
2025-11-01,sup5,cat8,Чай пак. (25шт.),3.80
2025-11-01,sup3,cat3,Молоко (1л.),2.60
2025-11-01,sup8,cat2,Картофель,1.10
2025-11-01,sup7,cat10,Батон нарезной (240г.),2.44
2025-11-01,sup5,cat8,Спагетти (400г.),3.52
2025-11-01,sup9,cat2,Томат,9.03
2025-11-01,sup8,cat2,Огурец,2.79
2025-11-01,sup9,cat1,Мандарин,28.56
2025-11-01,sup12,cat12,Coca-Cola (1л.),3.07
2025-11-01,sup8,cat2,Картофель,1.88
2025-11-01,sup7,cat10,Хлеб ржаной (450г.),1.50
2025-11-01,sup1,cat11,Колбаса вареная (400г.),4.98
2025-11-01,sup2,cat11,Колбаса вареная (400г.),4.98
2025-11-01,sup8,cat2,Морковь,1.32
2025-11-01,sup5,cat9,Шоколад молочный (90г.),17.97
2025-11-01,sup2,cat4,Яйцо перепелиное (10шт.),2.95
2025-11-02,sup2,cat11,Колбаса вареная (400г.),4.98
2025-11-02,sup8,cat2,Картофель,1.66
2025-11-02,sup2,cat11,Сосиски молочные,6.79
2025-11-02,sup6,cat10,Хлеб светлый (400г.),1.20
2025-11-02,sup1,cat5,Говядина,10.56
2025-11-02,sup6,cat10,Хлеб светлый (400г.),1.20
2025-11-02,sup10,cat1,Груша,6.65
2025-11-02,sup1,cat6,Голубцы,13.08
2025-11-02,sup5,cat12,Сок апельсиновый (1л.),7.20
2025-11-02,sup9,cat1,Мандарин,7.38
2025-11-02,sup11,cat2,Огурец,1.36
2025-11-02,sup9,cat2,Огурец,3.76
2025-11-02,sup5,cat9,Зефир (230г.),8.79
2025-11-02,sup4,cat7,Сельдь (250г.),5.99
2025-11-02,sup5,cat8,Крупа перловая (1кг.),1.44
2025-11-02,sup1,cat5,Свинина,18.54
2025-11-02,sup5,cat8,Пшено (900г.),2.35
2025-11-02,sup2,cat4,Яйцо куриное С1 (10шт.),7.62
2025-11-02,sup3,cat3,Молоко (1л.),2.60
2025-11-02,sup3,cat3,Молоко (1л.),2.60
2025-11-02,sup8,cat2,Морковь,2.40
2025-11-02,sup8,cat2,Лук репчатый,0.44
2025-11-02,sup10,cat2,Лук репчатый,1.90
2025-11-02,sup3,cat3,Сметана (380г.),7.42
2025-11-02,sup3,cat3,Масло сливочное (180г.),4.59
2025-11-02,sup2,cat4,Яйцо куриное С1 (10шт.),3.81
2025-11-02,sup8,cat1,Груша,13.49
2025-11-02,sup2,cat5,Окорочка куриные,12.98
2025-11-02,sup12,cat12,Coca-Cola (1л.),3.07
2025-11-02,sup12,cat12,Coca-Cola (1л.),6.14
2025-11-02,sup3,cat3,Сыр голландский (200г.),5.02
2025-11-02,sup5,cat9,Конфеты шоколадные,16.43
2025-11-02,sup5,cat8,Спагетти (400г.),1.76
2025-11-02,sup6,cat10,Хлеб светлый (400г.),1.20
2025-11-02,sup1,cat5,Свинина,42.35
2025-11-02,sup10,cat2,Морковь,1.68
2025-11-02,sup1,cat6,Фарш,23.02
2025-11-02,sup7,cat10,Батон нарезной (240г.),2.44
2025-11-02,sup3,cat3,Масло сливочное (180г.),4.59
2025-11-02,sup2,cat4,Яйцо перепелиное (10шт.),2.95
2025-11-02,sup1,cat6,Фарш,16.21
2025-11-02,sup3,cat3,Сметана (380г.),7.42
2025-11-02,sup7,cat10,Хлеб светлый (400г.),1.20
2025-11-02,sup2,cat4,Яйцо куриное Д1 (10шт.),4.98
2025-11-02,sup5,cat9,Шоколад молочный (90г.),5.99
2025-11-02,sup7,cat10,Хлеб светлый (400г.),1.20
2025-11-02,sup9,cat1,Мандарин,15.34
2025-11-02,sup4,cat7,Минтай,1.52
2025-11-02,sup5,cat8,Чай пак. (25шт.),3.80
2025-11-02,sup9,cat1,Мандарин,25.31
2025-11-02,sup5,cat8,Чай пак. (25шт.),3.80
2025-11-02,sup5,cat8,Сахар (1кг.),3.65
2025-11-02,sup3,cat3,Молоко (1л.),5.20
2025-11-02,sup2,cat4,Яйцо куриное С1 (10шт.),7.62
2025-11-02,sup12,cat12,Coca-Cola (1л.),6.14
2025-11-02,sup6,cat10,Батон нарезной (240г.),1.22
2025-11-02,sup2,cat4,Яйцо куриное Д1 (10шт.),4.98
2025-11-03,sup7,cat10,Хлеб ржаной (450г.),1.50
2025-11-03,sup7,cat10,Батон нарезной (240г.),1.22
2025-11-03,sup2,cat5,Окорочка куриные,12.08
2025-11-03,sup6,cat10,Булочка с маком (1шт.),7.45
2025-11-03,sup5,cat12,Сок яблочный (1л.),5.17
2025-11-03,sup1,cat11,Сосиски молочные,5.85
2025-11-03,sup1,cat11,Колбаса вареная (400г.),4.98
2025-11-03,sup2,cat11,Колбаса вареная (400г.),4.98
2025-11-03,sup3,cat3,Молоко (1л.),2.60
2025-11-03,sup2,cat4,Яйцо куриное С1 (15шт.),6.44
2025-11-03,sup5,cat8,Мука (1кг.),1.64
2025-11-03,sup10,cat2,Свекла,1.29
2025-11-03,sup5,cat12,Сок апельсиновый (1л.),7.20
2025-11-03,sup5,cat12,Квас светлый (1л.),2.65
2025-11-03,sup5,cat8,Сахар (1кг.),0.73
2025-11-03,sup6,cat10,Батон нарезной (240г.),1.22
2025-11-03,sup5,cat8,Крупа гречневая (700г.),2.07
2025-11-03,sup8,cat2,Картофель,2.85
2025-11-03,sup5,cat12,Вода негаз. (0.5л.),0.99
2025-11-03,sup10,cat1,Яблоко,13.18
2025-11-03,sup8,cat2,Томат,17.02
2025-11-03,sup2,cat5,Окорочка куриные,2.77
2025-11-03,sup1,cat6,Колбаски,8.29
2025-11-03,sup2,cat4,Яйцо куриное Д1 (10шт.),4.98
2025-11-03,sup5,cat12,Вода мин. газ. (1л.),1.59
2025-11-03,sup4,cat7,Сельдь (250г.),5.99
2025-11-03,sup12,cat12,Вода негаз. (0.5л.),0.99
2025-11-03,sup8,cat2,Томат,16.77
2025-11-03,sup3,cat3,Сметана (380г.),7.42
2025-11-03,sup5,cat12,Сок яблочный (1л.),10.34
2025-11-03,sup3,cat3,Молоко (1л.),2.60
2025-11-03,sup7,cat10,Батон нарезной (240г.),1.22
2025-11-03,sup5,cat8,Кофе мол. (250г.),19.99
2025-11-03,sup5,cat8,Кофе раств. (95г.),14.99
2025-11-03,sup8,cat1,Груша,6.81
2025-11-03,sup5,cat12,Вода негаз. (0.5л.),0.99
2025-11-03,sup10,cat2,Лук репчатый,0.54
2025-11-03,sup4,cat7,Икра лососевая (140г.),32.99
2025-11-03,sup6,cat10,Булочка с маком (1шт.),7.45
2025-11-03,sup1,cat6,Фарш,32.07
2025-11-03,sup5,cat8,Крупа гречневая (700г.),2.07
2025-11-03,sup5,cat8,Кофе мол. (250г.),19.99
2025-11-03,sup2,cat6,Котлеты,7.48
2025-11-03,sup8,cat2,Картофель,3.92
2025-11-03,sup6,cat10,Хлеб ржаной (450г.),1.50
2025-11-03,sup8,cat2,Томат,20.62
2025-11-03,sup5,cat8,Чай пак. (25шт.),3.80
2025-11-03,sup1,cat11,Сосиски молочные,5.90
2025-11-03,sup3,cat3,Сметана (380г.),3.71
2025-11-03,sup6,cat10,Батон нарезной (240г.),1.22
2025-11-03,sup3,cat3,Сыр российский,5.58
2025-11-03,sup8,cat2,Картофель,4.61
2025-11-04,sup6,cat10,Булочка с маком (1шт.),2.98
2025-11-04,sup1,cat6,Фарш,36.92
2025-11-04,sup10,cat2,Лук репчатый,0.96
2025-11-04,sup6,cat10,Батон нарезной (240г.),1.22
2025-11-04,sup10,cat2,Свекла,1.53
2025-11-04,sup10,cat2,Лук репчатый,0.33
2025-11-04,sup9,cat1,Хурма,2.58
2025-11-04,sup5,cat8,Пшено (900г.),2.35
2025-11-04,sup7,cat10,Багет (200г.),2.49
2025-11-04,sup9,cat1,Мандарин,2.85
2025-11-04,sup6,cat10,Лаваш (300г.),2.89
2025-11-04,sup6,cat10,Хлеб светлый (400г.),1.20
2025-11-04,sup1,cat5,Свинина,42.47
2025-11-04,sup5,cat8,Мука (1кг.),1.64
2025-11-04,sup2,cat6,Колбаски,17.19
2025-11-04,sup5,cat12,Сок апельсиновый (1л.),7.20
2025-11-04,sup3,cat3,Сметана (180г.),1.94
2025-11-04,sup6,cat10,Булочка с маком (1шт.),1.49
2025-11-04,sup5,cat8,Пшено (900г.),2.35
2025-11-04,sup1,cat6,Колбаски,40.82
2025-11-04,sup5,cat12,Вода негаз. (0.5л.),0.99
2025-11-04,sup5,cat12,Сок яблочный (1л.),10.34
2025-11-04,sup3,cat3,Сметана (380г.),3.71
2025-11-04,sup7,cat10,Хлеб ржаной (450г.),1.50
2025-11-04,sup1,cat11,Колбаса вареная (400г.),4.98
2025-11-04,sup5,cat8,Масло подсолнечное (0.8л.),10.10
2025-11-04,sup2,cat6,Колбаски,35.42
2025-11-04,sup4,cat7,Форель (200г.),18.25
2025-11-04,sup3,cat3,Молоко (1л.),2.60
2025-11-04,sup5,cat8,Масло распсовое (0.8л.),4.99
2025-11-04,sup7,cat10,Сушки (500г.),3.99
2025-11-04,sup3,cat3,Сметана (180г.),1.94
2025-11-04,sup5,cat9,Конфеты шоколадные,9.24
2025-11-04,sup6,cat10,Батон нарезной (240г.),1.22
2025-11-04,sup5,cat12,Вода мин. газ. (1л.),1.59
2025-11-04,sup6,cat10,Батон нарезной (240г.),1.22
2025-11-04,sup2,cat4,Яйцо куриное С1 (10шт.),7.62
2025-11-04,sup6,cat10,Плетенка (450г.),4.04
2025-11-04,sup3,cat3,Кефир (1л.),2.27
2025-11-04,sup10,cat1,Яблоко,2.45
2025-11-04,sup6,cat10,Хлеб светлый (400г.),1.20
2025-11-04,sup5,cat9,Конфеты шоколадные,27.27
2025-11-04,sup4,cat7,Минтай,1.62
2025-11-04,sup1,cat11,Сервелат (400г.),8.51
2025-11-04,sup7,cat10,Батон нарезной (240г.),2.44
2025-11-04,sup9,cat1,Яблоко,8.38
2025-11-04,sup4,cat7,Минтай,1.11
2025-11-04,sup10,cat2,Картофель,2.19
2025-11-04,sup6,cat10,Батон нарезной (240г.),2.44
2025-11-04,sup3,cat3,Кефир (1л.),4.54
2025-11-04,sup10,cat1,Груша,15.48
2025-11-04,sup6,cat10,Плетенка (450г.),4.04
2025-11-04,sup7,cat10,Хлеб ржаной (450г.),1.50
2025-11-05,sup1,cat6,Голубцы,33.89
2025-11-05,sup7,cat10,Батон нарезной (240г.),1.22
2025-11-05,sup2,cat4,Яйцо куриное Д1 (10шт.),4.98
2025-11-05,sup8,cat2,Томат,17.51
2025-11-05,sup3,cat3,Кефир (1л.),2.27
2025-11-05,sup5,cat8,Кофе мол. (250г.),59.97
2025-11-05,sup8,cat2,Огурец,3.81
2025-11-05,sup5,cat8,Мука (2кг.),2.60
2025-11-05,sup12,cat12,Coca-Cola (1л.),3.07
2025-11-05,sup5,cat8,Крупа манная (1кг.),2.02
2025-11-05,sup2,cat4,Яйцо перепелиное (10шт.),2.95
2025-11-05,sup3,cat3,Молоко (1л.),2.60
2025-11-05,sup5,cat9,Мармелад,3.13
2025-11-05,sup3,cat3,Творог (200г.),2.44
2025-11-05,sup3,cat3,Масло сливочное (180г.),4.59
2025-11-05,sup6,cat10,Булочка с маком (1шт.),1.49
2025-11-05,sup2,cat6,Печень куриная (550г.),5.50
2025-11-05,sup4,cat7,Форель (200г.),18.25
2025-11-05,sup3,cat3,Творог (200г.),2.44
2025-11-05,sup10,cat2,Картофель,3.47
2025-11-05,sup6,cat10,Хлеб светлый (400г.),1.20
2025-11-05,sup5,cat9,Карамель,1.36
2025-11-05,sup12,cat12,Coca-Cola (1л.),3.07
2025-11-05,sup3,cat3,Молоко (1.5л.),3.86
2025-11-05,sup5,cat8,Макароны (900г.),1.49
2025-11-05,sup2,cat4,Яйцо куриное С1 (15шт.),6.44
2025-11-05,sup8,cat1,Груша,2.64
2025-11-05,sup2,cat4,Яйцо куриное С1 (10шт.),3.81
2025-11-05,sup4,cat7,Минтай,1.13
2025-11-05,sup8,cat2,Томат,20.78
2025-11-05,sup9,cat1,Банан,2.65
2025-11-05,sup2,cat4,Яйцо куриное Д1 (10шт.),4.98
2025-11-05,sup10,cat12,Сок яблочный (1л.),5.17
2025-11-05,sup1,cat11,Салями,21.11
2025-11-05,sup1,cat5,Говядина,11.72
2025-11-05,sup2,cat4,Яйцо куриное С1 (15шт.),6.44
2025-11-05,sup1,cat6,Колбаски,32.21
2025-11-05,sup5,cat12,Квас светлый (1л.),2.65
2025-11-05,sup3,cat3,Молоко (1л.),2.60
2025-11-05,sup4,cat7,Кальмар,39.86
2025-11-05,sup9,cat2,Томат,19.98
2025-11-05,sup3,cat3,Кефир (1л.),2.27
2025-11-05,sup11,cat2,Огурец,2.96
2025-11-05,sup12,cat12,Coca-Cola (1л.),6.14
2025-11-05,sup4,cat7,Скумбрия,19.79
2025-11-05,sup12,cat12,Вода негаз. (0.5л.),0.99
2025-11-05,sup3,cat3,Кефир (1л.),2.27
2025-11-05,sup1,cat5,Свинина,44.12
2025-11-05,sup2,cat5,Окорочка куриные,9.64
2025-11-05,sup1,cat11,Колбаски охотничьи (500г.),9.20
2025-11-05,sup3,cat3,Сметана (180г.),3.88
2025-11-06,sup2,cat4,Яйцо куриное С1 (15шт.),6.44
2025-11-06,sup1,cat11,Сосиски молочные,7.31
2025-11-06,sup3,cat3,Творог (200г.),7.32
2025-11-06,sup9,cat1,Яблоко,9.19
2025-11-06,sup9,cat2,Томат,11.08
2025-11-06,sup5,cat12,Вода мин. газ. (1л.),1.59
2025-11-06,sup6,cat10,Плетенка (450г.),4.04
2025-11-06,sup7,cat10,Хлеб светлый (400г.),1.20
2025-11-06,sup10,cat2,Лук репчатый,1.34
2025-11-06,sup6,cat10,Лаваш (300г.),2.89
2025-11-06,sup2,cat11,Сосиски молочные,4.98
2025-11-06,sup8,cat2,Картофель,3.23
2025-11-06,sup3,cat3,Кефир (1л.),2.27
2025-11-06,sup5,cat8,Макароны (900г.),2.98
2025-11-06,sup5,cat9,Конфеты шоколадные,22.70
2025-11-06,sup1,cat5,Говядина,23.42
2025-11-06,sup5,cat9,Карамель,4.48
2025-11-06,sup1,cat5,Говядина,28.78
2025-11-06,sup3,cat3,Кефир (1л.),4.54
2025-11-06,sup2,cat4,Яйцо куриное С1 (15шт.),6.44
2025-11-06,sup3,cat3,Молоко (1л.),2.60
2025-11-06,sup6,cat10,Хлеб светлый (400г.),1.20
2025-11-06,sup5,cat9,Карамель,3.81
2025-11-06,sup5,cat8,Соль (1кг.),0.73
2025-11-06,sup5,cat8,Пшено (900г.),2.35
2025-11-06,sup5,cat12,Вода негаз. (0.5л.),1.98
2025-11-06,sup8,cat2,Лук репчатый,1.15
2025-11-06,sup3,cat3,Сыр российский,2.33
2025-11-06,sup10,cat2,Морковь,2.40
2025-11-06,sup3,cat3,Молоко (1л.),2.60
2025-11-06,sup5,cat9,Вафли (143г.),5.52
2025-11-06,sup9,cat1,Хурма,10.14
2025-11-06,sup10,cat2,Картофель,3.00
2025-11-06,sup3,cat3,Кефир (1л.),2.27
2025-11-06,sup3,cat3,Молоко (1л.),2.60
2025-11-06,sup6,cat10,Булочка с маком (1шт.),1.49
2025-11-06,sup3,cat3,Кефир (1л.),2.27
2025-11-06,sup7,cat10,Батон нарезной (240г.),1.22
2025-11-06,sup5,cat9,Шоколад молочный (90г.),5.99
2025-11-06,sup1,cat11,Сосиски молочные,8.94
2025-11-06,sup6,cat10,Хлеб ржаной (450г.),1.50
2025-11-06,sup2,cat4,Яйцо куриное С1 (15шт.),6.44
2025-11-06,sup2,cat4,Яйцо куриное С1 (10шт.),3.81
2025-11-06,sup2,cat6,Желудки куриные (550г.),4.98
2025-11-06,sup3,cat3,Масло сливочное (180г.),4.59
2025-11-06,sup5,cat9,Конфеты шоколадные,17.95
2025-11-06,sup3,cat3,Творог (200г.),7.32
2025-11-06,sup5,cat8,Крупа перловая (1кг.),1.44
2025-11-06,sup3,cat3,Сметана (380г.),3.71
2025-11-06,sup9,cat2,Томат,4.08
2025-11-06,sup5,cat8,Масло подсолнечное (0.8л.),6.06
2025-11-06,sup12,cat12,Coca-Cola (1л.),3.07
2025-11-06,sup3,cat3,Молоко (1.5л.),7.72
2025-11-06,sup8,cat2,Свекла,1.31
2025-11-07,sup1,cat6,Голубцы,24.40
2025-11-07,sup5,cat8,Мука (1кг.),1.64
2025-11-07,sup12,cat12,Вода негаз. (0.5л.),0.99
2025-11-07,sup12,cat12,Coca-Cola (1л.),3.07
2025-11-07,sup8,cat2,Лук репчатый,1.73
2025-11-07,sup5,cat8,Сахар (1кг.),3.65
2025-11-07,sup10,cat2,Картофель,2.54
2025-11-07,sup3,cat3,Творог (200г.),4.88
2025-11-07,sup10,cat1,Груша,7.45
2025-11-07,sup4,cat7,Хек,15.60
2025-11-07,sup5,cat12,Вода мин. газ. (1л.),1.59
2025-11-07,sup5,cat8,Крупа гречневая (700г.),2.07
2025-11-07,sup8,cat2,Томат,20.08
2025-11-07,sup3,cat3,Кефир (1л.),2.27
2025-11-07,sup2,cat4,Яйцо куриное С1 (15шт.),6.44
2025-11-07,sup3,cat3,Масло сливочное (180г.),4.59
2025-11-07,sup9,cat1,Мандарин,22.95
2025-11-07,sup5,cat8,Мука (1кг.),1.64
2025-11-07,sup5,cat8,Сахар (1кг.),1.46
2025-11-07,sup3,cat3,Молоко (1л.),2.60
2025-11-07,sup1,cat6,Шашлык,34.87
2025-11-07,sup1,cat5,Говядина,30.59
2025-11-07,sup10,cat2,Морковь,1.42
2025-11-07,sup3,cat3,Молоко (1.5л.),7.72
2025-11-07,sup1,cat5,Говядина,20.51
2025-11-07,sup1,cat5,Свинина,42.78
2025-11-07,sup12,cat12,Coca-Cola (1л.),3.07
2025-11-07,sup2,cat4,Яйцо перепелиное (20шт.),4.65
2025-11-07,sup2,cat11,Колбаса вареная (400г.),4.98
2025-11-07,sup6,cat10,Сушки (500г.),3.99
2025-11-07,sup6,cat10,Батон нарезной (240г.),1.22
2025-11-07,sup9,cat2,Томат,1.57
2025-11-07,sup5,cat9,Шоколад молочный (90г.),11.98
2025-11-07,sup5,cat8,Кофе раств. (95г.),14.99
2025-11-07,sup3,cat3,Сметана (180г.),3.88
2025-11-07,sup8,cat2,Огурец,8.24
2025-11-07,sup6,cat10,Лаваш (300г.),2.89
2025-11-07,sup6,cat10,Лаваш (300г.),5.78
2025-11-07,sup3,cat3,Сыр сливочный (200г.),5.41
2025-11-07,sup7,cat10,Хлеб светлый (400г.),1.20
2025-11-07,sup6,cat10,Хлеб светлый (400г.),1.20
2025-11-07,sup3,cat3,Молоко (1л.),2.60
2025-11-07,sup1,cat6,Котлеты,7.30
2025-11-07,sup6,cat10,Лаваш (300г.),2.89
2025-11-07,sup6,cat10,Батон нарезной (240г.),1.22
2025-11-07,sup9,cat1,Груша,2.48
2025-11-07,sup3,cat3,Сметана (180г.),1.94
2025-11-07,sup8,cat2,Капуста,4.24
2025-11-07,sup5,cat8,Спагетти (400г.),1.76
2025-11-07,sup1,cat11,Колбаса вареная (400г.),4.98
2025-11-07,sup5,cat12,Вода негаз. (0.5л.),0.99
2025-11-07,sup8,cat2,Морковь,1.00
2025-11-07,sup5,cat12,Лимонад (2л.),5.35
2025-11-07,sup5,cat9,Зефир (230г.),17.58
2025-11-07,sup1,cat11,Сервелат (400г.),8.51
2025-11-07,sup2,cat5,Филе куриное,17.34
2025-11-07,sup12,cat12,Вода негаз. (0.5л.),1.98
2025-11-07,sup10,cat2,Морковь,0.56
2025-11-07,sup1,cat11,Сервелат (400г.),17.02
2025-11-07,sup6,cat10,Батон нарезной (240г.),1.22
2025-11-07,sup2,cat5,Окорочка куриные,12.93
2025-11-07,sup3,cat3,Молоко (1л.),2.60
2025-11-07,sup6,cat10,Булочка с маком (1шт.),4.47
2025-11-07,sup5,cat9,Карамель,2.04
2025-11-07,sup2,cat4,Яйцо куриное С1 (15шт.),6.44
2025-11-07,sup1,cat11,Сосиски молочные,6.73
2025-11-07,sup1,cat11,Ветчина,2.98
2025-11-07,sup3,cat3,Молоко (1.5л.),7.72
2025-11-08,sup5,cat12,Сок апельсиновый (1л.),7.20
2025-11-08,sup3,cat3,Кефир (1л.),2.27
2025-11-08,sup7,cat10,Хлеб светлый (400г.),1.20
2025-11-08,sup9,cat1,Хурма,12.06
2025-11-08,sup2,cat11,Колбаса вареная (400г.),4.98
2025-11-08,sup6,cat10,Булочка с маком (1шт.),2.98
2025-11-08,sup9,cat1,Яблоко,7.32
2025-11-08,sup4,cat7,Креветки,19.84
2025-11-08,sup2,cat5,Филе куриное,4.13
2025-11-08,sup8,cat2,Капуста,3.88
2025-11-08,sup12,cat12,Coca-Cola (1л.),3.07
2025-11-08,sup9,cat1,Хурма,10.03
2025-11-08,sup5,cat8,Рис (900г.),3.49
2025-11-08,sup7,cat10,Батон нарезной (240г.),1.22
2025-11-08,sup5,cat8,Чай пак. (25шт.),3.80
2025-11-08,sup11,cat2,Томат,9.91
2025-11-08,sup8,cat2,Картофель,5.49
2025-11-08,sup3,cat3,Кефир (1л.),2.27
2025-11-08,sup10,cat1,Яблоко,10.32
2025-11-08,sup5,cat8,Масло подсолнечное (0.8л.),2.02
2025-11-08,sup3,cat3,Молоко (1.5л.),3.86
2025-11-08,sup2,cat4,Яйцо куриное С1 (10шт.),3.81
2025-11-08,sup2,cat6,Фарш,24.11
2025-11-08,sup8,cat1,Яблоко,4.71
2025-11-08,sup3,cat3,Сыр российский,14.78
2025-11-08,sup2,cat5,Окорочка куриные,3.18
2025-11-08,sup10,cat12,Сок яблочный (1л.),5.17
2025-11-08,sup2,cat6,Желудки куриные (550г.),4.98
2025-11-08,sup6,cat10,Батон нарезной (240г.),2.44
2025-11-08,sup9,cat1,Мандарин,2.82
2025-11-08,sup8,cat2,Картофель,2.34
2025-11-08,sup2,cat6,Голубцы,17.01
2025-11-08,sup5,cat8,Соль (1кг.),0.73
2025-11-08,sup5,cat8,Соль (1кг.),0.73
2025-11-08,sup9,cat1,Хурма,6.70
2025-11-08,sup12,cat12,Coca-Cola (1л.),3.07
2025-11-08,sup3,cat3,Творог (200г.),2.44
2025-11-08,sup1,cat11,Сервелат (400г.),17.02
2025-11-08,sup1,cat6,Колбаски,20.06
2025-11-08,sup1,cat5,Говядина,22.50
2025-11-08,sup2,cat4,Яйцо перепелиное (20шт.),4.65
2025-11-08,sup3,cat3,Молоко (1л.),2.60
2025-11-08,sup1,cat5,Свинина,37.46
2025-11-08,sup6,cat10,Булочка с маком (1шт.),1.49
2025-11-08,sup1,cat6,Фарш,16.75
2025-11-08,sup1,cat5,Говядина,40.57
2025-11-08,sup5,cat8,Масло подсолнечное (0.8л.),6.06
2025-11-08,sup10,cat2,Свекла,0.84
2025-11-08,sup5,cat8,Мука (1кг.),1.64
2025-11-08,sup9,cat1,Мандарин,26.44
2025-11-08,sup10,cat2,Лук репчатый,1.56
2025-11-08,sup1,cat11,Ветчина,3.17
2025-11-08,sup3,cat3,Сыр российский,10.05
2025-11-08,sup3,cat3,Сыр голландский (200г.),10.04
2025-11-08,sup10,cat1,Груша,14.52
2025-11-08,sup10,cat1,Груша,10.98
2025-11-08,sup6,cat10,Батон нарезной (240г.),1.22
2025-11-08,sup5,cat12,Квас светлый (1л.),2.65
2025-11-08,sup1,cat6,Голубцы,17.07
2025-11-08,sup1,cat6,Голубцы,27.69
2025-11-08,sup1,cat11,Салями,21.77
2025-11-08,sup1,cat11,Сосиски молочные,6.07
2025-11-08,sup2,cat4,Яйцо куриное Д1 (10шт.),4.98
2025-11-08,sup10,cat2,Лук репчатый,1.81
2025-11-08,sup4,cat7,Сельдь (250г.),5.99
2025-11-09,sup2,cat5,Окорочка куриные,11.36
2025-11-09,sup6,cat10,Батон нарезной (240г.),1.22
2025-11-09,sup5,cat12,Вода негаз. (0.5л.),0.99
2025-11-09,sup10,cat2,Морковь,0.92
2025-11-09,sup8,cat1,Груша,16.19
2025-11-09,sup5,cat8,Сахар (1кг.),0.73
2025-11-09,sup2,cat4,Яйцо куриное Д1 (10шт.),4.98
2025-11-09,sup2,cat4,Яйцо перепелиное (10шт.),2.95
2025-11-09,sup2,cat4,Яйцо куриное Д1 (10шт.),4.98
2025-11-09,sup3,cat3,Молоко (1л.),2.60
2025-11-09,sup8,cat2,Морковь,2.24
2025-11-09,sup9,cat2,Огурец,5.45
2025-11-09,sup5,cat12,Квас светлый (1л.),2.65
2025-11-09,sup10,cat2,Свекла,0.27
2025-11-09,sup9,cat1,Банан,8.19
2025-11-09,sup1,cat5,Говядина,35.62
2025-11-09,sup6,cat10,Батон нарезной (240г.),2.44
2025-11-09,sup5,cat9,Зефир (230г.),8.79
2025-11-09,sup7,cat10,Батон нарезной (240г.),1.22
2025-11-09,sup10,cat2,Картофель,5.19
2025-11-09,sup8,cat2,Картофель,3.89
2025-11-09,sup2,cat6,Котлеты,18.63
2025-11-09,sup3,cat3,Сыр российский,2.69
2025-11-09,sup10,cat2,Картофель,4.96
2025-11-09,sup5,cat9,Шоколад молочный (90г.),5.99
2025-11-09,sup1,cat11,Ветчина,3.74
2025-11-09,sup4,cat7,Форель (200г.),18.25
2025-11-09,sup3,cat3,Кефир (1л.),2.27
2025-11-09,sup9,cat1,Хурма,6.81
2025-11-09,sup10,cat2,Морковь,0.43
2025-11-09,sup5,cat8,Чай пак. (25шт.),3.80
2025-11-09,sup2,cat5,Окорочка куриные,8.96
2025-11-09,sup4,cat7,Креветки,39.54
2025-11-09,sup8,cat2,Лук репчатый,1.80
2025-11-09,sup5,cat9,Печенье овсяное (400г.),8.66
2025-11-09,sup10,cat2,Картофель,6.00
2025-11-09,sup5,cat12,Чай холодный (0.5л.),3.59
2025-11-09,sup8,cat2,Морковь,0.30
2025-11-09,sup7,cat10,Батон нарезной (240г.),1.22
2025-11-09,sup2,cat11,Сосиски молочные,9.91
2025-11-09,sup5,cat12,Лимонад (2л.),5.35
2025-11-09,sup1,cat5,Говядина,16.43
2025-11-09,sup8,cat2,Томат,11.97
2025-11-09,sup5,cat8,Сахар (1кг.),0.73
2025-11-09,sup5,cat12,Сок апельсиновый (1л.),7.20
2025-11-09,sup7,cat10,Хлеб светлый (400г.),1.20
2025-11-09,sup1,cat5,Свинина,33.71
2025-11-09,sup2,cat5,Окорочка куриные,12.97
2025-11-09,sup5,cat9,Конфеты шоколадные,8.97
2025-11-09,sup5,cat12,Лимонад (2л.),10.70
2025-11-09,sup3,cat3,Молоко (1л.),2.60
2025-11-09,sup9,cat1,Хурма,2.51
2025-11-09,sup6,cat10,Батон нарезной (240г.),2.44
2025-11-09,sup5,cat12,Сок яблочный (1л.),5.17
2025-11-09,sup2,cat6,Голубцы,11.85
2025-11-09,sup9,cat1,Мандарин,13.82
2025-11-09,sup3,cat3,Сметана (380г.),7.42
2025-11-10,sup4,cat7,Форель (200г.),36.50
2025-11-10,sup8,cat2,Картофель,3.52
2025-11-10,sup6,cat10,Булочка с маком (1шт.),2.98
2025-11-10,sup7,cat10,Батон нарезной (240г.),1.22
2025-11-10,sup4,cat7,Креветки,30.63
2025-11-10,sup10,cat2,Лук репчатый,0.35
2025-11-10,sup5,cat12,Вода негаз. (0.5л.),0.99
2025-11-10,sup6,cat10,Плетенка (450г.),4.04
2025-11-10,sup2,cat11,Сосиски молочные,6.14
2025-11-10,sup5,cat12,Квас светлый (1л.),2.65
2025-11-10,sup3,cat3,Молоко (1л.),2.60
2025-11-10,sup5,cat8,Кофе мол. (250г.),19.99
2025-11-10,sup6,cat10,Батон нарезной (240г.),1.22
2025-11-10,sup4,cat7,Креветки,30.76
2025-11-10,sup8,cat2,Картофель,1.40
2025-11-10,sup8,cat2,Томат,4.39
2025-11-10,sup3,cat3,Молоко (1.5л.),3.86
2025-11-10,sup2,cat11,Колбаса вареная (400г.),4.98
2025-11-10,sup1,cat11,Сервелат (400г.),8.51
2025-11-10,sup2,cat5,Окорочка куриные,11.74
2025-11-10,sup5,cat8,Рис (900г.),3.49
2025-11-10,sup10,cat12,Сок яблочный (1л.),5.17
2025-11-10,sup4,cat7,Форель (200г.),36.50
2025-11-10,sup3,cat3,Кефир (1л.),2.27
2025-11-10,sup9,cat1,Яблоко,9.11
2025-11-10,sup11,cat2,Огурец,6.78
2025-11-10,sup5,cat9,Печенье овсяное (400г.),4.33
2025-11-10,sup1,cat11,Колбаски охотничьи (500г.),9.20
2025-11-10,sup2,cat11,Колбаса вареная (400г.),4.98
2025-11-10,sup9,cat2,Томат,23.23
2025-11-10,sup3,cat3,Сыр голландский (200г.),5.02
2025-11-10,sup8,cat2,Картофель,5.38
2025-11-10,sup5,cat8,Кофе мол. (250г.),19.99
2025-11-10,sup5,cat8,Пшено (900г.),2.35
2025-11-10,sup3,cat3,Кефир (1л.),2.27
2025-11-10,sup10,cat2,Картофель,3.59
2025-11-10,sup5,cat8,Крупа манная (1кг.),2.02
2025-11-10,sup5,cat9,Конфеты шоколадные,12.02
2025-11-10,sup2,cat11,Сосиски молочные,8.19
2025-11-10,sup9,cat1,Мандарин,2.55
2025-11-10,sup2,cat6,Печень куриная (550г.),11.00
2025-11-10,sup12,cat12,Coca-Cola (1л.),3.07
2025-11-10,sup1,cat6,Фарш,34.26
2025-11-10,sup1,cat6,Колбаски,39.96
2025-11-10,sup3,cat3,Масло сливочное (180г.),4.59
2025-11-10,sup5,cat9,Зефир (230г.),8.79
2025-11-10,sup3,cat3,Молоко (1л.),2.60
2025-11-10,sup2,cat6,Голубцы,29.54
2025-11-10,sup8,cat2,Капуста,2.56
2025-11-10,sup1,cat5,Свинина,15.55
2025-11-10,sup6,cat10,Булочка с маком (1шт.),2.98
2025-11-10,sup9,cat1,Банан,9.48
2025-11-11,sup1,cat11,Салями,21.78
2025-11-11,sup5,cat12,Вода мин. газ. (1л.),1.59
2025-11-11,sup2,cat4,Яйцо перепелиное (20шт.),4.65
2025-11-11,sup9,cat1,Мандарин,26.56
2025-11-11,sup3,cat3,Молоко (1л.),2.60
2025-11-11,sup3,cat3,Молоко (1.5л.),7.72
2025-11-11,sup5,cat12,Сок яблочный (1л.),5.17
2025-11-11,sup10,cat12,Сок яблочный (1л.),5.17
2025-11-11,sup5,cat8,Спагетти (400г.),1.76
2025-11-11,sup5,cat12,Вода негаз. (0.5л.),0.99
2025-11-11,sup3,cat3,Молоко (1л.),2.60
2025-11-11,sup8,cat2,Огурец,6.37
2025-11-11,sup11,cat2,Томат,17.23
2025-11-11,sup5,cat8,Кофе мол. (250г.),19.99
2025-11-11,sup8,cat2,Капуста,3.90
2025-11-11,sup5,cat9,Мармелад,4.21
2025-11-11,sup6,cat10,Хлеб светлый (400г.),1.20
2025-11-11,sup8,cat2,Морковь,0.72
2025-11-11,sup6,cat10,Булочка с маком (1шт.),1.49
2025-11-11,sup3,cat3,Сметана (180г.),1.94
2025-11-11,sup9,cat1,Хурма,6.86
2025-11-11,sup5,cat8,Мука (2кг.),2.60
2025-11-11,sup1,cat5,Говядина,13.79
2025-11-11,sup6,cat10,Хлеб ржаной (450г.),1.50
2025-11-11,sup8,cat2,Лук репчатый,0.34
2025-11-11,sup5,cat9,Зефир (230г.),17.58
2025-11-11,sup1,cat5,Говядина,21.87
2025-11-11,sup1,cat11,Сосиски молочные,8.50
2025-11-11,sup3,cat3,Молоко (1л.),5.20
2025-11-11,sup8,cat2,Лук репчатый,1.88
2025-11-11,sup4,cat7,Хек,2.95
2025-11-11,sup1,cat6,Фарш,17.88
2025-11-11,sup9,cat1,Хурма,10.56
2025-11-11,sup6,cat10,Батон нарезной (240г.),1.22
2025-11-11,sup5,cat9,Карамель,5.05
2025-11-11,sup6,cat10,Хлеб светлый (400г.),1.20
2025-11-11,sup5,cat8,Чай пак. (25шт.),3.80
2025-11-11,sup10,cat12,Сок яблочный (1л.),5.17
2025-11-11,sup8,cat2,Томат,17.30
2025-11-11,sup5,cat9,Карамель,7.23
2025-11-11,sup5,cat9,Карамель,3.98
2025-11-11,sup6,cat10,Плетенка (450г.),4.04
2025-11-11,sup5,cat8,Пшено (900г.),2.35
2025-11-11,sup10,cat2,Картофель,5.50
2025-11-11,sup6,cat10,Сушки (500г.),3.99
2025-11-11,sup1,cat11,Колбаса вареная (400г.),4.98
2025-11-11,sup2,cat5,Окорочка куриные,4.77
2025-11-11,sup1,cat11,Сосиски молочные,5.98
2025-11-11,sup1,cat6,Голубцы,24.67
2025-11-11,sup2,cat4,Яйцо куриное С1 (15шт.),6.44
2025-11-11,sup10,cat2,Картофель,3.44
2025-11-11,sup2,cat4,Яйцо куриное С1 (10шт.),3.81
2025-11-12,sup1,cat6,Колбаски,22.31
2025-11-12,sup10,cat2,Картофель,5.07
2025-11-12,sup1,cat11,Сервелат (400г.),17.02
2025-11-12,sup7,cat10,Хлеб светлый (400г.),1.20
2025-11-12,sup9,cat1,Хурма,9.47
2025-11-12,sup1,cat11,Сосиски молочные,11.51
2025-11-12,sup6,cat10,Батон нарезной (240г.),1.22
2025-11-12,sup9,cat2,Огурец,7.33
2025-11-12,sup2,cat4,Яйцо куриное С1 (10шт.),3.81
2025-11-12,sup6,cat10,Хлеб светлый (400г.),1.20
2025-11-12,sup6,cat10,Хлеб ржаной (450г.),1.50
2025-11-12,sup5,cat8,Спагетти (400г.),3.52
2025-11-12,sup10,cat12,Сок яблочный (1л.),5.17
2025-11-12,sup3,cat3,Сыр российский,9.02
2025-11-12,sup8,cat2,Картофель,1.29
2025-11-12,sup2,cat11,Колбаса вареная (400г.),4.98
2025-11-12,sup5,cat9,Зефир (230г.),8.79
2025-11-12,sup6,cat10,Батон нарезной (240г.),1.22
2025-11-12,sup8,cat2,Лук репчатый,0.23
2025-11-12,sup4,cat7,Креветки,30.07
2025-11-12,sup9,cat1,Мандарин,22.00
2025-11-12,sup7,cat10,Хлеб ржаной (450г.),1.50
2025-11-12,sup5,cat12,Вода негаз. (0.5л.),1.98
2025-11-12,sup5,cat12,Лимонад (2л.),5.35
2025-11-12,sup10,cat1,Груша,15.74
2025-11-12,sup9,cat1,Мандарин,2.83
2025-11-12,sup4,cat7,Креветки,16.09
2025-11-12,sup10,cat2,Лук репчатый,1.46
2025-11-12,sup5,cat8,Кофе раств. (95г.),14.99
2025-11-12,sup8,cat2,Морковь,0.83
2025-11-12,sup3,cat3,Сыр сливочный (200г.),5.41
2025-11-12,sup6,cat10,Батон нарезной (240г.),2.44
2025-11-12,sup9,cat1,Хурма,14.34
2025-11-12,sup10,cat1,Яблоко,9.20
2025-11-12,sup11,cat2,Томат,19.59
2025-11-12,sup12,cat12,Coca-Cola (1л.),3.07
2025-11-12,sup8,cat2,Свекла,0.87
2025-11-12,sup2,cat6,Колбаски,39.95
2025-11-12,sup9,cat1,Хурма,13.84
2025-11-12,sup8,cat2,Огурец,7.68
2025-11-12,sup2,cat4,Яйцо куриное С1 (10шт.),3.81
2025-11-12,sup10,cat2,Картофель,5.69
2025-11-12,sup1,cat5,Говядина,10.31
2025-11-12,sup1,cat6,Колбаски,9.28
2025-11-12,sup4,cat7,Хек,5.93
2025-11-12,sup2,cat4,Яйцо куриное С1 (15шт.),6.44
2025-11-12,sup5,cat8,Спагетти (400г.),1.76
2025-11-12,sup1,cat6,Колбаски,23.74
2025-11-12,sup2,cat6,Желудки куриные (550г.),4.98
2025-11-12,sup10,cat2,Картофель,3.73
2025-11-12,sup2,cat11,Сосиски молочные,8.56
2025-11-12,sup2,cat4,Яйцо куриное Д1 (10шт.),4.98
2025-11-13,sup8,cat1,Груша,8.42
2025-11-13,sup6,cat10,Батон нарезной (240г.),1.22
2025-11-13,sup9,cat2,Огурец,6.35
2025-11-13,sup8,cat2,Томат,18.14
2025-11-13,sup2,cat6,Фарш,33.96
2025-11-13,sup4,cat7,Сельдь (250г.),11.98
2025-11-13,sup6,cat10,Батон нарезной (240г.),1.22
2025-11-13,sup1,cat11,Салями,20.46
2025-11-13,sup3,cat3,Масло сливочное (180г.),4.59
2025-11-13,sup5,cat8,Спагетти (400г.),3.52
2025-11-13,sup4,cat7,Икра лососевая (140г.),32.99
2025-11-13,sup5,cat9,Печенье овсяное (400г.),4.33
2025-11-13,sup3,cat3,Сыр российский,6.50
2025-11-13,sup8,cat2,Картофель,4.67
2025-11-13,sup3,cat3,Сметана (180г.),3.88
2025-11-13,sup2,cat6,Желудки куриные (550г.),4.98
2025-11-13,sup5,cat9,Зефир (230г.),8.79
2025-11-13,sup5,cat9,Печенье овсяное (400г.),4.33
2025-11-13,sup6,cat10,Сушки (500г.),3.99
2025-11-13,sup3,cat3,Молоко (1л.),2.60
2025-11-13,sup1,cat5,Говядина,8.95
2025-11-13,sup7,cat10,Сушки (500г.),3.99
2025-11-13,sup3,cat3,Кефир (1л.),2.27
2025-11-13,sup3,cat3,Сыр голландский (200г.),5.02
2025-11-13,sup2,cat4,Яйцо перепелиное (20шт.),4.65
2025-11-13,sup8,cat2,Морковь,1.15
2025-11-13,sup5,cat9,Зефир (230г.),8.79
2025-11-13,sup7,cat10,Батон нарезной (240г.),1.22
2025-11-13,sup3,cat3,Творог (200г.),7.32
2025-11-13,sup3,cat3,Сметана (180г.),1.94
2025-11-13,sup5,cat8,Рис (900г.),3.49
2025-11-13,sup7,cat10,Хлеб светлый (400г.),1.20
2025-11-13,sup5,cat9,Зефир (230г.),17.58
2025-11-13,sup2,cat4,Яйцо куриное С1 (15шт.),6.44
2025-11-13,sup6,cat10,Хлеб светлый (400г.),1.20
2025-11-13,sup7,cat10,Батон нарезной (240г.),1.22
2025-11-13,sup2,cat4,Яйцо куриное Д1 (10шт.),4.98
2025-11-13,sup5,cat8,Мука (1кг.),1.64
2025-11-13,sup5,cat8,Масло подсолнечное (0.8л.),6.06
2025-11-13,sup5,cat8,Крупа перловая (1кг.),1.44
2025-11-13,sup5,cat9,Зефир (230г.),8.79
2025-11-13,sup5,cat9,Конфеты шоколадные,12.50
2025-11-13,sup11,cat2,Огурец,2.83
2025-11-13,sup1,cat11,Бекон (220г),9.99
2025-11-13,sup3,cat3,Масло сливочное (180г.),4.59
2025-11-13,sup8,cat2,Морковь,2.61
2025-11-13,sup4,cat7,Хек,2.62
2025-11-13,sup2,cat6,Колбаски,19.61
2025-11-13,sup9,cat1,Хурма,7.21
2025-11-13,sup5,cat8,Спагетти (400г.),1.76
2025-11-13,sup2,cat6,Колбаски,33.83
2025-11-13,sup8,cat2,Огурец,3.21
2025-11-14,sup2,cat5,Окорочка куриные,8.38
2025-11-14,sup2,cat4,Яйцо перепелиное (10шт.),2.95
2025-11-14,sup2,cat4,Яйцо куриное С1 (10шт.),3.81
2025-11-14,sup3,cat3,Молоко (1л.),2.60
2025-11-14,sup4,cat7,Хек,6.28
2025-11-14,sup6,cat10,Батон нарезной (240г.),2.44
2025-11-14,sup2,cat6,Печень куриная (550г.),11.00
2025-11-14,sup3,cat3,Творог (200г.),7.32
2025-11-14,sup2,cat4,Яйцо куриное С1 (10шт.),7.62
2025-11-14,sup5,cat8,Масло подсолнечное (0.8л.),2.02
2025-11-14,sup2,cat6,Фарш,22.42
2025-11-14,sup2,cat4,Яйцо куриное Д1 (10шт.),4.98
2025-11-14,sup8,cat2,Картофель,2.39
2025-11-14,sup3,cat3,Кефир (1л.),4.54
2025-11-14,sup1,cat11,Колбаса вареная (400г.),4.98
2025-11-14,sup1,cat11,Сервелат (400г.),8.51
2025-11-14,sup12,cat12,Coca-Cola (1л.),6.14
2025-11-14,sup5,cat9,Печенье овсяное (400г.),4.33
2025-11-14,sup3,cat3,Молоко (1л.),2.60
2025-11-14,sup2,cat5,Филе куриное,11.30
2025-11-14,sup6,cat10,Хлеб светлый (400г.),1.20
2025-11-14,sup5,cat12,Лимонад (2л.),5.35
2025-11-14,sup4,cat7,Сельдь (250г.),5.99
2025-11-14,sup3,cat3,Сметана (180г.),3.88
2025-11-14,sup6,cat10,Булочка с маком (1шт.),1.49
2025-11-14,sup9,cat1,Мандарин,16.53
2025-11-14,sup2,cat4,Яйцо куриное С1 (15шт.),6.44
2025-11-14,sup5,cat12,Квас светлый (1л.),2.65
2025-11-14,sup5,cat8,Спагетти (400г.),1.76
2025-11-14,sup2,cat4,Яйцо куриное Д1 (10шт.),4.98
2025-11-14,sup1,cat11,Колбаски охотничьи (500г.),9.20
2025-11-14,sup11,cat2,Томат,7.93
2025-11-14,sup6,cat10,Батон нарезной (240г.),2.44
2025-11-14,sup12,cat12,Coca-Cola (1л.),3.07
2025-11-14,sup1,cat11,Колбаса вареная (400г.),4.98
2025-11-14,sup4,cat7,Хек,12.13
2025-11-14,sup1,cat5,Свинина,24.21
2025-11-14,sup3,cat3,Творог (200г.),4.88
2025-11-14,sup3,cat3,Кефир (1л.),2.27
2025-11-14,sup3,cat3,Сметана (380г.),3.71
2025-11-14,sup1,cat11,Сосиски молочные,11.08
2025-11-14,sup4,cat7,Икра лососевая (140г.),32.99
2025-11-14,sup1,cat11,Сосиски молочные,10.56
2025-11-14,sup2,cat4,Яйцо куриное Д1 (10шт.),4.98
2025-11-14,sup3,cat3,Масло сливочное (180г.),4.59
2025-11-14,sup5,cat12,Лимонад (2л.),5.35
2025-11-14,sup2,cat6,Печень куриная (550г.),5.50
2025-11-14,sup1,cat11,Сервелат (400г.),8.51
2025-11-14,sup9,cat1,Груша,18.77
2025-11-14,sup2,cat4,Яйцо куриное С1 (10шт.),3.81
2025-11-14,sup6,cat10,Батон нарезной (240г.),1.22
2025-11-14,sup6,cat10,Багет (200г.),2.49
2025-11-14,sup5,cat8,Кофе мол. (250г.),19.99
2025-11-14,sup10,cat2,Картофель,6.02
2025-11-14,sup7,cat10,Хлеб светлый (400г.),1.20
2025-11-14,sup6,cat10,Хлеб ржаной (450г.),1.50
2025-11-14,sup10,cat2,Лук репчатый,1.74
2025-11-14,sup5,cat8,Кофе мол. (250г.),19.99
2025-11-14,sup5,cat12,Вода негаз. (0.5л.),0.99
2025-11-14,sup1,cat5,Говядина,33.71
2025-11-14,sup8,cat2,Огурец,2.44
2025-11-14,sup5,cat8,Мука (2кг.),2.60
2025-11-14,sup5,cat12,Сок апельсиновый (1л.),7.20
2025-11-14,sup5,cat8,Сахар (1кг.),0.73
2025-11-14,sup6,cat10,Батон нарезной (240г.),1.22
2025-11-14,sup5,cat12,Чай холодный (0.5л.),3.59
2025-11-14,sup1,cat5,Свинина,42.43
2025-11-14,sup3,cat3,Кефир (1л.),2.27
2025-11-14,sup3,cat3,Сметана (380г.),3.71
2025-11-15,sup6,cat10,Хлеб ржаной (450г.),1.50
2025-11-15,sup9,cat1,Банан,11.64
2025-11-15,sup5,cat9,Конфеты шоколадные,19.95
2025-11-15,sup2,cat5,Окорочка куриные,5.42
2025-11-15,sup5,cat12,Чай холодный (0.5л.),3.59
2025-11-15,sup6,cat10,Хлеб светлый (400г.),1.20
2025-11-15,sup6,cat10,Батон нарезной (240г.),1.22
2025-11-15,sup9,cat1,Банан,14.35
2025-11-15,sup6,cat10,Багет (200г.),2.49
2025-11-15,sup5,cat9,Зефир (230г.),8.79
2025-11-15,sup12,cat12,Coca-Cola (1л.),3.07
2025-11-15,sup5,cat8,Чай пак. (25шт.),3.80
2025-11-15,sup9,cat1,Хурма,9.56
2025-11-15,sup5,cat8,Крупа гречневая (700г.),4.14
2025-11-15,sup3,cat3,Творог (200г.),2.44
2025-11-15,sup12,cat12,Coca-Cola (1л.),3.07
2025-11-15,sup3,cat3,Кефир (1л.),2.27
2025-11-15,sup9,cat1,Банан,5.45
2025-11-15,sup3,cat3,Сметана (180г.),1.94
2025-11-15,sup2,cat6,Котлеты,7.04
2025-11-15,sup1,cat5,Говядина,36.78
2025-11-15,sup8,cat2,Лук репчатый,1.62
2025-11-15,sup7,cat10,Хлеб светлый (400г.),1.20
2025-11-15,sup5,cat8,Крупа гречневая (700г.),4.14
2025-11-15,sup5,cat8,Масло подсолнечное (0.8л.),6.06
2025-11-15,sup5,cat9,Печенье овсяное (400г.),4.33
2025-11-15,sup7,cat10,Батон нарезной (240г.),1.22
2025-11-15,sup5,cat12,Сок апельсиновый (1л.),7.20
2025-11-15,sup10,cat2,Лук репчатый,0.99
2025-11-15,sup5,cat8,Крупа манная (1кг.),2.02
2025-11-15,sup6,cat10,Булочка с маком (1шт.),4.47
2025-11-15,sup3,cat3,Масло сливочное (360г.),9.49
2025-11-15,sup5,cat8,Макароны (900г.),1.49
2025-11-15,sup6,cat10,Булочка с маком (1шт.),1.49
2025-11-15,sup1,cat11,Колбаски охотничьи (500г.),9.20
2025-11-15,sup5,cat8,Спагетти (400г.),1.76
2025-11-15,sup1,cat6,Фарш,38.84
2025-11-15,sup10,cat2,Лук репчатый,1.72
2025-11-15,sup9,cat2,Томат,11.79
2025-11-15,sup10,cat2,Картофель,5.20
2025-11-15,sup9,cat1,Мандарин,5.06
2025-11-15,sup6,cat10,Булочка с маком (1шт.),1.49
2025-11-15,sup6,cat10,Хлеб ржаной (450г.),1.50
2025-11-15,sup2,cat5,Филе куриное,16.39
2025-11-15,sup9,cat1,Мандарин,9.94
2025-11-15,sup5,cat12,Вода мин. газ. (1л.),1.59
2025-11-15,sup9,cat2,Огурец,1.66
2025-11-15,sup3,cat3,Молоко (1л.),5.20
2025-11-15,sup5,cat8,Мука (1кг.),1.64
2025-11-15,sup6,cat10,Булочка с маком (1шт.),1.49
2025-11-15,sup6,cat10,Батон нарезной (240г.),1.22
2025-11-15,sup5,cat8,Чай пак. (25шт.),3.80
2025-11-15,sup3,cat3,Творог (200г.),7.32
2025-11-15,sup2,cat4,Яйцо перепелиное (10шт.),2.95
2025-11-15,sup5,cat8,Масло распсовое (0.8л.),4.99
2025-11-15,sup7,cat10,Сушки (500г.),3.99
2025-11-15,sup3,cat3,Кефир (1л.),4.54
2025-11-15,sup1,cat11,Сосиски молочные,8.83
2025-11-15,sup5,cat9,Печенье овсяное (400г.),8.66
2025-11-15,sup7,cat10,Хлеб светлый (400г.),1.20
2025-11-15,sup2,cat5,Окорочка куриные,9.71
2025-11-15,sup7,cat10,Батон нарезной (240г.),1.22
2025-11-15,sup10,cat1,Груша,14.52
2025-11-15,sup2,cat5,Окорочка куриные,10.75
2025-11-15,sup8,cat2,Лук репчатый,0.53
2025-11-15,sup6,cat10,Батон нарезной (240г.),1.22
2025-11-16,sup11,cat2,Томат,22.39
2025-11-16,sup6,cat10,Батон нарезной (240г.),1.22
2025-11-16,sup2,cat11,Ветчина,7.77
2025-11-16,sup2,cat6,Голубцы,33.67
2025-11-16,sup6,cat10,Хлеб светлый (400г.),1.20
2025-11-16,sup3,cat3,Молоко (1.5л.),3.86
2025-11-16,sup2,cat11,Колбаса вареная (400г.),4.98
2025-11-16,sup5,cat9,Зефир (230г.),8.79
2025-11-16,sup2,cat6,Котлеты,9.40
2025-11-16,sup3,cat3,Молоко (1л.),2.60
2025-11-16,sup10,cat2,Морковь,1.62
2025-11-16,sup12,cat12,Coca-Cola (1л.),3.07
2025-11-16,sup1,cat5,Говядина,37.11
2025-11-16,sup9,cat1,Мандарин,10.13
2025-11-16,sup3,cat3,Масло сливочное (180г.),4.59
2025-11-16,sup3,cat3,Кефир (1л.),2.27
2025-11-16,sup3,cat3,Кефир (1л.),2.27
2025-11-16,sup5,cat8,Мука (1кг.),1.64
2025-11-16,sup9,cat1,Хурма,4.25
2025-11-16,sup8,cat2,Морковь,1.81
2025-11-16,sup5,cat12,Квас светлый (1л.),2.65
2025-11-16,sup9,cat1,Хурма,3.93
2025-11-16,sup2,cat6,Фарш,24.31
2025-11-16,sup5,cat9,Конфеты шоколадные,9.49
2025-11-16,sup10,cat1,Груша,16.21
2025-11-16,sup3,cat3,Молоко (1л.),2.60
2025-11-16,sup6,cat10,Батон нарезной (240г.),2.44
2025-11-16,sup2,cat5,Окорочка куриные,4.28
2025-11-16,sup2,cat4,Яйцо куриное С1 (10шт.),3.81
2025-11-16,sup9,cat1,Банан,2.82
2025-11-16,sup12,cat12,Вода негаз. (0.5л.),0.99
2025-11-16,sup1,cat11,Сосиски молочные,4.53
2025-11-16,sup2,cat5,Филе куриное,8.39
2025-11-16,sup3,cat3,Молоко (1.5л.),3.86
2025-11-16,sup7,cat10,Батон нарезной (240г.),2.44
2025-11-16,sup5,cat9,Вафли (143г.),2.76
2025-11-16,sup3,cat3,Масло сливочное (180г.),4.59
2025-11-16,sup2,cat4,Яйцо куриное С1 (10шт.),3.81
2025-11-16,sup7,cat10,Батон нарезной (240г.),1.22
2025-11-16,sup5,cat8,Пшено (900г.),2.35
2025-11-16,sup9,cat1,Мандарин,16.28
2025-11-16,sup5,cat9,Конфеты шоколадные,12.86
2025-11-16,sup7,cat10,Хлеб светлый (400г.),1.20
2025-11-16,sup5,cat9,Конфеты шоколадные,18.18
2025-11-16,sup12,cat12,Coca-Cola (1л.),3.07
2025-11-16,sup5,cat8,Крупа гречневая (700г.),2.07
2025-11-16,sup3,cat3,Масло сливочное (180г.),4.59
2025-11-16,sup5,cat9,Конфеты шоколадные,25.47
2025-11-16,sup3,cat3,Сыр российский,6.62
2025-11-16,sup2,cat4,Яйцо перепелиное (10шт.),2.95
2025-11-16,sup5,cat8,Мука (2кг.),2.60
2025-11-16,sup1,cat11,Колбаса вареная (400г.),4.98
2025-11-16,sup1,cat6,Голубцы,29.17
2025-11-16,sup3,cat3,Масло сливочное (180г.),4.59
2025-11-16,sup3,cat3,Сметана (380г.),3.71
2025-11-17,sup5,cat9,Конфеты шоколадные,29.88
2025-11-17,sup3,cat3,Масло сливочное (180г.),9.18
2025-11-17,sup6,cat10,Лаваш (300г.),2.89
2025-11-17,sup5,cat12,Вода негаз. (0.5л.),0.99
2025-11-17,sup2,cat6,Фарш,18.46
2025-11-17,sup3,cat3,Сыр голландский (200г.),5.02
2025-11-17,sup5,cat12,Сок апельсиновый (1л.),7.20
2025-11-17,sup4,cat7,Кальмар,25.75
2025-11-17,sup8,cat2,Морковь,2.38
2025-11-17,sup3,cat3,Молоко (1л.),2.60
2025-11-17,sup3,cat3,Сметана (380г.),3.71
2025-11-17,sup2,cat4,Яйцо куриное С1 (15шт.),6.44
2025-11-17,sup5,cat9,Мармелад,6.21
2025-11-17,sup10,cat2,Морковь,1.92
2025-11-17,sup9,cat1,Хурма,13.63
2025-11-17,sup5,cat9,Зефир (230г.),8.79
2025-11-17,sup3,cat3,Сметана (180г.),3.88
2025-11-17,sup5,cat8,Мука (1кг.),1.64
2025-11-17,sup6,cat10,Батон нарезной (240г.),1.22
2025-11-17,sup10,cat2,Картофель,1.04
2025-11-17,sup4,cat7,Хек,6.95
2025-11-17,sup1,cat5,Говядина,41.19
2025-11-17,sup1,cat11,Сервелат (400г.),8.51
2025-11-17,sup1,cat5,Свинина,43.77
2025-11-17,sup5,cat8,Мука (1кг.),1.64
2025-11-17,sup5,cat9,Печенье овсяное (400г.),8.66
2025-11-17,sup1,cat5,Говядина,38.14
2025-11-17,sup5,cat8,Рис (900г.),3.49
2025-11-17,sup2,cat4,Яйцо куриное С1 (10шт.),7.62
2025-11-17,sup2,cat4,Яйцо куриное С1 (10шт.),7.62
2025-11-17,sup6,cat10,Плетенка (450г.),4.04
2025-11-17,sup5,cat12,Лимонад (2л.),5.35
2025-11-17,sup3,cat3,Молоко (1л.),2.60
2025-11-17,sup1,cat11,Колбаски охотничьи (500г.),27.60
2025-11-17,sup5,cat9,Карамель,7.56
2025-11-17,sup2,cat4,Яйцо куриное С1 (15шт.),6.44
2025-11-17,sup7,cat10,Батон нарезной (240г.),1.22
2025-11-17,sup4,cat7,Хек,12.43
2025-11-17,sup4,cat7,Скумбрия,8.10
2025-11-17,sup9,cat1,Мандарин,21.19
2025-11-17,sup9,cat1,Хурма,9.92
2025-11-17,sup8,cat2,Морковь,2.20
2025-11-17,sup10,cat1,Груша,13.91
2025-11-17,sup5,cat8,Сахар (1кг.),1.46
2025-11-17,sup9,cat1,Хурма,12.51
2025-11-17,sup3,cat3,Кефир (1л.),2.27
2025-11-17,sup1,cat11,Колбаса вареная (400г.),4.98
2025-11-17,sup5,cat9,Карамель,7.64
2025-11-17,sup5,cat12,Вода мин. газ. (1л.),1.59
2025-11-17,sup3,cat3,Молоко (1л.),2.60
2025-11-17,sup5,cat8,Мука (1кг.),1.64
2025-11-18,sup6,cat10,Булочка с маком (1шт.),7.45
2025-11-18,sup3,cat3,Кефир (1л.),2.27
2025-11-18,sup3,cat3,Кефир (1л.),2.27
2025-11-18,sup2,cat4,Яйцо куриное С1 (15шт.),6.44
2025-11-18,sup4,cat7,Минтай,1.18
2025-11-18,sup2,cat4,Яйцо перепелиное (10шт.),2.95
2025-11-18,sup1,cat5,Говядина,24.84
2025-11-18,sup2,cat5,Окорочка куриные,3.30
2025-11-18,sup9,cat2,Огурец,2.83
2025-11-18,sup2,cat4,Яйцо куриное С1 (10шт.),3.81
2025-11-18,sup6,cat10,Булочка с маком (1шт.),4.47
2025-11-18,sup5,cat9,Конфеты шоколадные,19.27
2025-11-18,sup3,cat3,Сыр голландский (200г.),5.02
2025-11-18,sup5,cat8,Спагетти (400г.),1.76
2025-11-18,sup12,cat12,Вода негаз. (0.5л.),1.98
2025-11-18,sup5,cat12,Вода негаз. (0.5л.),0.99
2025-11-18,sup6,cat10,Хлеб светлый (400г.),1.20
2025-11-18,sup2,cat6,Фарш,45.41
2025-11-18,sup5,cat8,Крупа перловая (1кг.),1.44
2025-11-18,sup2,cat5,Окорочка куриные,10.81
2025-11-18,sup6,cat10,Хлеб ржаной (450г.),1.50
2025-11-18,sup7,cat10,Хлеб светлый (400г.),1.20
2025-11-18,sup7,cat10,Хлеб ржаной (450г.),1.50
2025-11-18,sup7,cat10,Хлеб светлый (400г.),1.20
2025-11-18,sup2,cat5,Филе куриное,7.44
2025-11-18,sup1,cat6,Колбаски,29.70
2025-11-18,sup1,cat11,Колбаски охотничьи (500г.),9.20
2025-11-18,sup5,cat12,Чай холодный (0.5л.),3.59
2025-11-18,sup5,cat9,Конфеты шоколадные,23.76
2025-11-18,sup5,cat12,Сок апельсиновый (1л.),7.20
2025-11-18,sup5,cat8,Масло подсолнечное (0.8л.),4.04
2025-11-18,sup5,cat12,Вода негаз. (0.5л.),0.99
2025-11-18,sup5,cat8,Кофе мол. (250г.),19.99
2025-11-18,sup6,cat10,Булочка с маком (1шт.),2.98
2025-11-18,sup2,cat11,Сосиски молочные,12.06
2025-11-18,sup1,cat11,Сосиски молочные,6.26
2025-11-18,sup9,cat1,Банан,8.53
2025-11-18,sup5,cat9,Печенье овсяное (400г.),8.66
2025-11-18,sup10,cat2,Морковь,0.58
2025-11-18,sup1,cat6,Колбаски,31.56
2025-11-18,sup8,cat1,Груша,2.22
2025-11-18,sup3,cat3,Молоко (1л.),2.60
2025-11-18,sup4,cat7,Паста рыбная (150г.),2.95
2025-11-18,sup4,cat7,Паста рыбная (150г.),2.95
2025-11-18,sup7,cat10,Батон нарезной (240г.),1.22
2025-11-18,sup1,cat5,Говядина,16.00
2025-11-18,sup8,cat1,Груша,4.98
2025-11-18,sup5,cat9,Печенье овсяное (400г.),4.33
2025-11-18,sup4,cat7,Сельдь (250г.),5.99
2025-11-18,sup2,cat5,Окорочка куриные,6.94
2025-11-18,sup2,cat4,Яйцо куриное С1 (15шт.),6.44
2025-11-19,sup9,cat2,Томат,4.88
2025-11-19,sup2,cat5,Окорочка куриные,3.53
2025-11-19,sup2,cat4,Яйцо куриное С1 (10шт.),7.62
2025-11-19,sup1,cat5,Свинина,37.85
2025-11-19,sup9,cat1,Банан,6.69
2025-11-19,sup3,cat3,Творог (200г.),4.88
2025-11-19,sup1,cat11,Сервелат (400г.),8.51
2025-11-19,sup1,cat11,Сосиски молочные,6.86
2025-11-19,sup5,cat8,Рис (900г.),3.49
2025-11-19,sup6,cat10,Батон нарезной (240г.),1.22
2025-11-19,sup12,cat12,Coca-Cola (1л.),3.07
2025-11-19,sup9,cat1,Хурма,10.83
2025-11-19,sup5,cat12,Вода негаз. (0.5л.),0.99
2025-11-19,sup1,cat6,Фарш,13.68
2025-11-19,sup1,cat5,Говядина,8.32
2025-11-19,sup3,cat3,Масло сливочное (180г.),4.59
2025-11-19,sup5,cat12,Сок апельсиновый (1л.),7.20
2025-11-19,sup9,cat1,Хурма,7.07
2025-11-19,sup1,cat5,Говядина,22.59
2025-11-19,sup6,cat10,Сушки (500г.),3.99
2025-11-19,sup3,cat3,Сыр сливочный (200г.),5.41
2025-11-19,sup8,cat2,Свекла,0.74
2025-11-19,sup2,cat5,Окорочка куриные,6.14
2025-11-19,sup5,cat9,Зефир (230г.),17.58
2025-11-19,sup9,cat1,Хурма,4.77
2025-11-19,sup9,cat1,Банан,10.27
2025-11-19,sup4,cat7,Форель (200г.),18.25
2025-11-19,sup1,cat5,Свинина,35.00
2025-11-19,sup2,cat4,Яйцо перепелиное (20шт.),4.65
2025-11-19,sup6,cat10,Батон нарезной (240г.),2.44
2025-11-19,sup2,cat4,Яйцо куриное С1 (10шт.),3.81
2025-11-19,sup9,cat2,Огурец,8.15
2025-11-19,sup5,cat9,Карамель,2.73
2025-11-19,sup6,cat10,Плетенка (450г.),4.04
2025-11-19,sup1,cat6,Фарш,43.29
2025-11-19,sup8,cat2,Лук репчатый,1.45
2025-11-19,sup1,cat11,Сосиски молочные,10.91
2025-11-19,sup5,cat9,Зефир (230г.),17.58
2025-11-19,sup8,cat2,Морковь,2.09
2025-11-19,sup1,cat11,Сервелат (400г.),8.51
2025-11-19,sup9,cat1,Мандарин,21.05
2025-11-19,sup5,cat9,Печенье овсяное (400г.),4.33
2025-11-19,sup3,cat3,Масло сливочное (180г.),4.59
2025-11-19,sup3,cat3,Молоко (1л.),5.20
2025-11-19,sup5,cat8,Спагетти (400г.),3.52
2025-11-19,sup8,cat2,Морковь,1.46
2025-11-19,sup1,cat5,Свинина,29.11
2025-11-19,sup5,cat8,Крупа гречневая (700г.),2.07
2025-11-19,sup8,cat2,Огурец,2.95
2025-11-19,sup1,cat11,Сосиски молочные,6.04
2025-11-20,sup1,cat5,Свинина,21.70
2025-11-20,sup5,cat9,Зефир (230г.),8.79
2025-11-20,sup8,cat2,Картофель,1.73
2025-11-20,sup3,cat3,Сметана (180г.),1.94
2025-11-20,sup4,cat7,Форель (200г.),36.50
2025-11-20,sup10,cat2,Лук репчатый,1.54
2025-11-20,sup6,cat10,Батон нарезной (240г.),1.22
2025-11-20,sup12,cat12,Вода негаз. (0.5л.),1.98
2025-11-20,sup5,cat12,Квас светлый (1л.),2.65
2025-11-20,sup1,cat6,Фарш,19.35
2025-11-20,sup8,cat2,Лук репчатый,1.33
2025-11-20,sup5,cat12,Вода негаз. (0.5л.),1.98
2025-11-20,sup3,cat3,Кефир (1л.),2.27
2025-11-20,sup3,cat3,Масло сливочное (360г.),9.49
2025-11-20,sup8,cat2,Морковь,1.22
2025-11-20,sup6,cat10,Батон нарезной (240г.),1.22
2025-11-20,sup1,cat6,Голубцы,26.61
2025-11-20,sup9,cat1,Мандарин,25.84
2025-11-20,sup8,cat1,Груша,19.17
2025-11-20,sup3,cat3,Творог (200г.),2.44
2025-11-20,sup3,cat3,Сыр голландский (200г.),5.02
2025-11-20,sup8,cat2,Морковь,2.46
2025-11-20,sup4,cat7,Креветки,15.32
2025-11-20,sup10,cat2,Свекла,0.58
2025-11-20,sup9,cat1,Мандарин,12.63
2025-11-20,sup1,cat11,Сервелат (400г.),8.51
2025-11-20,sup7,cat10,Багет (200г.),2.49
2025-11-20,sup11,cat2,Огурец,1.52
2025-11-20,sup3,cat3,Сыр сливочный (200г.),5.41
2025-11-20,sup2,cat4,Яйцо куриное Д1 (10шт.),4.98
2025-11-20,sup3,cat3,Сметана (180г.),1.94
2025-11-20,sup8,cat2,Лук репчатый,0.57
2025-11-20,sup5,cat9,Шоколад молочный (90г.),5.99
2025-11-20,sup3,cat3,Кефир (1л.),4.54
2025-11-20,sup10,cat2,Свекла,0.78
2025-11-20,sup6,cat10,Булочка с маком (1шт.),1.49
2025-11-20,sup2,cat6,Фарш,37.51
2025-11-20,sup1,cat5,Говядина,31.59
2025-11-20,sup3,cat3,Кефир (1л.),2.27
2025-11-20,sup1,cat5,Свинина,16.00
2025-11-20,sup2,cat11,Колбаса вареная (400г.),4.98
2025-11-20,sup9,cat1,Хурма,11.06
2025-11-20,sup1,cat11,Колбаса вареная (400г.),4.98
2025-11-20,sup1,cat11,Сосиски молочные,6.15
2025-11-20,sup6,cat10,Батон нарезной (240г.),1.22
2025-11-20,sup3,cat3,Сметана (180г.),3.88
2025-11-20,sup5,cat8,Сахар (1кг.),0.73
2025-11-20,sup3,cat3,Масло сливочное (360г.),9.49
2025-11-20,sup1,cat5,Говядина,35.41
2025-11-21,sup2,cat5,Окорочка куриные,7.24
2025-11-21,sup4,cat7,Форель (200г.),18.25
2025-11-21,sup12,cat12,Coca-Cola (1л.),3.07
2025-11-21,sup11,cat2,Огурец,7.55
2025-11-21,sup2,cat6,Колбаски,19.27
2025-11-21,sup1,cat6,Котлеты,13.50
2025-11-21,sup6,cat10,Лаваш (300г.),2.89
2025-11-21,sup6,cat10,Батон нарезной (240г.),1.22
2025-11-21,sup6,cat10,Батон нарезной (240г.),1.22
2025-11-21,sup3,cat3,Творог (200г.),2.44
2025-11-21,sup6,cat10,Лаваш (300г.),2.89
2025-11-21,sup2,cat4,Яйцо куриное С1 (10шт.),3.81
2025-11-21,sup5,cat8,Пшено (900г.),2.35
2025-11-21,sup9,cat2,Огурец,5.14
2025-11-21,sup2,cat4,Яйцо куриное С1 (10шт.),7.62
2025-11-21,sup4,cat7,Паста рыбная (150г.),2.95
2025-11-21,sup5,cat8,Сахар (1кг.),0.73
2025-11-21,sup5,cat12,Вода негаз. (0.5л.),0.99
2025-11-21,sup2,cat6,Фарш,30.12
2025-11-21,sup5,cat9,Зефир (230г.),8.79
2025-11-21,sup10,cat2,Картофель,2.76
2025-11-21,sup3,cat3,Молоко (1л.),2.60
2025-11-21,sup9,cat1,Мандарин,12.51
2025-11-21,sup3,cat3,Сметана (180г.),1.94
2025-11-21,sup5,cat8,Кофе мол. (250г.),39.98
2025-11-21,sup3,cat3,Молоко (1л.),2.60
2025-11-21,sup7,cat10,Батон нарезной (240г.),1.22
2025-11-21,sup5,cat9,Печенье овсяное (400г.),4.33
2025-11-21,sup9,cat1,Хурма,2.67
2025-11-21,sup8,cat2,Картофель,4.72
2025-11-21,sup7,cat10,Хлеб светлый (400г.),1.20
2025-11-21,sup5,cat12,Сок апельсиновый (1л.),7.20
2025-11-21,sup5,cat12,Сок апельсиновый (1л.),7.20
2025-11-21,sup9,cat1,Банан,2.97
2025-11-21,sup9,cat1,Хурма,13.17
2025-11-21,sup1,cat6,Котлеты,18.75
2025-11-21,sup5,cat8,Кофе мол. (250г.),59.97
2025-11-21,sup2,cat5,Филе куриное,10.42
2025-11-21,sup7,cat10,Сушки (500г.),3.99
2025-11-21,sup6,cat10,Булочка с маком (1шт.),4.47
2025-11-21,sup10,cat2,Картофель,5.04
2025-11-21,sup3,cat3,Молоко (1л.),2.60
2025-11-21,sup9,cat1,Банан,10.66
2025-11-21,sup2,cat6,Голубцы,30.19
2025-11-21,sup8,cat2,Лук репчатый,1.15
2025-11-21,sup2,cat11,Сосиски молочные,5.19
2025-11-21,sup10,cat2,Картофель,4.22
2025-11-21,sup5,cat8,Рис (900г.),3.49
2025-11-21,sup2,cat4,Яйцо куриное С1 (15шт.),6.44
2025-11-21,sup6,cat10,Булочка с маком (1шт.),2.98
2025-11-21,sup2,cat4,Яйцо куриное Д1 (10шт.),4.98
2025-11-21,sup6,cat10,Батон нарезной (240г.),2.44
2025-11-21,sup2,cat11,Колбаса вареная (400г.),4.98
2025-11-21,sup2,cat4,Яйцо куриное С1 (10шт.),3.81
2025-11-21,sup2,cat4,Яйцо куриное С1 (15шт.),6.44
2025-11-21,sup1,cat6,Колбаски,9.15
2025-11-21,sup7,cat10,Хлеб светлый (400г.),1.20
2025-11-21,sup5,cat8,Макароны (900г.),1.49
2025-11-21,sup5,cat9,Конфеты шоколадные,13.19
2025-11-21,sup1,cat5,Говядина,10.81
2025-11-21,sup3,cat3,Кефир (1л.),2.27
2025-11-21,sup6,cat10,Булочка с маком (1шт.),4.47
2025-11-21,sup3,cat3,Сыр голландский (200г.),5.02
2025-11-21,sup12,cat12,Вода негаз. (0.5л.),0.99
2025-11-21,sup1,cat11,Колбаса вареная (400г.),4.98
2025-11-21,sup6,cat10,Батон нарезной (240г.),1.22
2025-11-21,sup3,cat3,Молоко (1.5л.),3.86
2025-11-22,sup3,cat3,Молоко (1.5л.),7.72
2025-11-22,sup2,cat5,Окорочка куриные,4.31
2025-11-22,sup5,cat12,Вода негаз. (0.5л.),1.98
2025-11-22,sup6,cat10,Батон нарезной (240г.),1.22
2025-11-22,sup3,cat3,Сыр голландский (200г.),5.02
2025-11-22,sup3,cat3,Молоко (1.5л.),3.86
2025-11-22,sup9,cat1,Хурма,14.32
2025-11-22,sup6,cat10,Хлеб светлый (400г.),1.20
2025-11-22,sup8,cat2,Свекла,1.66
2025-11-22,sup4,cat7,Хек,7.77
2025-11-22,sup1,cat6,Фарш,22.11
2025-11-22,sup5,cat12,Лимонад (2л.),5.35
2025-11-22,sup6,cat10,Плетенка (450г.),4.04
2025-11-22,sup9,cat1,Банан,13.26
2025-11-22,sup7,cat10,Хлеб ржаной (450г.),1.50
2025-11-22,sup3,cat3,Молоко (1л.),2.60
2025-11-22,sup3,cat3,Сыр сливочный (200г.),10.82
2025-11-22,sup2,cat5,Окорочка куриные,5.61
2025-11-22,sup5,cat8,Спагетти (400г.),1.76
2025-11-22,sup9,cat2,Томат,1.73
2025-11-22,sup5,cat8,Спагетти (400г.),1.76
2025-11-22,sup3,cat3,Сыр сливочный (200г.),5.41
2025-11-22,sup1,cat6,Шашлык,46.11
2025-11-22,sup3,cat3,Сметана (180г.),1.94
2025-11-22,sup5,cat9,Зефир (230г.),8.79
2025-11-22,sup5,cat12,Вода негаз. (0.5л.),0.99
2025-11-22,sup9,cat1,Хурма,15.55
2025-11-22,sup3,cat3,Сметана (380г.),3.71
2025-11-22,sup5,cat8,Кофе мол. (250г.),19.99
2025-11-22,sup3,cat3,Сыр сливочный (200г.),5.41
2025-11-22,sup3,cat3,Кефир (1л.),2.27
2025-11-22,sup12,cat12,Вода негаз. (0.5л.),1.98
2025-11-22,sup5,cat9,Карамель,5.01
2025-11-22,sup1,cat11,Сосиски молочные,10.45
2025-11-22,sup5,cat8,Чай пак. (25шт.),3.80
2025-11-22,sup3,cat3,Кефир (1л.),2.27
2025-11-22,sup3,cat3,Молоко (1л.),2.60
2025-11-22,sup4,cat7,Хек,16.77
2025-11-22,sup5,cat8,Масло подсолнечное (0.8л.),6.06
2025-11-22,sup8,cat2,Капуста,3.15
2025-11-22,sup12,cat12,Coca-Cola (1л.),3.07
2025-11-22,sup4,cat7,Сельдь (250г.),5.99
2025-11-22,sup10,cat2,Лук репчатый,0.85
2025-11-22,sup2,cat5,Филе куриное,11.48
2025-11-22,sup3,cat3,Кефир (1л.),2.27
2025-11-22,sup8,cat2,Лук репчатый,1.44
2025-11-22,sup1,cat6,Колбаски,19.91
2025-11-22,sup10,cat2,Картофель,5.11
2025-11-22,sup3,cat3,Кефир (1л.),2.27
2025-11-22,sup7,cat10,Батон нарезной (240г.),1.22
2025-11-22,sup5,cat12,Сок апельсиновый (1л.),7.20
2025-11-22,sup10,cat1,Яблоко,18.57
2025-11-22,sup4,cat7,Хек,15.91
2025-11-22,sup12,cat12,Вода негаз. (0.5л.),0.99
2025-11-22,sup10,cat1,Груша,14.88
2025-11-22,sup9,cat1,Хурма,13.07
2025-11-22,sup12,cat12,Coca-Cola (1л.),3.07
2025-11-22,sup6,cat10,Батон нарезной (240г.),1.22
2025-11-22,sup5,cat12,Вода негаз. (0.5л.),1.98
2025-11-22,sup10,cat1,Груша,3.58
2025-11-22,sup9,cat1,Банан,15.17
2025-11-22,sup1,cat11,Салями,21.57
2025-11-22,sup3,cat3,Кефир (1л.),2.27
2025-11-22,sup4,cat7,Паста рыбная (150г.),2.95
2025-11-22,sup3,cat3,Масло сливочное (360г.),9.49
2025-11-22,sup1,cat5,Свинина,12.87
2025-11-23,sup8,cat1,Яблоко,9.07
2025-11-23,sup5,cat12,Вода негаз. (0.5л.),0.99
2025-11-23,sup2,cat4,Яйцо куриное Д1 (10шт.),4.98
2025-11-23,sup5,cat8,Крупа гречневая (700г.),2.07
2025-11-23,sup6,cat10,Хлеб светлый (400г.),1.20
2025-11-23,sup2,cat5,Окорочка куриные,3.78
2025-11-23,sup3,cat3,Молоко (1л.),2.60
2025-11-23,sup6,cat10,Батон нарезной (240г.),1.22
2025-11-23,sup3,cat3,Масло сливочное (180г.),4.59
2025-11-23,sup5,cat8,Крупа перловая (1кг.),1.44
2025-11-23,sup5,cat8,Кофе раств. (95г.),29.98
2025-11-23,sup5,cat12,Квас светлый (1л.),2.65
2025-11-23,sup3,cat3,Молоко (1л.),2.60
2025-11-23,sup11,cat2,Томат,21.40
2025-11-23,sup5,cat8,Мука (1кг.),1.64
2025-11-23,sup5,cat8,Спагетти (400г.),1.76
2025-11-23,sup3,cat3,Масло сливочное (180г.),4.59
2025-11-23,sup4,cat7,Форель (200г.),18.25
2025-11-23,sup2,cat5,Филе куриное,12.97
2025-11-23,sup3,cat3,Кефир (1л.),2.27
2025-11-23,sup9,cat1,Хурма,4.76
2025-11-23,sup8,cat2,Капуста,3.69
2025-11-23,sup5,cat8,Чай пак. (25шт.),3.80
2025-11-23,sup9,cat1,Мандарин,24.34
2025-11-23,sup9,cat2,Огурец,5.49
2025-11-23,sup2,cat5,Окорочка куриные,12.31
2025-11-23,sup2,cat11,Колбаса вареная (400г.),4.98
2025-11-23,sup8,cat2,Картофель,5.40
2025-11-23,sup8,cat1,Яблоко,2.17
2025-11-23,sup10,cat1,Яблоко,4.73
2025-11-23,sup3,cat3,Молоко (1л.),2.60
2025-11-23,sup5,cat8,Макароны (900г.),2.98
2025-11-23,sup5,cat9,Печенье овсяное (400г.),4.33
2025-11-23,sup5,cat9,Карамель,7.59
2025-11-23,sup5,cat8,Мука (1кг.),1.64
2025-11-23,sup4,cat7,Минтай,0.70
2025-11-23,sup1,cat11,Салями,21.98
2025-11-23,sup5,cat12,Вода негаз. (0.5л.),1.98
2025-11-23,sup3,cat3,Масло сливочное (360г.),9.49
2025-11-23,sup9,cat1,Хурма,12.18
2025-11-23,sup10,cat2,Картофель,2.57
2025-11-23,sup4,cat7,Кальмар,39.13
2025-11-23,sup10,cat2,Лук репчатый,0.26
2025-11-23,sup7,cat10,Батон нарезной (240г.),2.44
2025-11-23,sup5,cat8,Масло подсолнечное (0.8л.),4.04
2025-11-23,sup5,cat8,Сахар (1кг.),0.73
2025-11-23,sup11,cat2,Огурец,7.62
2025-11-23,sup1,cat11,Колбаса вареная (400г.),4.98
2025-11-23,sup5,cat8,Мука (1кг.),1.64
2025-11-23,sup5,cat8,Спагетти (400г.),3.52
2025-11-23,sup1,cat5,Свинина,26.86
2025-11-23,sup1,cat11,Колбаса вареная (400г.),4.98
2025-11-23,sup2,cat5,Окорочка куриные,5.58
2025-11-23,sup1,cat6,Фарш,21.71
2025-11-23,sup8,cat2,Картофель,1.06
2025-11-23,sup5,cat12,Сок яблочный (1л.),5.17
2025-11-23,sup5,cat8,Крупа манная (1кг.),2.02
2025-11-24,sup8,cat2,Капуста,2.64
2025-11-24,sup8,cat2,Огурец,2.46
2025-11-24,sup7,cat10,Батон нарезной (240г.),1.22
2025-11-24,sup12,cat12,Вода негаз. (0.5л.),0.99
2025-11-24,sup12,cat12,Coca-Cola (1л.),3.07
2025-11-24,sup6,cat10,Лаваш (300г.),2.89
2025-11-24,sup3,cat3,Кефир (1л.),2.27
2025-11-24,sup1,cat6,Фарш,37.34
2025-11-24,sup3,cat3,Сыр российский,8.03
2025-11-24,sup5,cat12,Квас светлый (1л.),2.65
2025-11-24,sup8,cat1,Яблоко,9.19
2025-11-24,sup9,cat1,Мандарин,5.42
2025-11-24,sup3,cat3,Кефир (1л.),2.27
2025-11-24,sup1,cat11,Колбаса вареная (400г.),4.98
2025-11-24,sup9,cat1,Хурма,10.57
2025-11-24,sup6,cat10,Батон нарезной (240г.),1.22
2025-11-24,sup8,cat2,Томат,15.38
2025-11-24,sup10,cat2,Морковь,0.31
2025-11-24,sup1,cat11,Сосиски молочные,8.68
2025-11-24,sup7,cat10,Хлеб светлый (400г.),1.20
2025-11-24,sup5,cat9,Печенье овсяное (400г.),4.33
2025-11-24,sup2,cat5,Окорочка куриные,8.25
2025-11-24,sup4,cat7,Хек,15.57
2025-11-24,sup3,cat3,Кефир (1л.),4.54
2025-11-24,sup2,cat4,Яйцо куриное С1 (10шт.),7.62
2025-11-24,sup1,cat11,Сосиски молочные,11.27
2025-11-24,sup1,cat6,Колбаски,26.89
2025-11-24,sup5,cat8,Кофе мол. (250г.),39.98
2025-11-24,sup5,cat8,Крупа перловая (1кг.),1.44
2025-11-24,sup3,cat3,Творог (200г.),4.88
2025-11-24,sup3,cat3,Молоко (1л.),2.60
2025-11-24,sup3,cat3,Молоко (1л.),2.60
2025-11-24,sup6,cat10,Лаваш (300г.),2.89
2025-11-24,sup5,cat12,Сок яблочный (1л.),5.17
2025-11-24,sup6,cat10,Батон нарезной (240г.),1.22
2025-11-24,sup5,cat9,Конфеты шоколадные,18.10
2025-11-24,sup8,cat1,Груша,3.66
2025-11-24,sup5,cat9,Конфеты шоколадные,8.78
2025-11-24,sup7,cat10,Батон нарезной (240г.),1.22
2025-11-24,sup4,cat7,Сельдь (250г.),5.99
2025-11-24,sup3,cat3,Молоко (1л.),2.60
2025-11-24,sup7,cat10,Батон нарезной (240г.),1.22
2025-11-24,sup5,cat12,Сок апельсиновый (1л.),7.20
2025-11-24,sup5,cat8,Макароны (900г.),2.98
2025-11-24,sup9,cat2,Томат,7.20
2025-11-24,sup6,cat10,Булочка с маком (1шт.),1.49
2025-11-24,sup6,cat10,Хлеб ржаной (450г.),1.50
2025-11-24,sup3,cat3,Сыр голландский (200г.),5.02
2025-11-24,sup6,cat10,Хлеб ржаной (450г.),1.50
2025-11-24,sup5,cat12,Вода негаз. (0.5л.),0.99
2025-11-24,sup7,cat10,Хлеб ржаной (450г.),1.50
2025-11-24,sup2,cat4,Яйцо куриное Д1 (10шт.),4.98
2025-11-25,sup10,cat2,Картофель,1.16
2025-11-25,sup8,cat2,Капуста,3.25
2025-11-25,sup7,cat10,Батон нарезной (240г.),1.22
2025-11-25,sup1,cat5,Свинина,31.20
2025-11-25,sup2,cat5,Окорочка куриные,4.60
2025-11-25,sup5,cat8,Сахар (1кг.),2.19
2025-11-25,sup3,cat3,Сыр сливочный (200г.),5.41
2025-11-25,sup6,cat10,Булочка с маком (1шт.),1.49
2025-11-25,sup3,cat3,Сыр голландский (200г.),5.02
2025-11-25,sup1,cat11,Колбаса вареная (400г.),4.98
2025-11-25,sup5,cat12,Сок яблочный (1л.),5.17
2025-11-25,sup5,cat12,Сок апельсиновый (1л.),7.20
2025-11-25,sup3,cat3,Кефир (1л.),2.27
2025-11-25,sup5,cat12,Лимонад (2л.),5.35
2025-11-25,sup6,cat10,Булочка с маком (1шт.),2.98
2025-11-25,sup5,cat8,Мука (1кг.),1.64
2025-11-25,sup1,cat11,Сервелат (400г.),8.51
2025-11-25,sup5,cat9,Шоколад молочный (90г.),11.98
2025-11-25,sup2,cat5,Окорочка куриные,4.41
2025-11-25,sup5,cat8,Сахар (1кг.),0.73
2025-11-25,sup5,cat9,Конфеты шоколадные,28.97
2025-11-25,sup7,cat10,Багет (200г.),2.49
2025-11-25,sup5,cat12,Вода негаз. (0.5л.),0.99
2025-11-25,sup5,cat12,Лимонад (2л.),5.35
2025-11-25,sup5,cat12,Лимонад (2л.),5.35
2025-11-25,sup5,cat12,Сок яблочный (1л.),5.17
2025-11-25,sup1,cat5,Говядина,33.13
2025-11-25,sup8,cat2,Морковь,0.65
2025-11-25,sup3,cat3,Молоко (1.5л.),7.72
2025-11-25,sup9,cat1,Хурма,11.17
2025-11-25,sup2,cat6,Голубцы,27.92
2025-11-25,sup6,cat10,Батон нарезной (240г.),1.22
2025-11-25,sup10,cat2,Картофель,4.45
2025-11-25,sup2,cat4,Яйцо куриное Д1 (10шт.),4.98
2025-11-25,sup3,cat3,Кефир (1л.),2.27
2025-11-25,sup8,cat2,Лук репчатый,1.46
2025-11-25,sup5,cat8,Крупа манная (1кг.),2.02
2025-11-25,sup7,cat10,Хлеб ржаной (450г.),1.50
2025-11-25,sup5,cat12,Лимонад (2л.),5.35
2025-11-25,sup5,cat8,Мука (2кг.),5.20
2025-11-25,sup3,cat3,Молоко (1.5л.),7.72
2025-11-25,sup5,cat8,Кофе мол. (250г.),19.99
2025-11-25,sup2,cat4,Яйцо куриное С1 (10шт.),3.81
2025-11-25,sup4,cat7,Хек,6.60
2025-11-25,sup11,cat2,Огурец,6.62
2025-11-25,sup2,cat6,Печень куриная (550г.),5.50
2025-11-25,sup9,cat1,Груша,4.35
2025-11-25,sup8,cat2,Томат,9.88
2025-11-25,sup3,cat3,Масло сливочное (180г.),4.59
2025-11-25,sup3,cat3,Сметана (180г.),1.94
2025-11-26,sup8,cat2,Огурец,5.92
2025-11-26,sup4,cat7,Креветки,38.69
2025-11-26,sup3,cat3,Кефир (1л.),2.27
2025-11-26,sup9,cat1,Хурма,10.94
2025-11-26,sup3,cat3,Молоко (1л.),2.60
2025-11-26,sup3,cat3,Кефир (1л.),2.27
2025-11-26,sup5,cat12,Вода негаз. (0.5л.),0.99
2025-11-26,sup10,cat2,Картофель,1.96
2025-11-26,sup3,cat3,Кефир (1л.),2.27
2025-11-26,sup1,cat5,Говядина,24.03
2025-11-26,sup2,cat4,Яйцо куриное Д1 (10шт.),4.98
2025-11-26,sup6,cat10,Батон нарезной (240г.),1.22
2025-11-26,sup7,cat10,Батон нарезной (240г.),1.22
2025-11-26,sup2,cat5,Филе куриное,3.48
2025-11-26,sup5,cat8,Крупа гречневая (700г.),2.07
2025-11-26,sup3,cat3,Молоко (1л.),2.60
2025-11-26,sup8,cat2,Свекла,0.26
2025-11-26,sup3,cat3,Молоко (1.5л.),3.86
2025-11-26,sup5,cat9,Шоколад молочный (90г.),5.99
2025-11-26,sup5,cat8,Кофе раств. (95г.),14.99
2025-11-26,sup1,cat5,Свинина,29.16
2025-11-26,sup6,cat10,Сушки (500г.),3.99
2025-11-26,sup2,cat11,Сосиски молочные,7.04
2025-11-26,sup6,cat10,Хлеб светлый (400г.),1.20
2025-11-26,sup3,cat3,Сыр сливочный (200г.),5.41
2025-11-26,sup2,cat11,Сосиски молочные,4.43
2025-11-26,sup2,cat6,Печень куриная (550г.),5.50
2025-11-26,sup4,cat7,Минтай,1.08
2025-11-26,sup2,cat4,Яйцо куриное С1 (15шт.),6.44
2025-11-26,sup9,cat2,Огурец,1.50
2025-11-26,sup7,cat10,Хлеб ржаной (450г.),1.50
2025-11-26,sup10,cat2,Картофель,3.29
2025-11-26,sup2,cat5,Окорочка куриные,9.56
2025-11-26,sup5,cat12,Вода мин. газ. (1л.),4.77
2025-11-26,sup2,cat11,Сосиски молочные,11.53
2025-11-26,sup11,cat2,Огурец,7.23
2025-11-26,sup1,cat5,Говядина,32.45
2025-11-26,sup5,cat9,Конфеты шоколадные,31.83
2025-11-26,sup1,cat6,Колбаски,40.01
2025-11-26,sup1,cat6,Голубцы,30.29
2025-11-26,sup8,cat2,Томат,3.61
2025-11-26,sup2,cat4,Яйцо куриное С1 (10шт.),7.62
2025-11-26,sup6,cat10,Плетенка (450г.),4.04
2025-11-26,sup3,cat3,Творог (200г.),2.44
2025-11-26,sup1,cat11,Колбаса вареная (400г.),4.98
2025-11-26,sup5,cat12,Квас светлый (1л.),2.65
2025-11-26,sup8,cat2,Картофель,3.82
2025-11-26,sup6,cat10,Лаваш (300г.),2.89
2025-11-26,sup3,cat3,Сметана (180г.),1.94
2025-11-26,sup8,cat1,Груша,6.95
2025-11-26,sup3,cat3,Творог (200г.),7.32
2025-11-26,sup5,cat8,Крупа гречневая (700г.),2.07
2025-11-27,sup5,cat9,Печенье овсяное (400г.),4.33
2025-11-27,sup5,cat9,Конфеты шоколадные,26.59
2025-11-27,sup5,cat8,Крупа перловая (1кг.),1.44
2025-11-27,sup9,cat1,Хурма,0.86
2025-11-27,sup3,cat3,Творог (200г.),2.44
2025-11-27,sup10,cat2,Картофель,1.91
2025-11-27,sup2,cat4,Яйцо куриное С1 (15шт.),6.44
2025-11-27,sup6,cat10,Хлеб светлый (400г.),1.20
2025-11-27,sup3,cat3,Молоко (1л.),2.60
2025-11-27,sup8,cat2,Томат,14.04
2025-11-27,sup6,cat10,Хлеб светлый (400г.),1.20
2025-11-27,sup12,cat12,Coca-Cola (1л.),6.14
2025-11-27,sup3,cat3,Творог (200г.),7.32
2025-11-27,sup7,cat10,Хлеб ржаной (450г.),1.50
2025-11-27,sup2,cat6,Котлеты,14.49
2025-11-27,sup3,cat3,Молоко (1л.),2.60
2025-11-27,sup9,cat1,Хурма,7.12
2025-11-27,sup2,cat4,Яйцо куриное С1 (15шт.),6.44
2025-11-27,sup2,cat5,Окорочка куриные,11.18
2025-11-27,sup9,cat2,Томат,5.10
2025-11-27,sup5,cat8,Соль (1кг.),1.46
2025-11-27,sup3,cat3,Молоко (1л.),5.20
2025-11-27,sup6,cat10,Плетенка (450г.),4.04
2025-11-27,sup2,cat4,Яйцо куриное С1 (15шт.),6.44
2025-11-27,sup11,cat2,Томат,17.72
2025-11-27,sup6,cat10,Батон нарезной (240г.),2.44
2025-11-27,sup8,cat2,Огурец,6.52
2025-11-27,sup6,cat10,Плетенка (450г.),4.04
2025-11-27,sup10,cat2,Лук репчатый,0.25
2025-11-27,sup9,cat1,Хурма,8.74
2025-11-27,sup8,cat2,Томат,21.49
2025-11-27,sup6,cat10,Батон нарезной (240г.),1.22
2025-11-27,sup2,cat6,Котлеты,23.91
2025-11-27,sup1,cat5,Говядина,11.66
2025-11-27,sup1,cat11,Колбаски охотничьи (500г.),18.40
2025-11-27,sup3,cat3,Молоко (1л.),5.20
2025-11-27,sup9,cat2,Огурец,5.73
2025-11-27,sup5,cat12,Вода негаз. (0.5л.),1.98
2025-11-27,sup3,cat3,Сыр российский,17.28
2025-11-27,sup2,cat11,Ветчина,11.73
2025-11-27,sup5,cat8,Мука (1кг.),1.64
2025-11-27,sup1,cat6,Фарш,13.33
2025-11-27,sup12,cat12,Вода негаз. (0.5л.),0.99
2025-11-27,sup4,cat7,Минтай,1.61
2025-11-27,sup11,cat2,Томат,11.86
2025-11-27,sup2,cat4,Яйцо куриное С1 (10шт.),3.81
2025-11-27,sup3,cat3,Молоко (1л.),2.60
2025-11-27,sup8,cat2,Картофель,0.77
2025-11-27,sup6,cat10,Батон нарезной (240г.),1.22
2025-11-28,sup6,cat10,Хлеб светлый (400г.),1.20
2025-11-28,sup2,cat11,Сосиски молочные,10.69
2025-11-28,sup2,cat4,Яйцо куриное С1 (10шт.),3.81
2025-11-28,sup3,cat3,Масло сливочное (180г.),4.59
2025-11-28,sup4,cat7,Паста рыбная (150г.),2.95
2025-11-28,sup5,cat8,Крупа гречневая (700г.),2.07
2025-11-28,sup10,cat2,Свекла,1.49
2025-11-28,sup2,cat5,Окорочка куриные,5.39
2025-11-28,sup6,cat10,Булочка с маком (1шт.),1.49
2025-11-28,sup12,cat12,Coca-Cola (1л.),3.07
2025-11-28,sup6,cat10,Хлеб светлый (400г.),1.20
2025-11-28,sup8,cat2,Томат,11.51
2025-11-28,sup8,cat1,Яблоко,17.59
2025-11-28,sup8,cat2,Лук репчатый,1.61
2025-11-28,sup2,cat4,Яйцо перепелиное (10шт.),2.95
2025-11-28,sup1,cat5,Свинина,40.70
2025-11-28,sup8,cat2,Лук репчатый,1.57
2025-11-28,sup2,cat6,Колбаски,39.73
2025-11-28,sup4,cat7,Минтай,1.47
2025-11-28,sup5,cat8,Мука (2кг.),2.60
2025-11-28,sup3,cat3,Сметана (380г.),7.42
2025-11-28,sup1,cat5,Свинина,26.95
2025-11-28,sup7,cat10,Батон нарезной (240г.),1.22
2025-11-28,sup6,cat10,Булочка с маком (1шт.),1.49
2025-11-28,sup12,cat12,Вода негаз. (0.5л.),0.99
2025-11-28,sup6,cat10,Батон нарезной (240г.),2.44
2025-11-28,sup9,cat1,Банан,7.49
2025-11-28,sup3,cat3,Молоко (1л.),2.60
2025-11-28,sup3,cat3,Кефир (1л.),2.27
2025-11-28,sup9,cat1,Хурма,3.05
2025-11-28,sup8,cat2,Огурец,2.67
2025-11-28,sup12,cat12,Coca-Cola (1л.),3.07
2025-11-28,sup5,cat12,Квас светлый (1л.),2.65
2025-11-28,sup5,cat12,Вода негаз. (0.5л.),0.99
2025-11-28,sup9,cat2,Томат,11.99
2025-11-28,sup6,cat10,Хлеб ржаной (450г.),1.50
2025-11-28,sup9,cat1,Хурма,3.26
2025-11-28,sup6,cat10,Батон нарезной (240г.),1.22
2025-11-28,sup1,cat11,Колбаски охотничьи (500г.),9.20
2025-11-28,sup6,cat10,Багет (200г.),2.49
2025-11-28,sup3,cat3,Молоко (1л.),2.60
2025-11-28,sup3,cat3,Кефир (1л.),2.27
2025-11-28,sup7,cat10,Батон нарезной (240г.),1.22
2025-11-28,sup10,cat12,Сок яблочный (1л.),10.34
2025-11-28,sup8,cat2,Морковь,0.81
2025-11-28,sup3,cat3,Молоко (1.5л.),3.86
2025-11-28,sup3,cat3,Масло сливочное (180г.),9.18
2025-11-28,sup3,cat3,Масло сливочное (360г.),9.49
2025-11-28,sup4,cat7,Паста рыбная (150г.),2.95
2025-11-28,sup2,cat4,Яйцо куриное С1 (15шт.),6.44
2025-11-28,sup5,cat9,Печенье овсяное (400г.),4.33
2025-11-28,sup5,cat8,Макароны (900г.),1.49
2025-11-28,sup5,cat12,Лимонад (2л.),5.35
2025-11-28,sup3,cat3,Молоко (1л.),2.60
2025-11-28,sup9,cat1,Банан,6.44
2025-11-28,sup2,cat4,Яйцо куриное С1 (10шт.),3.81
2025-11-28,sup3,cat3,Масло сливочное (180г.),4.59
2025-11-28,sup6,cat10,Булочка с маком (1шт.),1.49
2025-11-28,sup1,cat11,Сервелат (400г.),8.51
2025-11-28,sup2,cat6,Шашлык,38.39
2025-11-28,sup6,cat10,Батон нарезной (240г.),1.22
2025-11-28,sup8,cat2,Огурец,5.44
2025-11-28,sup6,cat10,Батон нарезной (240г.),1.22
2025-11-28,sup1,cat11,Колбаса вареная (400г.),4.98
2025-11-28,sup10,cat2,Лук репчатый,1.12
2025-11-29,sup3,cat3,Кефир (1л.),4.54
2025-11-29,sup5,cat9,Конфеты шоколадные,25.32
2025-11-29,sup5,cat12,Сок апельсиновый (1л.),7.20
2025-11-29,sup8,cat1,Груша,8.73
2025-11-29,sup5,cat9,Карамель,0.96
2025-11-29,sup6,cat10,Булочка с маком (1шт.),2.98
2025-11-29,sup1,cat5,Свинина,30.43
2025-11-29,sup5,cat8,Сахар (1кг.),0.73
2025-11-29,sup1,cat11,Бекон (220г),9.99
2025-11-29,sup5,cat12,Лимонад (2л.),5.35
2025-11-29,sup6,cat10,Булочка с маком (1шт.),1.49
2025-11-29,sup5,cat12,Лимонад (2л.),5.35
2025-11-29,sup6,cat10,Батон нарезной (240г.),2.44
2025-11-29,sup1,cat5,Свинина,28.45
2025-11-29,sup7,cat10,Батон нарезной (240г.),1.22
2025-11-29,sup7,cat10,Батон нарезной (240г.),1.22
2025-11-29,sup9,cat1,Мандарин,29.70
2025-11-29,sup2,cat4,Яйцо перепелиное (10шт.),2.95
2025-11-29,sup6,cat10,Батон нарезной (240г.),1.22
2025-11-29,sup7,cat10,Батон нарезной (240г.),2.44
2025-11-29,sup5,cat9,Печенье овсяное (400г.),4.33
2025-11-29,sup1,cat6,Колбаски,29.11
2025-11-29,sup2,cat6,Печень куриная (550г.),5.50
2025-11-29,sup3,cat3,Творог (200г.),2.44
2025-11-29,sup6,cat10,Батон нарезной (240г.),1.22
2025-11-29,sup5,cat8,Крупа перловая (1кг.),1.44
2025-11-29,sup7,cat10,Хлеб светлый (400г.),1.20
2025-11-29,sup5,cat8,Соль (1кг.),0.73
2025-11-29,sup9,cat1,Хурма,15.13
2025-11-29,sup2,cat4,Яйцо куриное С1 (15шт.),6.44
2025-11-29,sup3,cat3,Сметана (380г.),3.71
2025-11-29,sup10,cat1,Груша,3.85
2025-11-29,sup9,cat1,Хурма,9.06
2025-11-29,sup2,cat4,Яйцо куриное Д1 (10шт.),4.98
2025-11-29,sup10,cat1,Груша,14.73
2025-11-29,sup3,cat3,Молоко (1л.),2.60
2025-11-29,sup5,cat12,Сок яблочный (1л.),5.17
2025-11-29,sup1,cat6,Котлеты,6.48
2025-11-29,sup6,cat10,Батон нарезной (240г.),1.22
2025-11-29,sup6,cat10,Булочка с маком (1шт.),4.47
2025-11-29,sup8,cat2,Морковь,1.04
2025-11-29,sup10,cat2,Морковь,1.85
2025-11-29,sup3,cat3,Творог (200г.),2.44
2025-11-29,sup3,cat3,Сметана (380г.),3.71
2025-11-29,sup3,cat3,Сыр сливочный (200г.),5.41
2025-11-29,sup10,cat2,Лук репчатый,0.91
2025-11-29,sup4,cat7,Кальмар,37.75
2025-11-29,sup9,cat1,Груша,7.35
2025-11-29,sup6,cat10,Батон нарезной (240г.),1.22
2025-11-29,sup5,cat8,Макароны (900г.),1.49
2025-11-29,sup9,cat1,Хурма,7.03
2025-11-29,sup6,cat10,Лаваш (300г.),2.89
2025-11-29,sup8,cat2,Свекла,1.10
2025-11-29,sup9,cat1,Груша,15.72
2025-11-29,sup2,cat4,Яйцо куриное Д1 (10шт.),4.98
2025-11-29,sup7,cat10,Багет (200г.),2.49
2025-11-29,sup7,cat10,Батон нарезной (240г.),1.22
2025-11-29,sup1,cat11,Ветчина,16.39
2025-11-29,sup9,cat1,Банан,12.46
2025-11-29,sup8,cat2,Капуста,3.41
2025-11-29,sup6,cat10,Булочка с маком (1шт.),2.98
2025-11-29,sup5,cat12,Вода мин. газ. (1л.),1.59
2025-11-29,sup8,cat2,Лук репчатый,0.48
2025-11-29,sup2,cat5,Окорочка куриные,11.70
2025-11-30,sup5,cat8,Мука (1кг.),1.64
2025-11-30,sup4,cat7,Креветки,25.01
2025-11-30,sup5,cat8,Мука (2кг.),2.60
2025-11-30,sup10,cat2,Морковь,2.59
2025-11-30,sup9,cat1,Мандарин,3.61
2025-11-30,sup8,cat2,Морковь,2.43
2025-11-30,sup5,cat12,Вода негаз. (0.5л.),1.98
2025-11-30,sup9,cat1,Хурма,11.68
2025-11-30,sup1,cat5,Говядина,25.27
2025-11-30,sup5,cat12,Лимонад (2л.),5.35
2025-11-30,sup5,cat9,Конфеты шоколадные,15.38
2025-11-30,sup10,cat2,Лук репчатый,1.20
2025-11-30,sup5,cat9,Конфеты шоколадные,28.09
2025-11-30,sup4,cat7,Икра лососевая (140г.),32.99
2025-11-30,sup3,cat3,Масло сливочное (180г.),4.59
2025-11-30,sup3,cat3,Кефир (1л.),2.27
2025-11-30,sup2,cat4,Яйцо куриное С1 (10шт.),3.81
2025-11-30,sup8,cat2,Томат,3.62
2025-11-30,sup7,cat10,Батон нарезной (240г.),1.22
2025-11-30,sup9,cat2,Томат,23.51
2025-11-30,sup3,cat3,Сметана (180г.),3.88
2025-11-30,sup8,cat2,Морковь,0.45
2025-11-30,sup1,cat11,Колбаса вареная (400г.),4.98
2025-11-30,sup5,cat8,Спагетти (400г.),1.76
2025-11-30,sup5,cat9,Шоколад молочный (90г.),5.99
2025-11-30,sup5,cat12,Лимонад (2л.),5.35
2025-11-30,sup2,cat5,Окорочка куриные,12.48
2025-11-30,sup5,cat9,Конфеты шоколадные,13.43
2025-11-30,sup1,cat6,Колбаски,36.33
2025-11-30,sup10,cat2,Морковь,0.67
2025-11-30,sup10,cat2,Лук репчатый,1.26
2025-11-30,sup1,cat5,Говядина,22.95
2025-11-30,sup4,cat7,Минтай,0.88
2025-11-30,sup3,cat3,Молоко (1л.),2.60
2025-11-30,sup2,cat6,Фарш,18.49
2025-11-30,sup2,cat11,Колбаса вареная (400г.),4.98
2025-11-30,sup7,cat10,Хлеб светлый (400г.),1.20
2025-11-30,sup3,cat3,Сметана (180г.),1.94
2025-11-30,sup6,cat10,Батон нарезной (240г.),1.22
2025-11-30,sup1,cat6,Голубцы,17.73
2025-11-30,sup3,cat3,Сметана (180г.),1.94
2025-11-30,sup12,cat12,Coca-Cola (1л.),6.14
2025-11-30,sup8,cat2,Картофель,0.70
2025-11-30,sup8,cat2,Лук репчатый,1.80
2025-11-30,sup11,cat2,Томат,12.49
2025-11-30,sup5,cat8,Масло подсолнечное (0.8л.),2.02
2025-11-30,sup8,cat2,Картофель,1.04
2025-11-30,sup2,cat6,Колбаски,40.29
2025-11-30,sup8,cat2,Лук репчатый,0.94
2025-11-30,sup8,cat2,Огурец,4.58
2025-11-30,sup12,cat12,Coca-Cola (1л.),3.07
2025-11-30,sup10,cat2,Картофель,4.85
2025-11-30,sup6,cat10,Батон нарезной (240г.),1.22
2025-11-30,sup5,cat9,Зефир (230г.),8.79
2025-11-30,sup9,cat1,Банан,8.29
2025-11-30,sup8,cat2,Свекла,0.77
2025-11-30,sup3,cat3,Кефир (1л.),2.27
2025-11-30,sup4,cat7,Кальмар,25.86
2025-11-30,sup5,cat12,Вода негаз. (0.5л.),0.99
2025-12-01,sup5,cat9,Печенье овсяное (400г.),8.66
2025-12-01,sup6,cat10,Батон нарезной (240г.),1.22
2025-12-01,sup2,cat11,Колбаса вареная (400г.),4.98
2025-12-01,sup8,cat2,Картофель,4.54
2025-12-01,sup8,cat2,Лук репчатый,1.45
2025-12-01,sup5,cat12,Сок апельсиновый (1л.),7.20
2025-12-01,sup4,cat7,Хек,5.66
2025-12-01,sup3,cat3,Кефир (1л.),2.27
2025-12-01,sup3,cat3,Молоко (1л.),2.60
2025-12-01,sup1,cat5,Говядина,26.74
2025-12-01,sup2,cat6,Котлеты,13.66
2025-12-01,sup5,cat8,Крупа гречневая (700г.),2.07
2025-12-01,sup9,cat1,Мандарин,27.18
2025-12-01,sup1,cat5,Говядина,19.33
2025-12-01,sup5,cat12,Вода негаз. (0.5л.),1.98
2025-12-01,sup2,cat4,Яйцо куриное Д1 (10шт.),4.98
2025-12-01,sup10,cat2,Картофель,4.99
2025-12-01,sup12,cat12,Вода негаз. (0.5л.),0.99
2025-12-01,sup5,cat12,Квас светлый (1л.),2.65
2025-12-01,sup9,cat1,Мандарин,7.82
2025-12-01,sup11,cat2,Огурец,2.85
2025-12-01,sup5,cat8,Чай пак. (25шт.),3.80
2025-12-01,sup2,cat5,Филе куриное,7.90
2025-12-01,sup3,cat3,Молоко (1л.),2.60
2025-12-01,sup1,cat6,Фарш,33.26
2025-12-01,sup5,cat8,Спагетти (400г.),1.76
2025-12-01,sup2,cat4,Яйцо куриное С1 (10шт.),3.81
2025-12-01,sup5,cat9,Шоколад молочный (90г.),5.99
2025-12-01,sup10,cat2,Картофель,4.95
2025-12-01,sup9,cat1,Мандарин,1.54
2025-12-01,sup6,cat10,Булочка с маком (1шт.),2.98
2025-12-01,sup5,cat8,Сахар (1кг.),0.73
2025-12-01,sup3,cat3,Кефир (1л.),2.27
2025-12-01,sup2,cat4,Яйцо перепелиное (10шт.),2.95
2025-12-01,sup6,cat10,Батон нарезной (240г.),1.22
2025-12-01,sup7,cat10,Батон нарезной (240г.),1.22
2025-12-01,sup5,cat8,Макароны (900г.),1.49
2025-12-01,sup5,cat12,Вода мин. газ. (1л.),3.18
2025-12-01,sup5,cat12,Квас светлый (1л.),2.65
2025-12-01,sup1,cat5,Свинина,35.57
2025-12-01,sup10,cat2,Лук репчатый,0.21
2025-12-01,sup4,cat7,Сельдь (250г.),5.99
2025-12-01,sup10,cat1,Груша,18.89
2025-12-01,sup5,cat8,Крупа перловая (1кг.),1.44
2025-12-01,sup5,cat8,Кофе мол. (250г.),59.97
2025-12-01,sup8,cat2,Картофель,2.51
2025-12-01,sup6,cat10,Батон нарезной (240г.),1.22
2025-12-01,sup2,cat11,Колбаса вареная (400г.),4.98
2025-12-01,sup7,cat10,Хлеб ржаной (450г.),1.50
2025-12-01,sup5,cat12,Сок апельсиновый (1л.),7.20
2025-12-02,sup5,cat8,Кофе мол. (250г.),39.98
2025-12-02,sup3,cat3,Молоко (1л.),2.60
2025-12-02,sup10,cat2,Лук репчатый,1.81
2025-12-02,sup9,cat1,Хурма,9.27
2025-12-02,sup7,cat10,Багет (200г.),2.49
2025-12-02,sup1,cat11,Колбаса вареная (400г.),4.98
2025-12-02,sup8,cat2,Морковь,1.49
2025-12-02,sup1,cat11,Колбаса вареная (400г.),4.98
2025-12-02,sup2,cat11,Сосиски молочные,9.80
2025-12-02,sup5,cat9,Карамель,7.85
2025-12-02,sup9,cat2,Огурец,7.03
2025-12-02,sup9,cat1,Мандарин,18.46
2025-12-02,sup9,cat2,Огурец,8.16
2025-12-02,sup8,cat2,Картофель,4.58
2025-12-02,sup2,cat6,Голубцы,26.11
2025-12-02,sup1,cat6,Голубцы,21.71
2025-12-02,sup9,cat1,Мандарин,23.15
2025-12-02,sup6,cat10,Сушки (500г.),3.99
2025-12-02,sup9,cat1,Мандарин,20.64
2025-12-02,sup6,cat10,Багет (200г.),2.49
2025-12-02,sup1,cat6,Голубцы,22.57
2025-12-02,sup12,cat12,Coca-Cola (1л.),3.07
2025-12-02,sup9,cat2,Огурец,6.55
2025-12-02,sup5,cat8,Крупа манная (1кг.),2.02
2025-12-02,sup10,cat2,Лук репчатый,1.50
2025-12-02,sup1,cat5,Свинина,39.36
2025-12-02,sup8,cat2,Томат,2.25
2025-12-02,sup2,cat11,Сосиски молочные,3.94
2025-12-02,sup5,cat8,Сахар (1кг.),0.73
2025-12-02,sup5,cat8,Чай пак. (25шт.),3.80
2025-12-02,sup4,cat7,Кальмар,38.60
2025-12-02,sup2,cat5,Окорочка куриные,4.76
2025-12-02,sup6,cat10,Батон нарезной (240г.),2.44
2025-12-02,sup3,cat3,Кефир (1л.),2.27
2025-12-02,sup1,cat11,Сосиски молочные,6.99
2025-12-02,sup2,cat4,Яйцо куриное С1 (10шт.),3.81
2025-12-02,sup5,cat8,Кофе мол. (250г.),39.98
2025-12-02,sup8,cat2,Капуста,2.63
2025-12-02,sup6,cat10,Хлеб светлый (400г.),1.20
2025-12-02,sup3,cat3,Творог (200г.),2.44
2025-12-02,sup3,cat3,Молоко (1л.),2.60
2025-12-02,sup9,cat1,Хурма,15.58
2025-12-02,sup9,cat1,Банан,14.78
2025-12-02,sup1,cat5,Говядина,27.24
2025-12-02,sup7,cat10,Хлеб светлый (400г.),1.20
2025-12-02,sup6,cat10,Сушки (500г.),3.99
2025-12-02,sup4,cat7,Скумбрия,12.45
2025-12-02,sup4,cat7,Форель (200г.),18.25
2025-12-02,sup5,cat8,Кофе раств. (95г.),14.99
2025-12-02,sup1,cat5,Свинина,32.47
2025-12-02,sup4,cat7,Паста рыбная (150г.),2.95
2025-12-02,sup10,cat2,Картофель,0.38
2025-12-03,sup5,cat8,Мука (1кг.),1.64
2025-12-03,sup3,cat3,Молоко (1л.),2.60
2025-12-03,sup7,cat10,Батон нарезной (240г.),1.22
2025-12-03,sup6,cat10,Хлеб ржаной (450г.),1.50
2025-12-03,sup2,cat4,Яйцо перепелиное (10шт.),2.95
2025-12-03,sup9,cat2,Огурец,4.07
2025-12-03,sup3,cat3,Творог (200г.),2.44
2025-12-03,sup9,cat1,Хурма,8.20
2025-12-03,sup5,cat12,Вода негаз. (0.5л.),1.98
2025-12-03,sup5,cat8,Масло подсолнечное (0.8л.),4.04
2025-12-03,sup9,cat2,Огурец,3.04
2025-12-03,sup3,cat3,Молоко (1л.),2.60
2025-12-03,sup3,cat3,Масло сливочное (180г.),4.59
2025-12-03,sup7,cat10,Батон нарезной (240г.),1.22
2025-12-03,sup3,cat3,Молоко (1.5л.),3.86
2025-12-03,sup5,cat12,Квас светлый (1л.),2.65
2025-12-03,sup6,cat10,Батон нарезной (240г.),1.22
2025-12-03,sup5,cat9,Конфеты шоколадные,26.96
2025-12-03,sup12,cat12,Вода негаз. (0.5л.),0.99
2025-12-03,sup4,cat7,Креветки,30.37
2025-12-03,sup2,cat4,Яйцо перепелиное (20шт.),4.65
2025-12-03,sup6,cat10,Хлеб светлый (400г.),1.20
2025-12-03,sup8,cat2,Лук репчатый,0.49
2025-12-03,sup5,cat9,Печенье овсяное (400г.),8.66
2025-12-03,sup10,cat2,Картофель,3.97
2025-12-03,sup1,cat11,Колбаса вареная (400г.),4.98
2025-12-03,sup4,cat7,Форель (200г.),18.25
2025-12-03,sup2,cat5,Окорочка куриные,4.12
2025-12-03,sup5,cat8,Масло подсолнечное (0.8л.),2.02
2025-12-03,sup5,cat8,Кофе мол. (250г.),19.99
2025-12-03,sup1,cat6,Колбаски,25.45
2025-12-03,sup4,cat7,Форель (200г.),18.25
2025-12-03,sup1,cat11,Сервелат (400г.),8.51
2025-12-03,sup2,cat4,Яйцо перепелиное (10шт.),2.95
2025-12-03,sup2,cat6,Котлеты,15.45
2025-12-03,sup2,cat11,Сосиски молочные,3.97
2025-12-03,sup5,cat8,Масло подсолнечное (0.8л.),2.02
2025-12-03,sup2,cat4,Яйцо куриное Д1 (10шт.),4.98
2025-12-03,sup2,cat5,Окорочка куриные,5.32
2025-12-03,sup3,cat3,Кефир (1л.),2.27
2025-12-03,sup3,cat3,Молоко (1л.),2.60
2025-12-03,sup3,cat3,Молоко (1л.),2.60
2025-12-03,sup2,cat6,Колбаски,25.24
2025-12-03,sup2,cat6,Голубцы,8.73
2025-12-03,sup4,cat7,Скумбрия,9.60
2025-12-03,sup8,cat2,Томат,4.46
2025-12-03,sup1,cat11,Сосиски молочные,6.56
2025-12-03,sup3,cat3,Масло сливочное (180г.),4.59
2025-12-03,sup10,cat1,Груша,11.16
2025-12-04,sup3,cat3,Творог (200г.),4.88
2025-12-04,sup4,cat7,Форель (200г.),18.25
2025-12-04,sup3,cat3,Молоко (1л.),2.60
2025-12-04,sup10,cat2,Картофель,2.72
2025-12-04,sup3,cat3,Сметана (380г.),3.71
2025-12-04,sup7,cat10,Хлеб ржаной (450г.),1.50
2025-12-04,sup4,cat7,Сельдь (250г.),11.98
2025-12-04,sup4,cat7,Форель (200г.),18.25
2025-12-04,sup12,cat12,Вода негаз. (0.5л.),1.98
2025-12-04,sup5,cat8,Масло распсовое (0.8л.),4.99
2025-12-04,sup9,cat1,Банан,3.53
2025-12-04,sup2,cat4,Яйцо куриное С1 (10шт.),3.81
2025-12-04,sup5,cat8,Кофе раств. (95г.),29.98
2025-12-04,sup3,cat3,Молоко (1л.),2.60
2025-12-04,sup6,cat10,Хлеб светлый (400г.),1.20
2025-12-04,sup2,cat4,Яйцо куриное С1 (15шт.),6.44
2025-12-04,sup3,cat3,Молоко (1л.),2.60
2025-12-04,sup6,cat10,Батон нарезной (240г.),1.22
2025-12-04,sup6,cat10,Хлеб светлый (400г.),1.20
2025-12-04,sup5,cat8,Пшено (900г.),2.35
2025-12-04,sup9,cat1,Хурма,1.04
2025-12-04,sup3,cat3,Кефир (1л.),2.27
2025-12-04,sup2,cat4,Яйцо куриное С1 (10шт.),3.81
2025-12-04,sup10,cat2,Картофель,0.26
2025-12-04,sup5,cat8,Крупа манная (1кг.),2.02
2025-12-04,sup5,cat8,Сахар (1кг.),0.73
2025-12-04,sup3,cat3,Кефир (1л.),4.54
2025-12-04,sup2,cat5,Филе куриное,16.23
2025-12-04,sup1,cat11,Салями,21.71
2025-12-04,sup5,cat8,Крупа манная (1кг.),2.02
2025-12-04,sup8,cat2,Огурец,4.80
2025-12-04,sup1,cat11,Ветчина,5.14
2025-12-04,sup2,cat11,Сосиски молочные,10.29
2025-12-04,sup2,cat11,Ветчина,13.46
2025-12-04,sup8,cat1,Груша,14.40
2025-12-04,sup4,cat7,Паста рыбная (150г.),2.95
2025-12-04,sup3,cat3,Творог (200г.),4.88
2025-12-04,sup5,cat8,Крупа перловая (1кг.),1.44
2025-12-04,sup5,cat9,Зефир (230г.),8.79
2025-12-04,sup8,cat2,Томат,21.31
2025-12-04,sup12,cat12,Вода негаз. (0.5л.),1.98
2025-12-04,sup3,cat3,Кефир (1л.),2.27
2025-12-04,sup5,cat8,Крупа гречневая (700г.),2.07
2025-12-04,sup3,cat3,Молоко (1л.),2.60
2025-12-04,sup3,cat3,Молоко (1л.),2.60
2025-12-04,sup5,cat9,Карамель,4.80
2025-12-04,sup7,cat10,Батон нарезной (240г.),1.22
2025-12-04,sup1,cat5,Говядина,22.08
2025-12-04,sup6,cat10,Батон нарезной (240г.),1.22
2025-12-04,sup9,cat2,Огурец,3.33
2025-12-04,sup10,cat2,Лук репчатый,1.99
2025-12-04,sup6,cat10,Лаваш (300г.),2.89
2025-12-05,sup3,cat3,Молоко (1.5л.),3.86
2025-12-05,sup7,cat10,Батон нарезной (240г.),1.22
2025-12-05,sup3,cat3,Творог (200г.),2.44
2025-12-05,sup3,cat3,Молоко (1л.),2.60
2025-12-05,sup3,cat3,Кефир (1л.),2.27
2025-12-05,sup9,cat1,Хурма,13.79
2025-12-05,sup5,cat9,Печенье овсяное (400г.),4.33
2025-12-05,sup5,cat9,Конфеты шоколадные,6.28
2025-12-05,sup3,cat3,Масло сливочное (180г.),4.59
2025-12-05,sup7,cat10,Батон нарезной (240г.),2.44
2025-12-05,sup12,cat12,Вода негаз. (0.5л.),0.99
2025-12-05,sup3,cat3,Кефир (1л.),2.27
2025-12-05,sup1,cat5,Свинина,38.10
2025-12-05,sup4,cat7,Форель (200г.),36.50
2025-12-05,sup2,cat4,Яйцо куриное Д1 (10шт.),4.98
2025-12-05,sup9,cat1,Хурма,12.67
2025-12-05,sup3,cat3,Молоко (1л.),2.60
2025-12-05,sup5,cat8,Крупа перловая (1кг.),1.44
2025-12-05,sup6,cat10,Хлеб ржаной (450г.),1.50
2025-12-05,sup8,cat2,Картофель,0.77
2025-12-05,sup3,cat3,Творог (200г.),2.44
2025-12-05,sup3,cat3,Творог (200г.),2.44
2025-12-05,sup12,cat12,Coca-Cola (1л.),3.07
2025-12-05,sup5,cat9,Печенье овсяное (400г.),4.33
2025-12-05,sup8,cat2,Огурец,7.57
2025-12-05,sup3,cat3,Молоко (1л.),2.60
2025-12-05,sup5,cat9,Вафли (143г.),2.76
2025-12-05,sup1,cat11,Сосиски молочные,11.98
2025-12-05,sup9,cat1,Банан,15.68
2025-12-05,sup6,cat10,Булочка с маком (1шт.),2.98
2025-12-05,sup7,cat10,Хлеб ржаной (450г.),1.50
2025-12-05,sup5,cat8,Мука (1кг.),1.64
2025-12-05,sup10,cat2,Картофель,0.27
2025-12-05,sup3,cat3,Молоко (1л.),2.60
2025-12-05,sup1,cat6,Голубцы,10.28
2025-12-05,sup6,cat10,Булочка с маком (1шт.),2.98
2025-12-05,sup5,cat8,Крупа перловая (1кг.),1.44
2025-12-05,sup5,cat9,Конфеты шоколадные,23.14
2025-12-05,sup6,cat10,Батон нарезной (240г.),1.22
2025-12-05,sup9,cat2,Томат,9.47
2025-12-05,sup2,cat6,Колбаски,17.94
2025-12-05,sup5,cat12,Вода негаз. (0.5л.),1.98
2025-12-05,sup4,cat7,Скумбрия,13.71
2025-12-05,sup1,cat11,Колбаски охотничьи (500г.),18.40
2025-12-05,sup6,cat10,Лаваш (300г.),2.89
2025-12-05,sup1,cat6,Голубцы,16.26
2025-12-05,sup2,cat11,Колбаса вареная (400г.),4.98
2025-12-05,sup2,cat5,Окорочка куриные,12.28
2025-12-05,sup1,cat11,Колбаса вареная (400г.),4.98
2025-12-05,sup2,cat11,Колбаса вареная (400г.),4.98
2025-12-05,sup2,cat6,Котлеты,11.94
2025-12-05,sup10,cat2,Картофель,2.03
2025-12-05,sup9,cat1,Груша,16.74
2025-12-05,sup6,cat10,Хлеб ржаной (450г.),1.50
2025-12-05,sup3,cat3,Кефир (1л.),2.27
2025-12-05,sup1,cat11,Бекон (220г),19.98
2025-12-05,sup1,cat6,Фарш,47.95
2025-12-05,sup7,cat10,Хлеб светлый (400г.),1.20
2025-12-05,sup2,cat6,Колбаски,9.50
2025-12-05,sup10,cat2,Морковь,2.15
2025-12-05,sup7,cat10,Батон нарезной (240г.),1.22
2025-12-05,sup8,cat2,Огурец,5.05
2025-12-05,sup1,cat11,Сервелат (400г.),8.51
2025-12-05,sup3,cat3,Молоко (1л.),5.20
2025-12-05,sup6,cat10,Сушки (500г.),3.99
2025-12-05,sup9,cat1,Хурма,10.24
2025-12-05,sup2,cat11,Колбаса вареная (400г.),4.98
2025-12-05,sup3,cat3,Молоко (1л.),2.60
2025-12-06,sup5,cat8,Сахар (1кг.),0.73
2025-12-06,sup1,cat6,Фарш,44.53
2025-12-06,sup3,cat3,Молоко (1л.),2.60
2025-12-06,sup4,cat7,Минтай,1.31
2025-12-06,sup3,cat3,Молоко (1л.),2.60
2025-12-06,sup5,cat9,Шоколад молочный (90г.),17.97
2025-12-06,sup3,cat3,Сметана (180г.),3.88
2025-12-06,sup3,cat3,Творог (200г.),2.44
2025-12-06,sup6,cat10,Хлеб светлый (400г.),1.20
2025-12-06,sup6,cat10,Булочка с маком (1шт.),2.98
2025-12-06,sup1,cat11,Бекон (220г),9.99
2025-12-06,sup1,cat11,Колбаса вареная (400г.),4.98
2025-12-06,sup1,cat11,Колбаса вареная (400г.),4.98
2025-12-06,sup2,cat4,Яйцо куриное С1 (15шт.),6.44
2025-12-06,sup1,cat6,Голубцы,21.73
2025-12-06,sup9,cat1,Хурма,10.13
2025-12-06,sup11,cat2,Томат,14.20
2025-12-06,sup3,cat3,Молоко (1л.),2.60
2025-12-06,sup5,cat12,Квас светлый (1л.),2.65
2025-12-06,sup6,cat10,Хлеб светлый (400г.),1.20
2025-12-06,sup6,cat10,Хлеб светлый (400г.),1.20
2025-12-06,sup1,cat5,Свинина,39.98
2025-12-06,sup2,cat4,Яйцо куриное С1 (15шт.),6.44
2025-12-06,sup1,cat5,Свинина,40.23
2025-12-06,sup6,cat10,Лаваш (300г.),2.89
2025-12-06,sup12,cat12,Вода негаз. (0.5л.),0.99
2025-12-06,sup8,cat1,Груша,5.10
2025-12-06,sup7,cat10,Хлеб светлый (400г.),1.20
2025-12-06,sup5,cat12,Лимонад (2л.),10.70
2025-12-06,sup8,cat2,Капуста,4.71
2025-12-06,sup5,cat8,Чай пак. (25шт.),3.80
2025-12-06,sup5,cat12,Сок апельсиновый (1л.),7.20
2025-12-06,sup3,cat3,Кефир (1л.),2.27
2025-12-06,sup8,cat2,Картофель,3.35
2025-12-06,sup3,cat3,Молоко (1л.),2.60
2025-12-06,sup10,cat2,Лук репчатый,0.43
2025-12-06,sup5,cat12,Сок апельсиновый (1л.),7.20
2025-12-06,sup6,cat10,Хлеб светлый (400г.),1.20
2025-12-06,sup5,cat12,Квас светлый (1л.),2.65
2025-12-06,sup5,cat12,Вода мин. газ. (1л.),1.59
2025-12-06,sup5,cat9,Конфеты шоколадные,28.03
2025-12-06,sup1,cat11,Сосиски молочные,11.54
2025-12-06,sup2,cat5,Филе куриное,8.56
2025-12-06,sup3,cat3,Молоко (1.5л.),3.86
2025-12-06,sup3,cat3,Сметана (380г.),3.71
2025-12-06,sup1,cat11,Колбаса вареная (400г.),4.98
2025-12-06,sup7,cat10,Батон нарезной (240г.),1.22
2025-12-06,sup4,cat7,Минтай,0.90
2025-12-06,sup5,cat8,Чай пак. (25шт.),3.80
2025-12-06,sup6,cat10,Хлеб светлый (400г.),1.20
2025-12-06,sup1,cat11,Сервелат (400г.),8.51
2025-12-06,sup1,cat11,Ветчина,9.51
2025-12-06,sup3,cat3,Творог (200г.),4.88
2025-12-06,sup3,cat3,Молоко (1л.),2.60
2025-12-06,sup5,cat12,Лимонад (2л.),5.35
2025-12-06,sup2,cat4,Яйцо куриное С1 (10шт.),3.81
2025-12-06,sup12,cat12,Вода негаз. (0.5л.),0.99
2025-12-06,sup1,cat5,Свинина,13.29
2025-12-06,sup5,cat9,Печенье овсяное (400г.),4.33
2025-12-06,sup9,cat1,Хурма,11.83
2025-12-06,sup12,cat12,Coca-Cola (1л.),3.07
2025-12-06,sup7,cat10,Батон нарезной (240г.),1.22
2025-12-06,sup3,cat3,Молоко (1л.),2.60
2025-12-06,sup3,cat3,Сыр сливочный (200г.),5.41
2025-12-07,sup7,cat10,Батон нарезной (240г.),1.22
2025-12-07,sup3,cat3,Сыр российский,17.72
2025-12-07,sup4,cat7,Икра лососевая (140г.),32.99
2025-12-07,sup5,cat9,Печенье овсяное (400г.),4.33
2025-12-07,sup7,cat10,Батон нарезной (240г.),2.44
2025-12-07,sup2,cat11,Сосиски молочные,6.17
2025-12-07,sup3,cat3,Молоко (1л.),5.20
2025-12-07,sup7,cat10,Батон нарезной (240г.),1.22
2025-12-07,sup3,cat3,Кефир (1л.),2.27
2025-12-07,sup5,cat8,Масло подсолнечное (0.8л.),4.04
2025-12-07,sup3,cat3,Сыр сливочный (200г.),5.41
2025-12-07,sup2,cat11,Колбаса вареная (400г.),4.98
2025-12-07,sup2,cat4,Яйцо куриное С1 (10шт.),7.62
2025-12-07,sup5,cat12,Чай холодный (0.5л.),3.59
2025-12-07,sup5,cat12,Лимонад (2л.),5.35
2025-12-07,sup3,cat3,Кефир (1л.),2.27
2025-12-07,sup5,cat8,Пшено (900г.),2.35
2025-12-07,sup2,cat5,Окорочка куриные,7.77
2025-12-07,sup8,cat2,Лук репчатый,1.19
2025-12-07,sup1,cat5,Говядина,22.23
2025-12-07,sup8,cat2,Картофель,0.57
2025-12-07,sup6,cat10,Батон нарезной (240г.),1.22
2025-12-07,sup5,cat8,Макароны (900г.),1.49
2025-12-07,sup1,cat11,Сервелат (400г.),8.51
2025-12-07,sup1,cat11,Сосиски молочные,5.30
2025-12-07,sup5,cat9,Мармелад,7.05
2025-12-07,sup7,cat10,Батон нарезной (240г.),2.44
2025-12-07,sup3,cat3,Сметана (180г.),1.94
2025-12-07,sup1,cat5,Свинина,32.33
2025-12-07,sup1,cat5,Говядина,27.76
2025-12-07,sup1,cat11,Сосиски молочные,6.71
2025-12-07,sup5,cat8,Масло подсолнечное (0.8л.),8.08
2025-12-07,sup6,cat10,Хлеб светлый (400г.),1.20
2025-12-07,sup1,cat11,Сосиски молочные,7.36
2025-12-07,sup10,cat2,Картофель,4.61
2025-12-07,sup1,cat5,Говядина,33.39
2025-12-07,sup9,cat2,Огурец,7.63
2025-12-07,sup10,cat1,Яблоко,2.82
2025-12-07,sup2,cat4,Яйцо куриное Д1 (10шт.),4.98
2025-12-07,sup9,cat1,Мандарин,13.07
2025-12-07,sup2,cat11,Колбаса вареная (400г.),4.98
2025-12-07,sup1,cat11,Сервелат (400г.),8.51
2025-12-07,sup12,cat12,Вода негаз. (0.5л.),0.99
2025-12-07,sup8,cat2,Морковь,1.60
2025-12-07,sup5,cat12,Вода негаз. (0.5л.),0.99
2025-12-07,sup3,cat3,Молоко (1.5л.),3.86
2025-12-07,sup8,cat2,Томат,17.75
2025-12-07,sup5,cat9,Печенье овсяное (400г.),4.33
2025-12-07,sup5,cat8,Пшено (900г.),2.35
2025-12-07,sup5,cat8,Крупа манная (1кг.),2.02
2025-12-07,sup8,cat2,Огурец,1.83
2025-12-07,sup1,cat6,Голубцы,18.08
2025-12-07,sup5,cat8,Макароны (900г.),1.49
2025-12-07,sup5,cat12,Вода негаз. (0.5л.),0.99
2025-12-08,sup2,cat4,Яйцо куриное С1 (10шт.),3.81
2025-12-08,sup9,cat1,Яблоко,11.92
2025-12-08,sup8,cat2,Картофель,1.26
2025-12-08,sup8,cat2,Огурец,6.83
2025-12-08,sup6,cat10,Булочка с маком (1шт.),4.47
2025-12-08,sup3,cat3,Кефир (1л.),2.27
2025-12-08,sup10,cat12,Сок яблочный (1л.),5.17
2025-12-08,sup5,cat9,Шоколад молочный (90г.),5.99
2025-12-08,sup4,cat7,Хек,12.11
2025-12-08,sup1,cat5,Говядина,24.57
2025-12-08,sup9,cat1,Банан,2.78
2025-12-08,sup9,cat1,Хурма,5.40
2025-12-08,sup5,cat8,Крупа манная (1кг.),2.02
2025-12-08,sup5,cat8,Макароны (900г.),1.49
2025-12-08,sup3,cat3,Молоко (1л.),2.60
2025-12-08,sup5,cat12,Вода негаз. (0.5л.),0.99
2025-12-08,sup2,cat5,Филе куриное,19.41
2025-12-08,sup12,cat12,Coca-Cola (1л.),3.07
2025-12-08,sup1,cat11,Бекон (220г),9.99
2025-12-08,sup5,cat9,Шоколад молочный (90г.),5.99
2025-12-08,sup9,cat1,Мандарин,27.17
2025-12-08,sup10,cat2,Морковь,1.55
2025-12-08,sup8,cat2,Томат,4.74
2025-12-08,sup5,cat8,Крупа гречневая (700г.),4.14
2025-12-08,sup10,cat2,Свекла,0.37
2025-12-08,sup2,cat6,Колбаски,33.91
2025-12-08,sup1,cat6,Голубцы,22.62
2025-12-08,sup5,cat12,Сок апельсиновый (1л.),7.20
2025-12-08,sup7,cat10,Батон нарезной (240г.),1.22
2025-12-08,sup2,cat4,Яйцо куриное С1 (10шт.),3.81
2025-12-08,sup3,cat3,Кефир (1л.),2.27
2025-12-08,sup3,cat3,Кефир (1л.),2.27
2025-12-08,sup2,cat4,Яйцо куриное С1 (10шт.),3.81
2025-12-08,sup8,cat2,Огурец,3.80
2025-12-08,sup1,cat6,Фарш,18.93
2025-12-08,sup3,cat3,Кефир (1л.),2.27
2025-12-08,sup3,cat3,Молоко (1л.),2.60
2025-12-08,sup7,cat10,Хлеб светлый (400г.),1.20
2025-12-08,sup10,cat2,Морковь,2.08
2025-12-08,sup3,cat3,Молоко (1.5л.),3.86
2025-12-08,sup10,cat1,Яблоко,16.88
2025-12-08,sup3,cat3,Молоко (1л.),2.60
2025-12-08,sup1,cat11,Сервелат (400г.),8.51
2025-12-08,sup3,cat3,Кефир (1л.),2.27
2025-12-08,sup5,cat8,Крупа манная (1кг.),2.02
2025-12-08,sup2,cat4,Яйцо перепелиное (10шт.),2.95
2025-12-08,sup5,cat9,Конфеты шоколадные,16.53
2025-12-08,sup5,cat8,Крупа манная (1кг.),2.02
2025-12-08,sup1,cat6,Голубцы,27.47
2025-12-08,sup3,cat3,Масло сливочное (180г.),4.59
2025-12-09,sup1,cat11,Сервелат (400г.),8.51
2025-12-09,sup3,cat3,Молоко (1л.),2.60
2025-12-09,sup5,cat12,Вода негаз. (0.5л.),0.99
2025-12-09,sup5,cat12,Лимонад (2л.),5.35
2025-12-09,sup6,cat10,Булочка с маком (1шт.),1.49
2025-12-09,sup1,cat11,Колбаски охотничьи (500г.),9.20
2025-12-09,sup1,cat11,Сервелат (400г.),8.51
2025-12-09,sup10,cat2,Лук репчатый,1.69
2025-12-09,sup5,cat12,Чай холодный (0.5л.),3.59
2025-12-09,sup5,cat9,Шоколад молочный (90г.),5.99
2025-12-09,sup5,cat12,Сок яблочный (1л.),10.34
2025-12-09,sup9,cat2,Томат,22.49
2025-12-09,sup10,cat1,Яблоко,5.63
2025-12-09,sup9,cat2,Огурец,1.05
2025-12-09,sup2,cat6,Колбаски,17.06
2025-12-09,sup4,cat7,Форель (200г.),18.25
2025-12-09,sup6,cat10,Батон нарезной (240г.),1.22
2025-12-09,sup6,cat10,Хлеб ржаной (450г.),1.50
2025-12-09,sup2,cat6,Желудки куриные (550г.),4.98
2025-12-09,sup1,cat5,Свинина,36.54
2025-12-09,sup1,cat6,Фарш,35.87
2025-12-09,sup1,cat5,Говядина,10.19
2025-12-09,sup1,cat6,Голубцы,19.63
2025-12-09,sup2,cat11,Сосиски молочные,8.69
2025-12-09,sup3,cat3,Кефир (1л.),2.27
2025-12-09,sup7,cat10,Хлеб светлый (400г.),1.20
2025-12-09,sup8,cat2,Лук репчатый,0.45
2025-12-09,sup10,cat2,Свекла,0.96
2025-12-09,sup3,cat3,Молоко (1.5л.),3.86
2025-12-09,sup6,cat10,Батон нарезной (240г.),1.22
2025-12-09,sup4,cat7,Хек,8.75
2025-12-09,sup8,cat2,Лук репчатый,1.04
2025-12-09,sup2,cat4,Яйцо куриное С1 (15шт.),6.44
2025-12-09,sup3,cat3,Масло сливочное (180г.),4.59
2025-12-09,sup5,cat8,Макароны (900г.),1.49
2025-12-09,sup1,cat5,Свинина,20.91
2025-12-09,sup4,cat7,Скумбрия,7.51
2025-12-09,sup10,cat2,Картофель,4.94
2025-12-09,sup2,cat6,Голубцы,15.80
2025-12-09,sup1,cat11,Сервелат (400г.),8.51
2025-12-09,sup4,cat7,Креветки,13.15
2025-12-09,sup5,cat9,Шоколад молочный (90г.),5.99
2025-12-09,sup6,cat10,Булочка с маком (1шт.),2.98
2025-12-09,sup5,cat8,Крупа перловая (1кг.),2.88
2025-12-09,sup8,cat2,Картофель,1.94
2025-12-09,sup4,cat7,Скумбрия,13.64
2025-12-09,sup2,cat5,Окорочка куриные,3.53
2025-12-09,sup5,cat8,Масло подсолнечное (0.8л.),2.02
2025-12-09,sup5,cat12,Лимонад (2л.),5.35
2025-12-09,sup7,cat10,Багет (200г.),2.49
2025-12-09,sup5,cat8,Мука (1кг.),1.64
2025-12-09,sup1,cat11,Ветчина,8.23
2025-12-09,sup6,cat10,Хлеб светлый (400г.),1.20
2025-12-10,sup7,cat10,Батон нарезной (240г.),1.22
2025-12-10,sup3,cat3,Кефир (1л.),2.27
2025-12-10,sup3,cat3,Творог (200г.),4.88
2025-12-10,sup8,cat1,Груша,12.73
2025-12-10,sup6,cat10,Сушки (500г.),7.98
2025-12-10,sup3,cat3,Кефир (1л.),2.27
2025-12-10,sup4,cat7,Кальмар,40.17
2025-12-10,sup6,cat10,Хлеб светлый (400г.),1.20
2025-12-10,sup3,cat3,Творог (200г.),4.88
2025-12-10,sup3,cat3,Творог (200г.),2.44
2025-12-10,sup5,cat9,Конфеты шоколадные,5.68
2025-12-10,sup3,cat3,Молоко (1л.),2.60
2025-12-10,sup7,cat10,Батон нарезной (240г.),1.22
2025-12-10,sup3,cat3,Сметана (180г.),1.94
2025-12-10,sup7,cat10,Батон нарезной (240г.),1.22
2025-12-10,sup3,cat3,Кефир (1л.),2.27
2025-12-10,sup3,cat3,Кефир (1л.),2.27
2025-12-10,sup2,cat4,Яйцо куриное Д1 (10шт.),4.98
2025-12-10,sup8,cat2,Картофель,3.01
2025-12-10,sup1,cat11,Колбаса вареная (400г.),4.98
2025-12-10,sup3,cat3,Масло сливочное (180г.),4.59
2025-12-10,sup6,cat10,Булочка с маком (1шт.),1.49
2025-12-10,sup6,cat10,Батон нарезной (240г.),1.22
2025-12-10,sup9,cat1,Хурма,11.28
2025-12-10,sup2,cat4,Яйцо куриное С1 (10шт.),7.62
2025-12-10,sup5,cat8,Крупа перловая (1кг.),2.88
2025-12-10,sup5,cat8,Спагетти (400г.),3.52
2025-12-10,sup5,cat12,Квас светлый (1л.),2.65
2025-12-10,sup6,cat10,Батон нарезной (240г.),1.22
2025-12-10,sup9,cat1,Хурма,4.35
2025-12-10,sup10,cat1,Груша,14.20
2025-12-10,sup2,cat6,Желудки куриные (550г.),4.98
2025-12-10,sup2,cat6,Колбаски,30.31
2025-12-10,sup5,cat12,Вода негаз. (0.5л.),0.99
2025-12-10,sup9,cat1,Хурма,9.99
2025-12-10,sup8,cat2,Огурец,3.01
2025-12-10,sup5,cat8,Сахар (1кг.),1.46
2025-12-10,sup6,cat10,Булочка с маком (1шт.),2.98
2025-12-10,sup4,cat7,Минтай,1.18
2025-12-10,sup5,cat12,Сок апельсиновый (1л.),7.20
2025-12-10,sup10,cat2,Лук репчатый,0.71
2025-12-10,sup6,cat10,Батон нарезной (240г.),1.22
2025-12-10,sup2,cat11,Сосиски молочные,6.24
2025-12-10,sup7,cat10,Батон нарезной (240г.),1.22
2025-12-10,sup2,cat4,Яйцо куриное С1 (10шт.),7.62
2025-12-10,sup3,cat3,Молоко (1л.),2.60
2025-12-10,sup9,cat2,Томат,10.69
2025-12-10,sup12,cat12,Вода негаз. (0.5л.),1.98
2025-12-10,sup3,cat3,Сыр сливочный (200г.),5.41
2025-12-10,sup10,cat12,Сок яблочный (1л.),5.17
2025-12-10,sup1,cat11,Ветчина,12.48
2025-12-10,sup3,cat3,Молоко (1.5л.),3.86
2025-12-11,sup4,cat7,Икра лососевая (140г.),32.99
2025-12-11,sup9,cat2,Томат,9.70
2025-12-11,sup9,cat1,Мандарин,2.87
2025-12-11,sup3,cat3,Творог (200г.),7.32
2025-12-11,sup7,cat10,Батон нарезной (240г.),1.22
2025-12-11,sup6,cat10,Булочка с маком (1шт.),2.98
2025-12-11,sup6,cat10,Батон нарезной (240г.),1.22
2025-12-11,sup10,cat2,Лук репчатый,0.96
2025-12-11,sup4,cat7,Паста рыбная (150г.),2.95
2025-12-11,sup3,cat3,Сыр российский,7.91
2025-12-11,sup7,cat10,Батон нарезной (240г.),1.22
2025-12-11,sup5,cat12,Вода негаз. (0.5л.),0.99
2025-12-11,sup9,cat1,Хурма,9.06
2025-12-11,sup5,cat8,Пшено (900г.),2.35
2025-12-11,sup5,cat12,Лимонад (2л.),5.35
2025-12-11,sup10,cat12,Сок яблочный (1л.),5.17
2025-12-11,sup5,cat8,Мука (1кг.),1.64
2025-12-11,sup4,cat7,Сельдь (250г.),5.99
2025-12-11,sup1,cat6,Котлеты,11.80
2025-12-11,sup2,cat4,Яйцо куриное С1 (15шт.),6.44
2025-12-11,sup3,cat3,Кефир (1л.),2.27
2025-12-11,sup8,cat1,Яблоко,6.21
2025-12-11,sup12,cat12,Coca-Cola (1л.),6.14
2025-12-11,sup8,cat2,Лук репчатый,1.08
2025-12-11,sup7,cat10,Батон нарезной (240г.),1.22
2025-12-11,sup8,cat2,Томат,13.89
2025-12-11,sup5,cat9,Печенье овсяное (400г.),4.33
2025-12-11,sup3,cat3,Молоко (1л.),2.60
2025-12-11,sup5,cat12,Лимонад (2л.),5.35
2025-12-11,sup4,cat7,Форель (200г.),18.25
2025-12-11,sup5,cat12,Чай холодный (0.5л.),3.59
2025-12-11,sup7,cat10,Батон нарезной (240г.),2.44
2025-12-11,sup6,cat10,Батон нарезной (240г.),1.22
2025-12-11,sup12,cat12,Coca-Cola (1л.),3.07
2025-12-11,sup6,cat10,Плетенка (450г.),4.04
2025-12-11,sup3,cat3,Кефир (1л.),2.27
2025-12-11,sup11,cat2,Огурец,1.83
2025-12-11,sup1,cat6,Котлеты,16.66
2025-12-11,sup9,cat1,Хурма,14.87
2025-12-11,sup1,cat11,Сосиски молочные,5.63
2025-12-11,sup1,cat5,Говядина,15.40
2025-12-11,sup1,cat5,Свинина,18.41
2025-12-11,sup2,cat6,Фарш,31.24
2025-12-11,sup4,cat7,Хек,14.32
2025-12-11,sup5,cat8,Кофе раств. (95г.),14.99
2025-12-11,sup5,cat12,Вода негаз. (0.5л.),0.99
2025-12-11,sup6,cat10,Батон нарезной (240г.),1.22
2025-12-11,sup5,cat9,Конфеты шоколадные,5.05
2025-12-11,sup4,cat7,Сельдь (250г.),5.99
2025-12-11,sup3,cat3,Молоко (1.5л.),7.72
2025-12-11,sup6,cat10,Булочка с маком (1шт.),1.49
2025-12-12,sup5,cat8,Макароны (900г.),1.49
2025-12-12,sup3,cat3,Творог (200г.),2.44
2025-12-12,sup10,cat2,Лук репчатый,1.34
2025-12-12,sup9,cat1,Хурма,6.10
2025-12-12,sup4,cat7,Хек,7.03
2025-12-12,sup9,cat1,Мандарин,2.54
2025-12-12,sup2,cat4,Яйцо куриное С1 (15шт.),6.44
2025-12-12,sup5,cat8,Крупа гречневая (700г.),2.07
2025-12-12,sup6,cat10,Батон нарезной (240г.),1.22
2025-12-12,sup3,cat3,Молоко (1.5л.),3.86
2025-12-12,sup5,cat12,Вода негаз. (0.5л.),1.98
2025-12-12,sup2,cat6,Фарш,47.50
2025-12-12,sup10,cat2,Лук репчатый,0.47
2025-12-12,sup3,cat3,Творог (200г.),4.88
2025-12-12,sup4,cat7,Форель (200г.),18.25
2025-12-12,sup6,cat10,Лаваш (300г.),2.89
2025-12-12,sup5,cat12,Сок яблочный (1л.),10.34
2025-12-12,sup5,cat12,Вода негаз. (0.5л.),0.99
2025-12-12,sup4,cat7,Форель (200г.),18.25
2025-12-12,sup8,cat2,Лук репчатый,0.22
2025-12-12,sup9,cat1,Хурма,6.00
2025-12-12,sup6,cat10,Плетенка (450г.),4.04
2025-12-12,sup6,cat10,Булочка с маком (1шт.),2.98
2025-12-12,sup5,cat8,Крупа гречневая (700г.),4.14
2025-12-12,sup2,cat6,Котлеты,9.17
2025-12-12,sup3,cat3,Кефир (1л.),2.27
2025-12-12,sup7,cat10,Батон нарезной (240г.),1.22
2025-12-12,sup7,cat10,Батон нарезной (240г.),2.44
2025-12-12,sup2,cat11,Колбаса вареная (400г.),4.98
2025-12-12,sup5,cat9,Конфеты шоколадные,16.10
2025-12-12,sup2,cat4,Яйцо куриное С1 (10шт.),3.81
2025-12-12,sup1,cat5,Свинина,25.01
2025-12-12,sup6,cat10,Батон нарезной (240г.),1.22
2025-12-12,sup3,cat3,Кефир (1л.),2.27
2025-12-12,sup1,cat11,Салями,20.06
2025-12-12,sup4,cat7,Паста рыбная (150г.),2.95
2025-12-12,sup3,cat3,Масло сливочное (180г.),4.59
2025-12-12,sup1,cat5,Свинина,28.38
2025-12-12,sup3,cat3,Кефир (1л.),2.27
2025-12-12,sup7,cat10,Сушки (500г.),3.99
2025-12-12,sup5,cat9,Конфеты шоколадные,6.12
2025-12-12,sup1,cat11,Сервелат (400г.),8.51
2025-12-12,sup4,cat7,Паста рыбная (150г.),2.95
2025-12-12,sup7,cat10,Батон нарезной (240г.),1.22
2025-12-12,sup10,cat2,Лук репчатый,0.17
2025-12-12,sup7,cat10,Батон нарезной (240г.),1.22
2025-12-12,sup12,cat12,Вода негаз. (0.5л.),1.98
2025-12-12,sup5,cat12,Вода мин. газ. (1л.),1.59
2025-12-12,sup3,cat3,Сыр голландский (200г.),5.02
2025-12-12,sup8,cat2,Огурец,7.65
2025-12-12,sup6,cat10,Сушки (500г.),3.99
2025-12-12,sup2,cat5,Окорочка куриные,5.79
2025-12-12,sup5,cat12,Вода мин. газ. (1л.),3.18
2025-12-12,sup8,cat2,Лук репчатый,0.30
2025-12-12,sup3,cat3,Кефир (1л.),2.27
2025-12-12,sup5,cat8,Мука (1кг.),1.64
2025-12-12,sup10,cat2,Лук репчатый,0.69
2025-12-12,sup10,cat1,Груша,9.94
2025-12-12,sup2,cat6,Фарш,25.35
2025-12-12,sup8,cat2,Капуста,2.51
2025-12-12,sup5,cat8,Масло подсолнечное (0.8л.),2.02
2025-12-12,sup2,cat5,Окорочка куриные,12.33
2025-12-12,sup7,cat10,Хлеб ржаной (450г.),1.50
2025-12-12,sup10,cat2,Картофель,3.13
2025-12-12,sup6,cat10,Хлеб светлый (400г.),1.20
2025-12-12,sup3,cat3,Творог (200г.),4.88
2025-12-13,sup2,cat6,Голубцы,20.82
2025-12-13,sup3,cat3,Молоко (1л.),2.60
2025-12-13,sup6,cat10,Булочка с маком (1шт.),2.98
2025-12-13,sup6,cat10,Сушки (500г.),3.99
2025-12-13,sup3,cat3,Сметана (380г.),3.71
2025-12-13,sup3,cat3,Масло сливочное (1кг.),30.73
2025-12-13,sup5,cat8,Чай пак. (25шт.),3.80
2025-12-13,sup6,cat10,Хлеб ржаной (450г.),1.50
2025-12-13,sup1,cat11,Колбаски охотничьи (500г.),18.40
2025-12-13,sup8,cat2,Лук репчатый,0.61
2025-12-13,sup6,cat10,Лаваш (300г.),2.89
2025-12-13,sup5,cat9,Печенье овсяное (400г.),8.66
2025-12-13,sup3,cat3,Творог (200г.),2.44
2025-12-13,sup9,cat1,Хурма,14.89
2025-12-13,sup5,cat9,Карамель,7.86
2025-12-13,sup5,cat9,Карамель,4.41
2025-12-13,sup11,cat2,Огурец,4.69
2025-12-13,sup5,cat9,Конфеты шоколадные,11.14
2025-12-13,sup1,cat11,Сосиски молочные,4.92
2025-12-13,sup3,cat3,Масло сливочное (180г.),4.59
2025-12-13,sup4,cat7,Скумбрия,14.46
2025-12-13,sup5,cat8,Пшено (900г.),2.35
2025-12-13,sup1,cat6,Фарш,44.56
2025-12-13,sup5,cat8,Пшено (900г.),2.35
2025-12-13,sup8,cat2,Капуста,2.67
2025-12-13,sup3,cat3,Кефир (1л.),2.27
2025-12-13,sup3,cat3,Творог (200г.),2.44
2025-12-13,sup5,cat8,Кофе раств. (95г.),14.99
2025-12-13,sup1,cat5,Говядина,10.49
2025-12-13,sup2,cat6,Фарш,45.04
2025-12-13,sup2,cat4,Яйцо куриное С1 (10шт.),3.81
2025-12-13,sup3,cat3,Творог (200г.),2.44
2025-12-13,sup5,cat12,Чай холодный (0.5л.),3.59
2025-12-13,sup6,cat10,Батон нарезной (240г.),2.44
2025-12-13,sup5,cat12,Сок апельсиновый (1л.),7.20
2025-12-13,sup7,cat10,Багет (200г.),2.49
2025-12-13,sup1,cat11,Сервелат (400г.),8.51
2025-12-13,sup5,cat8,Кофе мол. (250г.),19.99
2025-12-13,sup3,cat3,Творог (200г.),2.44
2025-12-13,sup3,cat3,Молоко (1л.),2.60
2025-12-13,sup2,cat4,Яйцо куриное Д1 (10шт.),4.98
2025-12-13,sup5,cat12,Вода негаз. (0.5л.),1.98
2025-12-13,sup5,cat12,Сок яблочный (1л.),5.17
2025-12-13,sup5,cat12,Вода негаз. (0.5л.),0.99
2025-12-13,sup1,cat5,Свинина,24.33
2025-12-13,sup3,cat3,Творог (200г.),2.44
2025-12-13,sup9,cat2,Огурец,3.44
2025-12-13,sup9,cat1,Хурма,2.21
2025-12-13,sup5,cat9,Печенье овсяное (400г.),4.33
2025-12-13,sup6,cat10,Булочка с маком (1шт.),2.98
2025-12-13,sup2,cat11,Сосиски молочные,5.73
2025-12-13,sup10,cat2,Лук репчатый,1.88
2025-12-13,sup2,cat6,Печень куриная (550г.),5.50
2025-12-13,sup2,cat11,Колбаса вареная (400г.),4.98
2025-12-13,sup9,cat1,Хурма,7.85
2025-12-13,sup5,cat12,Вода негаз. (0.5л.),0.99
2025-12-13,sup5,cat8,Чай пак. (25шт.),3.80
2025-12-13,sup8,cat2,Томат,21.71
2025-12-13,sup5,cat9,Шоколад молочный (90г.),5.99
2025-12-13,sup5,cat8,Сахар (1кг.),0.73
2025-12-13,sup3,cat3,Кефир (1л.),2.27
2025-12-13,sup5,cat8,Сахар (1кг.),0.73
2025-12-13,sup5,cat9,Печенье овсяное (400г.),4.33
2025-12-13,sup5,cat9,Шоколад молочный (90г.),5.99
2025-12-13,sup9,cat1,Мандарин,18.12
2025-12-14,sup9,cat2,Огурец,2.50
2025-12-14,sup1,cat11,Сервелат (400г.),8.51
2025-12-14,sup11,cat2,Томат,3.05
2025-12-14,sup10,cat2,Картофель,3.74
2025-12-14,sup2,cat11,Колбаса вареная (400г.),4.98
2025-12-14,sup5,cat8,Пшено (900г.),2.35
2025-12-14,sup2,cat11,Сосиски молочные,9.48
2025-12-14,sup5,cat9,Зефир (230г.),8.79
2025-12-14,sup3,cat3,Молоко (1л.),2.60
2025-12-14,sup2,cat4,Яйцо куриное Д1 (10шт.),4.98
2025-12-14,sup8,cat2,Огурец,3.97
2025-12-14,sup9,cat1,Банан,8.39
2025-12-14,sup5,cat12,Квас светлый (1л.),2.65
2025-12-14,sup11,cat2,Огурец,5.60
2025-12-14,sup3,cat3,Молоко (1л.),2.60
2025-12-14,sup10,cat2,Морковь,0.96
2025-12-14,sup10,cat12,Сок яблочный (1л.),5.17
2025-12-14,sup9,cat1,Хурма,7.33
2025-12-14,sup2,cat5,Филе куриное,18.31
2025-12-14,sup10,cat2,Морковь,1.45
2025-12-14,sup2,cat4,Яйцо куриное С1 (10шт.),3.81
2025-12-14,sup6,cat10,Сушки (500г.),3.99
2025-12-14,sup3,cat3,Масло сливочное (180г.),4.59
2025-12-14,sup2,cat4,Яйцо куриное Д1 (10шт.),4.98
2025-12-14,sup1,cat11,Сервелат (400г.),17.02
2025-12-14,sup3,cat3,Молоко (1л.),2.60
2025-12-14,sup2,cat4,Яйцо куриное С1 (10шт.),3.81
2025-12-14,sup1,cat5,Говядина,8.78
2025-12-14,sup6,cat10,Хлеб светлый (400г.),1.20
2025-12-14,sup2,cat4,Яйцо куриное Д1 (10шт.),4.98
2025-12-14,sup5,cat12,Сок апельсиновый (1л.),7.20
2025-12-14,sup5,cat8,Рис (900г.),6.98
2025-12-14,sup3,cat3,Сметана (380г.),3.71
2025-12-14,sup5,cat8,Рис (900г.),3.49
2025-12-14,sup5,cat8,Крупа перловая (1кг.),1.44
2025-12-14,sup3,cat3,Сметана (380г.),3.71
2025-12-14,sup5,cat9,Карамель,7.90
2025-12-14,sup1,cat11,Колбаса вареная (400г.),4.98
2025-12-14,sup5,cat12,Вода негаз. (0.5л.),1.98
2025-12-14,sup1,cat5,Свинина,27.54
2025-12-14,sup3,cat3,Сметана (180г.),3.88
2025-12-14,sup2,cat5,Окорочка куриные,8.33
2025-12-14,sup1,cat6,Голубцы,17.85
2025-12-14,sup5,cat8,Кофе раств. (95г.),14.99
2025-12-14,sup9,cat1,Груша,9.52
2025-12-14,sup5,cat8,Мука (1кг.),1.64
2025-12-14,sup2,cat4,Яйцо куриное С1 (10шт.),7.62
2025-12-14,sup10,cat2,Морковь,2.24
2025-12-14,sup1,cat5,Свинина,33.20
2025-12-14,sup5,cat9,Печенье овсяное (400г.),4.33
2025-12-14,sup1,cat5,Говядина,39.65
2025-12-14,sup10,cat2,Лук репчатый,0.69
2025-12-14,sup10,cat2,Картофель,5.68
2025-12-14,sup5,cat9,Печенье овсяное (400г.),4.33
2025-12-14,sup4,cat7,Минтай,1.06
2025-12-14,sup3,cat3,Кефир (1л.),2.27
2025-12-15,sup6,cat10,Батон нарезной (240г.),1.22
2025-12-15,sup9,cat1,Мандарин,23.31
2025-12-15,sup4,cat7,Форель (200г.),18.25
2025-12-15,sup2,cat4,Яйцо куриное Д1 (10шт.),4.98
2025-12-15,sup2,cat4,Яйцо куриное С1 (10шт.),3.81
2025-12-15,sup9,cat1,Мандарин,21.15
2025-12-15,sup6,cat10,Батон нарезной (240г.),1.22
2025-12-15,sup8,cat2,Картофель,1.74
2025-12-15,sup11,cat2,Огурец,4.57
2025-12-15,sup7,cat10,Багет (200г.),2.49
2025-12-15,sup6,cat10,Булочка с маком (1шт.),4.47
2025-12-15,sup3,cat3,Молоко (1.5л.),3.86
2025-12-15,sup2,cat4,Яйцо куриное С1 (15шт.),6.44
2025-12-15,sup6,cat10,Лаваш (300г.),2.89
2025-12-15,sup8,cat2,Огурец,1.42
2025-12-15,sup5,cat12,Вода негаз. (0.5л.),0.99
2025-12-15,sup3,cat3,Масло сливочное (180г.),4.59
2025-12-15,sup3,cat3,Масло сливочное (180г.),4.59
2025-12-15,sup6,cat10,Лаваш (300г.),2.89
2025-12-15,sup3,cat3,Сыр российский,15.34
2025-12-15,sup3,cat3,Масло сливочное (180г.),4.59
2025-12-15,sup5,cat8,Спагетти (400г.),1.76
2025-12-15,sup5,cat12,Квас светлый (1л.),2.65
2025-12-15,sup9,cat1,Мандарин,9.50
2025-12-15,sup5,cat8,Крупа гречневая (700г.),2.07
2025-12-15,sup6,cat10,Булочка с маком (1шт.),2.98
2025-12-15,sup7,cat10,Батон нарезной (240г.),2.44
2025-12-15,sup2,cat4,Яйцо куриное С1 (10шт.),7.62
2025-12-15,sup9,cat1,Банан,14.33
2025-12-15,sup5,cat8,Мука (2кг.),2.60
2025-12-15,sup10,cat2,Картофель,3.44
2025-12-15,sup5,cat9,Вафли (143г.),2.76
2025-12-15,sup7,cat10,Батон нарезной (240г.),1.22
2025-12-15,sup12,cat12,Coca-Cola (1л.),6.14
2025-12-15,sup5,cat12,Вода негаз. (0.5л.),1.98
2025-12-15,sup3,cat3,Сметана (180г.),1.94
2025-12-15,sup2,cat5,Окорочка куриные,11.20
2025-12-15,sup3,cat3,Масло сливочное (180г.),4.59
2025-12-15,sup6,cat10,Батон нарезной (240г.),1.22
2025-12-15,sup4,cat7,Форель (200г.),18.25
2025-12-15,sup1,cat5,Говядина,14.98
2025-12-15,sup1,cat5,Говядина,11.67
2025-12-15,sup8,cat2,Томат,18.30
2025-12-15,sup10,cat2,Картофель,2.01
2025-12-15,sup3,cat3,Кефир (1л.),2.27
2025-12-15,sup1,cat6,Голубцы,30.39
2025-12-15,sup5,cat8,Масло подсолнечное (0.8л.),2.02
2025-12-15,sup11,cat2,Томат,21.65
2025-12-15,sup2,cat4,Яйцо куриное Д1 (10шт.),4.98
2025-12-15,sup6,cat10,Батон нарезной (240г.),1.22
2025-12-15,sup10,cat1,Груша,3.53
2025-12-16,sup5,cat9,Шоколад молочный (90г.),5.99
2025-12-16,sup10,cat2,Свекла,1.03
2025-12-16,sup4,cat7,Паста рыбная (150г.),2.95
2025-12-16,sup2,cat4,Яйцо куриное С1 (15шт.),6.44
2025-12-16,sup5,cat8,Макароны (900г.),2.98
2025-12-16,sup3,cat3,Сметана (380г.),3.71
2025-12-16,sup3,cat3,Молоко (1.5л.),3.86
2025-12-16,sup1,cat11,Ветчина,17.40
2025-12-16,sup5,cat8,Макароны (900г.),1.49
2025-12-16,sup5,cat8,Спагетти (400г.),3.52
2025-12-16,sup9,cat1,Мандарин,11.40
2025-12-16,sup6,cat10,Батон нарезной (240г.),1.22
2025-12-16,sup4,cat7,Форель (200г.),36.50
2025-12-16,sup9,cat2,Огурец,2.29
2025-12-16,sup5,cat12,Вода негаз. (0.5л.),1.98
2025-12-16,sup6,cat10,Батон нарезной (240г.),1.22
2025-12-16,sup9,cat2,Томат,18.76
2025-12-16,sup3,cat3,Творог (200г.),7.32
2025-12-16,sup5,cat9,Шоколад молочный (90г.),11.98
2025-12-16,sup6,cat10,Батон нарезной (240г.),1.22
2025-12-16,sup5,cat8,Мука (1кг.),1.64
2025-12-16,sup6,cat10,Хлеб ржаной (450г.),1.50
2025-12-16,sup7,cat10,Хлеб ржаной (450г.),1.50
2025-12-16,sup2,cat6,Печень куриная (550г.),5.50
2025-12-16,sup9,cat1,Мандарин,19.39
2025-12-16,sup10,cat2,Лук репчатый,1.72
2025-12-16,sup6,cat10,Батон нарезной (240г.),1.22
2025-12-16,sup9,cat1,Банан,7.13
2025-12-16,sup8,cat2,Капуста,4.77
2025-12-16,sup3,cat3,Творог (200г.),4.88
2025-12-16,sup1,cat11,Салями,21.09
2025-12-16,sup4,cat7,Кальмар,36.31
2025-12-16,sup2,cat4,Яйцо куриное Д1 (10шт.),4.98
2025-12-16,sup9,cat2,Томат,21.74
2025-12-16,sup4,cat7,Минтай,0.89
2025-12-16,sup5,cat8,Рис (900г.),3.49
2025-12-16,sup3,cat3,Сыр голландский (200г.),5.02
2025-12-16,sup1,cat5,Свинина,38.87
2025-12-16,sup10,cat2,Морковь,2.51
2025-12-16,sup5,cat8,Спагетти (400г.),1.76
2025-12-16,sup5,cat8,Макароны (900г.),1.49
2025-12-16,sup5,cat12,Вода негаз. (0.5л.),0.99
2025-12-16,sup5,cat8,Масло подсолнечное (0.8л.),4.04
2025-12-16,sup8,cat2,Огурец,2.54
2025-12-16,sup6,cat10,Хлеб ржаной (450г.),1.50
2025-12-16,sup6,cat10,Лаваш (300г.),2.89
2025-12-16,sup7,cat10,Батон нарезной (240г.),1.22
2025-12-16,sup9,cat1,Банан,11.25
2025-12-16,sup3,cat3,Молоко (1л.),2.60
2025-12-17,sup5,cat8,Крупа манная (1кг.),2.02
2025-12-17,sup11,cat2,Томат,12.66
2025-12-17,sup5,cat8,Кофе мол. (250г.),19.99
2025-12-17,sup9,cat1,Груша,2.65
2025-12-17,sup5,cat8,Спагетти (400г.),1.76
2025-12-17,sup5,cat8,Крупа перловая (1кг.),1.44
2025-12-17,sup10,cat2,Картофель,1.24
2025-12-17,sup1,cat11,Колбаски охотничьи (500г.),18.40
2025-12-17,sup6,cat10,Плетенка (450г.),4.04
2025-12-17,sup1,cat11,Салями,21.13
2025-12-17,sup3,cat3,Молоко (1л.),2.60
2025-12-17,sup3,cat3,Сметана (180г.),3.88
2025-12-17,sup2,cat4,Яйцо куриное С1 (15шт.),6.44
2025-12-17,sup3,cat3,Масло сливочное (180г.),4.59
2025-12-17,sup5,cat12,Лимонад (2л.),5.35
2025-12-17,sup10,cat2,Картофель,1.38
2025-12-17,sup5,cat8,Мука (1кг.),1.64
2025-12-17,sup3,cat3,Молоко (1л.),2.60
2025-12-17,sup5,cat9,Шоколад молочный (90г.),11.98
2025-12-17,sup2,cat4,Яйцо куриное С1 (10шт.),3.81
2025-12-17,sup3,cat3,Сметана (380г.),3.71
2025-12-17,sup5,cat9,Печенье овсяное (400г.),4.33
2025-12-17,sup3,cat3,Молоко (1л.),2.60
2025-12-17,sup3,cat3,Молоко (1л.),5.20
2025-12-17,sup5,cat8,Рис (900г.),3.49
2025-12-17,sup1,cat11,Колбаса вареная (400г.),4.98
2025-12-17,sup8,cat2,Лук репчатый,1.95
2025-12-17,sup5,cat8,Крупа перловая (1кг.),1.44
2025-12-17,sup9,cat1,Мандарин,14.02
2025-12-17,sup2,cat5,Окорочка куриные,10.22
2025-12-17,sup2,cat6,Котлеты,15.06
2025-12-17,sup3,cat3,Кефир (1л.),2.27
2025-12-17,sup5,cat8,Масло распсовое (0.8л.),4.99
2025-12-17,sup4,cat7,Сельдь (250г.),11.98
2025-12-17,sup7,cat10,Батон нарезной (240г.),1.22
2025-12-17,sup6,cat10,Булочка с маком (1шт.),7.45
2025-12-17,sup4,cat7,Хек,14.24
2025-12-17,sup5,cat8,Крупа гречневая (700г.),4.14
2025-12-17,sup12,cat12,Coca-Cola (1л.),3.07
2025-12-17,sup9,cat1,Мандарин,2.63
2025-12-17,sup5,cat8,Спагетти (400г.),1.76
2025-12-17,sup4,cat7,Минтай,0.88
2025-12-17,sup5,cat12,Сок апельсиновый (1л.),7.20
2025-12-17,sup6,cat10,Булочка с маком (1шт.),1.49
2025-12-17,sup1,cat11,Сосиски молочные,12.11
2025-12-17,sup1,cat11,Сосиски молочные,6.39
2025-12-17,sup3,cat3,Молоко (1л.),2.60
2025-12-17,sup10,cat2,Картофель,2.09
2025-12-17,sup6,cat10,Багет (200г.),2.49
2025-12-18,sup2,cat4,Яйцо куриное С1 (10шт.),3.81
2025-12-18,sup3,cat3,Творог (200г.),2.44
2025-12-18,sup5,cat9,Конфеты шоколадные,21.63
2025-12-18,sup5,cat12,Чай холодный (0.5л.),3.59
2025-12-18,sup3,cat3,Кефир (1л.),2.27
2025-12-18,sup3,cat3,Творог (200г.),2.44
2025-12-18,sup6,cat10,Булочка с маком (1шт.),4.47
2025-12-18,sup2,cat6,Желудки куриные (550г.),4.98
2025-12-18,sup9,cat1,Мандарин,23.62
2025-12-18,sup5,cat9,Печенье овсяное (400г.),4.33
2025-12-18,sup12,cat12,Вода негаз. (0.5л.),0.99
2025-12-18,sup2,cat4,Яйцо куриное С1 (15шт.),6.44
2025-12-18,sup3,cat3,Сыр российский,7.64
2025-12-18,sup5,cat8,Крупа перловая (1кг.),1.44
2025-12-18,sup8,cat2,Лук репчатый,1.02
2025-12-18,sup11,cat2,Огурец,3.30
2025-12-18,sup6,cat10,Булочка с маком (1шт.),1.49
2025-12-18,sup6,cat10,Хлеб светлый (400г.),1.20
2025-12-18,sup11,cat2,Томат,3.23
2025-12-18,sup7,cat10,Батон нарезной (240г.),1.22
2025-12-18,sup2,cat4,Яйцо куриное С1 (10шт.),3.81
2025-12-18,sup6,cat10,Батон нарезной (240г.),1.22
2025-12-18,sup4,cat7,Кальмар,29.50
2025-12-18,sup9,cat1,Хурма,3.88
2025-12-18,sup6,cat10,Плетенка (450г.),4.04
2025-12-18,sup6,cat10,Хлеб ржаной (450г.),1.50
2025-12-18,sup1,cat11,Бекон (220г),9.99
2025-12-18,sup8,cat2,Томат,22.53
2025-12-18,sup5,cat12,Сок апельсиновый (1л.),7.20
2025-12-18,sup5,cat8,Сахар (1кг.),1.46
2025-12-18,sup5,cat12,Сок апельсиновый (1л.),7.20
2025-12-18,sup3,cat3,Масло сливочное (180г.),4.59
2025-12-18,sup2,cat5,Филе куриное,16.74
2025-12-18,sup3,cat3,Масло сливочное (180г.),4.59
2025-12-18,sup3,cat3,Сметана (180г.),3.88
2025-12-18,sup5,cat9,Шоколад молочный (90г.),11.98
2025-12-18,sup9,cat2,Огурец,3.24
2025-12-18,sup3,cat3,Сметана (380г.),3.71
2025-12-18,sup2,cat4,Яйцо куриное С1 (15шт.),6.44
2025-12-18,sup2,cat6,Печень куриная (550г.),5.50
2025-12-18,sup3,cat3,Масло сливочное (360г.),9.49
2025-12-18,sup2,cat6,Фарш,19.03
2025-12-18,sup8,cat2,Томат,17.79
2025-12-18,sup5,cat8,Чай пак. (25шт.),3.80
2025-12-18,sup11,cat2,Огурец,3.48
2025-12-18,sup9,cat2,Огурец,5.56
2025-12-18,sup3,cat3,Кефир (1л.),2.27
2025-12-18,sup5,cat12,Вода негаз. (0.5л.),0.99
2025-12-18,sup6,cat10,Лаваш (300г.),2.89
2025-12-18,sup5,cat9,Зефир (230г.),17.58
2025-12-18,sup5,cat12,Лимонад (2л.),5.35
2025-12-18,sup3,cat3,Масло сливочное (180г.),4.59
2025-12-19,sup1,cat6,Шашлык,55.15
2025-12-19,sup5,cat12,Сок апельсиновый (1л.),7.20
2025-12-19,sup6,cat10,Булочка с маком (1шт.),1.49
2025-12-19,sup6,cat10,Батон нарезной (240г.),1.22
2025-12-19,sup3,cat3,Молоко (1л.),2.60
2025-12-19,sup10,cat2,Морковь,2.06
2025-12-19,sup5,cat12,Лимонад (2л.),5.35
2025-12-19,sup9,cat1,Мандарин,23.55
2025-12-19,sup5,cat9,Печенье овсяное (400г.),4.33
2025-12-19,sup9,cat1,Мандарин,27.97
2025-12-19,sup10,cat2,Лук репчатый,0.90
2025-12-19,sup5,cat9,Зефир (230г.),8.79
2025-12-19,sup7,cat10,Батон нарезной (240г.),1.22
2025-12-19,sup5,cat12,Вода негаз. (0.5л.),0.99
2025-12-19,sup8,cat1,Груша,9.19
2025-12-19,sup9,cat1,Яблоко,2.30
2025-12-19,sup1,cat5,Свинина,17.42
2025-12-19,sup6,cat10,Батон нарезной (240г.),1.22
2025-12-19,sup9,cat1,Мандарин,10.31
2025-12-19,sup1,cat5,Свинина,28.66
2025-12-19,sup5,cat8,Спагетти (400г.),1.76
2025-12-19,sup1,cat6,Колбаски,27.53
2025-12-19,sup3,cat3,Молоко (1л.),2.60
2025-12-19,sup6,cat10,Плетенка (450г.),4.04
2025-12-19,sup8,cat2,Капуста,2.55
2025-12-19,sup7,cat10,Хлеб ржаной (450г.),1.50
2025-12-19,sup8,cat2,Огурец,7.08
2025-12-19,sup7,cat10,Хлеб светлый (400г.),1.20
2025-12-19,sup12,cat12,Coca-Cola (1л.),3.07
2025-12-19,sup5,cat8,Крупа перловая (1кг.),1.44
2025-12-19,sup6,cat10,Булочка с маком (1шт.),2.98
2025-12-19,sup2,cat4,Яйцо куриное Д1 (10шт.),4.98
2025-12-19,sup8,cat2,Морковь,2.45
2025-12-19,sup5,cat9,Шоколад молочный (90г.),5.99
2025-12-19,sup3,cat3,Кефир (1л.),2.27
2025-12-19,sup9,cat2,Томат,11.24
2025-12-19,sup1,cat5,Свинина,44.00
2025-12-19,sup5,cat9,Шоколад молочный (90г.),5.99
2025-12-19,sup3,cat3,Молоко (1.5л.),3.86
2025-12-19,sup3,cat3,Сметана (180г.),1.94
2025-12-19,sup7,cat10,Багет (200г.),2.49
2025-12-19,sup8,cat2,Огурец,7.13
2025-12-19,sup2,cat4,Яйцо куриное С1 (15шт.),6.44
2025-12-19,sup4,cat7,Форель (200г.),18.25
2025-12-19,sup5,cat8,Чай пак. (25шт.),3.80
2025-12-19,sup5,cat8,Масло подсолнечное (0.8л.),4.04
2025-12-19,sup5,cat8,Мука (1кг.),1.64
2025-12-19,sup8,cat2,Огурец,3.14
2025-12-19,sup5,cat12,Сок апельсиновый (1л.),7.20
2025-12-19,sup5,cat8,Масло распсовое (0.8л.),4.99
2025-12-19,sup7,cat10,Батон нарезной (240г.),1.22
2025-12-19,sup3,cat3,Кефир (1л.),2.27
2025-12-19,sup6,cat10,Лаваш (300г.),2.89
2025-12-19,sup8,cat2,Лук репчатый,1.79
2025-12-19,sup3,cat3,Кефир (1л.),4.54
2025-12-19,sup12,cat12,Coca-Cola (1л.),3.07
2025-12-19,sup8,cat2,Капуста,3.46
2025-12-19,sup9,cat1,Мандарин,27.54
2025-12-19,sup5,cat8,Мука (2кг.),2.60
2025-12-19,sup7,cat10,Хлеб ржаной (450г.),1.50
2025-12-19,sup12,cat12,Coca-Cola (1л.),3.07
2025-12-19,sup5,cat8,Масло подсолнечное (0.8л.),2.02
2025-12-19,sup5,cat12,Вода негаз. (0.5л.),0.99
2025-12-19,sup3,cat3,Кефир (1л.),2.27
2025-12-19,sup2,cat4,Яйцо куриное Д1 (10шт.),4.98
2025-12-20,sup6,cat10,Лаваш (300г.),2.89
2025-12-20,sup2,cat4,Яйцо куриное С1 (10шт.),7.62
2025-12-20,sup5,cat8,Масло подсолнечное (0.8л.),2.02
2025-12-20,sup10,cat2,Лук репчатый,1.63
2025-12-20,sup4,cat7,Креветки,13.66
2025-12-20,sup5,cat12,Сок яблочный (1л.),5.17
2025-12-20,sup10,cat1,Груша,6.65
2025-12-20,sup8,cat1,Груша,5.14
2025-12-20,sup9,cat1,Банан,12.46
2025-12-20,sup3,cat3,Молоко (1.5л.),3.86
2025-12-20,sup12,cat12,Coca-Cola (1л.),6.14
2025-12-20,sup5,cat8,Мука (1кг.),1.64
2025-12-20,sup3,cat3,Творог (200г.),4.88
2025-12-20,sup1,cat6,Голубцы,12.23
2025-12-20,sup8,cat2,Томат,16.28
2025-12-20,sup2,cat6,Колбаски,24.88
2025-12-20,sup2,cat4,Яйцо куриное С1 (10шт.),3.81
2025-12-20,sup7,cat10,Батон нарезной (240г.),1.22
2025-12-20,sup2,cat4,Яйцо куриное С1 (15шт.),6.44
2025-12-20,sup5,cat8,Крупа манная (1кг.),2.02
2025-12-20,sup1,cat5,Свинина,24.41
2025-12-20,sup9,cat2,Томат,1.39
2025-12-20,sup1,cat11,Ветчина,11.88
2025-12-20,sup3,cat3,Сыр российский,7.29
2025-12-20,sup4,cat7,Минтай,1.37
2025-12-20,sup2,cat6,Печень куриная (550г.),11.00
2025-12-20,sup10,cat2,Лук репчатый,1.32
2025-12-20,sup8,cat2,Огурец,1.86
2025-12-20,sup10,cat2,Лук репчатый,1.89
2025-12-20,sup3,cat3,Кефир (1л.),2.27
2025-12-20,sup1,cat6,Котлеты,12.60
2025-12-20,sup2,cat4,Яйцо перепелиное (20шт.),4.65
2025-12-20,sup3,cat3,Кефир (1л.),2.27
2025-12-20,sup10,cat1,Груша,11.30
2025-12-20,sup5,cat8,Крупа перловая (1кг.),1.44
2025-12-20,sup5,cat12,Вода негаз. (0.5л.),0.99
2025-12-20,sup12,cat12,Вода негаз. (0.5л.),0.99
2025-12-20,sup6,cat10,Батон нарезной (240г.),1.22
2025-12-20,sup4,cat7,Минтай,1.68
2025-12-20,sup7,cat10,Хлеб ржаной (450г.),1.50
2025-12-20,sup12,cat12,Coca-Cola (1л.),6.14
2025-12-20,sup1,cat5,Говядина,27.48
2025-12-20,sup4,cat7,Сельдь (250г.),5.99
2025-12-20,sup6,cat10,Батон нарезной (240г.),1.22
2025-12-20,sup1,cat11,Сосиски молочные,11.57
2025-12-20,sup3,cat3,Сметана (380г.),3.71
2025-12-20,sup11,cat2,Томат,7.70
2025-12-20,sup1,cat6,Фарш,40.55
2025-12-20,sup2,cat4,Яйцо куриное С1 (15шт.),6.44
2025-12-20,sup5,cat12,Сок апельсиновый (1л.),14.40
2025-12-20,sup6,cat10,Булочка с маком (1шт.),2.98
2025-12-20,sup10,cat2,Лук репчатый,1.37
2025-12-20,sup10,cat12,Сок яблочный (1л.),10.34
2025-12-20,sup1,cat5,Говядина,40.66
2025-12-20,sup1,cat11,Сосиски молочные,10.95
2025-12-20,sup2,cat11,Ветчина,6.79
2025-12-20,sup2,cat6,Печень куриная (550г.),5.50
2025-12-20,sup6,cat10,Булочка с маком (1шт.),1.49
2025-12-20,sup3,cat3,Кефир (1л.),2.27
2025-12-20,sup3,cat3,Молоко (1л.),2.60
2025-12-20,sup10,cat2,Морковь,2.27
2025-12-20,sup12,cat12,Coca-Cola (1л.),3.07
2025-12-20,sup1,cat5,Говядина,21.07
2025-12-20,sup10,cat2,Свекла,0.58
2025-12-20,sup4,cat7,Минтай,1.81
2025-12-21,sup4,cat7,Хек,10.54
2025-12-21,sup2,cat5,Филе куриное,17.89
2025-12-21,sup9,cat1,Груша,10.44
2025-12-21,sup10,cat2,Свекла,1.20
2025-12-21,sup10,cat1,Груша,5.65
2025-12-21,sup2,cat4,Яйцо куриное С1 (10шт.),3.81
2025-12-21,sup9,cat1,Мандарин,8.32
2025-12-21,sup2,cat6,Колбаски,18.72
2025-12-21,sup1,cat11,Сосиски молочные,11.37
2025-12-21,sup2,cat4,Яйцо куриное С1 (10шт.),7.62
2025-12-21,sup1,cat11,Сервелат (400г.),8.51
2025-12-21,sup11,cat2,Томат,21.36
2025-12-21,sup3,cat3,Молоко (1л.),2.60
2025-12-21,sup7,cat10,Батон нарезной (240г.),1.22
2025-12-21,sup4,cat7,Скумбрия,18.28
2025-12-21,sup10,cat2,Картофель,0.66
2025-12-21,sup1,cat11,Сосиски молочные,9.92
2025-12-21,sup3,cat3,Сметана (180г.),1.94
2025-12-21,sup8,cat2,Капуста,4.55
2025-12-21,sup5,cat12,Вода негаз. (0.5л.),0.99
2025-12-21,sup12,cat12,Coca-Cola (1л.),3.07
2025-12-21,sup7,cat10,Батон нарезной (240г.),1.22
2025-12-21,sup4,cat7,Сельдь (250г.),11.98
2025-12-21,sup5,cat8,Мука (2кг.),2.60
2025-12-21,sup4,cat7,Сельдь (250г.),5.99
2025-12-21,sup1,cat5,Говядина,10.01
2025-12-21,sup3,cat3,Молоко (1л.),2.60
2025-12-21,sup6,cat10,Хлеб светлый (400г.),1.20
2025-12-21,sup9,cat1,Хурма,10.11
2025-12-21,sup7,cat10,Сушки (500г.),3.99
2025-12-21,sup2,cat11,Сосиски молочные,12.23
2025-12-21,sup3,cat3,Молоко (1л.),2.60
2025-12-21,sup2,cat5,Окорочка куриные,11.27
2025-12-21,sup3,cat3,Кефир (1л.),2.27
2025-12-21,sup9,cat2,Огурец,7.99
2025-12-21,sup9,cat1,Яблоко,10.58
2025-12-21,sup1,cat11,Колбаса вареная (400г.),4.98
2025-12-21,sup7,cat10,Батон нарезной (240г.),2.44
2025-12-21,sup4,cat7,Минтай,0.76
2025-12-21,sup10,cat2,Картофель,0.22
2025-12-21,sup3,cat3,Масло сливочное (180г.),4.59
2025-12-21,sup9,cat1,Банан,15.24
2025-12-21,sup4,cat7,Хек,15.50
2025-12-21,sup5,cat12,Чай холодный (0.5л.),3.59
2025-12-21,sup5,cat9,Печенье овсяное (400г.),4.33
2025-12-21,sup9,cat1,Мандарин,19.25
2025-12-21,sup3,cat3,Молоко (1л.),2.60
2025-12-21,sup1,cat11,Бекон (220г),9.99
2025-12-21,sup7,cat10,Батон нарезной (240г.),2.44
2025-12-21,sup9,cat1,Груша,11.65
2025-12-21,sup3,cat3,Кефир (1л.),2.27
2025-12-21,sup3,cat3,Кефир (1л.),2.27
2025-12-21,sup3,cat3,Масло сливочное (180г.),4.59
2025-12-21,sup5,cat12,Сок апельсиновый (1л.),7.20
2025-12-22,sup5,cat8,Мука (2кг.),2.60
2025-12-22,sup5,cat12,Вода мин. газ. (1л.),1.59
2025-12-22,sup9,cat1,Мандарин,19.42
2025-12-22,sup9,cat1,Хурма,5.02
2025-12-22,sup2,cat4,Яйцо куриное С1 (10шт.),3.81
2025-12-22,sup3,cat3,Молоко (1л.),2.60
2025-12-22,sup1,cat6,Фарш,36.48
2025-12-22,sup1,cat11,Сервелат (400г.),8.51
2025-12-22,sup1,cat11,Сервелат (400г.),8.51
2025-12-22,sup12,cat12,Coca-Cola (1л.),3.07
2025-12-22,sup5,cat8,Спагетти (400г.),1.76
2025-12-22,sup10,cat2,Лук репчатый,1.34
2025-12-22,sup2,cat5,Филе куриное,11.10
2025-12-22,sup9,cat1,Мандарин,4.89
2025-12-22,sup6,cat10,Булочка с маком (1шт.),1.49
2025-12-22,sup3,cat3,Кефир (1л.),2.27
2025-12-22,sup10,cat2,Картофель,2.26
2025-12-22,sup7,cat10,Батон нарезной (240г.),1.22
2025-12-22,sup10,cat2,Свекла,0.12
2025-12-22,sup6,cat10,Багет (200г.),2.49
2025-12-22,sup10,cat2,Лук репчатый,0.36
2025-12-22,sup3,cat3,Молоко (1л.),2.60
2025-12-22,sup3,cat3,Сметана (180г.),1.94
2025-12-22,sup3,cat3,Творог (200г.),2.44
2025-12-22,sup5,cat8,Макароны (900г.),1.49
2025-12-22,sup6,cat10,Хлеб светлый (400г.),1.20
2025-12-22,sup10,cat2,Лук репчатый,0.21
2025-12-22,sup3,cat3,Кефир (1л.),2.27
2025-12-22,sup9,cat1,Мандарин,19.25
2025-12-22,sup2,cat6,Желудки куриные (550г.),4.98
2025-12-22,sup3,cat3,Масло сливочное (180г.),4.59
2025-12-22,sup6,cat10,Батон нарезной (240г.),1.22
2025-12-22,sup3,cat3,Молоко (1л.),2.60
2025-12-22,sup3,cat3,Кефир (1л.),2.27
2025-12-22,sup10,cat2,Картофель,1.99
2025-12-22,sup5,cat12,Лимонад (2л.),5.35
2025-12-22,sup5,cat8,Кофе мол. (250г.),19.99
2025-12-22,sup3,cat3,Масло сливочное (180г.),4.59
2025-12-22,sup2,cat4,Яйцо куриное С1 (10шт.),3.81
2025-12-22,sup1,cat11,Колбаса вареная (400г.),4.98
2025-12-22,sup5,cat8,Крупа перловая (1кг.),1.44
2025-12-22,sup3,cat3,Сметана (380г.),7.42
2025-12-22,sup2,cat4,Яйцо куриное Д1 (10шт.),4.98
2025-12-22,sup9,cat1,Банан,8.06
2025-12-22,sup5,cat12,Квас светлый (1л.),2.65
2025-12-22,sup1,cat5,Говядина,11.25
2025-12-22,sup2,cat4,Яйцо куриное С1 (10шт.),7.62
2025-12-22,sup4,cat7,Хек,6.85
2025-12-22,sup5,cat9,Конфеты шоколадные,30.59
2025-12-22,sup2,cat4,Яйцо куриное С1 (15шт.),6.44
2025-12-23,sup1,cat5,Говядина,33.42
2025-12-23,sup2,cat4,Яйцо куриное Д1 (10шт.),4.98
2025-12-23,sup2,cat5,Окорочка куриные,13.17
2025-12-23,sup4,cat7,Сельдь (250г.),5.99
2025-12-23,sup5,cat8,Сахар (1кг.),0.73
2025-12-23,sup4,cat7,Форель (200г.),18.25
2025-12-23,sup9,cat1,Мандарин,18.34
2025-12-23,sup8,cat2,Огурец,6.14
2025-12-23,sup6,cat10,Лаваш (300г.),2.89
2025-12-23,sup10,cat2,Картофель,3.34
2025-12-23,sup5,cat9,Шоколад молочный (90г.),5.99
2025-12-23,sup1,cat5,Говядина,27.76
2025-12-23,sup1,cat11,Сосиски молочные,7.45
2025-12-23,sup2,cat11,Сосиски молочные,10.39
2025-12-23,sup9,cat2,Огурец,4.25
2025-12-23,sup5,cat9,Карамель,3.40
2025-12-23,sup2,cat11,Сосиски молочные,6.53
2025-12-23,sup2,cat5,Окорочка куриные,11.13
2025-12-23,sup2,cat6,Желудки куриные (550г.),4.98
2025-12-23,sup9,cat1,Мандарин,7.40
2025-12-23,sup2,cat6,Голубцы,13.97
2025-12-23,sup1,cat11,Сосиски молочные,11.45
2025-12-23,sup3,cat3,Сметана (380г.),3.71
2025-12-23,sup9,cat1,Мандарин,10.59
2025-12-23,sup9,cat1,Мандарин,28.88
2025-12-23,sup2,cat4,Яйцо перепелиное (20шт.),4.65
2025-12-23,sup5,cat8,Крупа перловая (1кг.),1.44
2025-12-23,sup1,cat11,Колбаски охотничьи (500г.),27.60
2025-12-23,sup3,cat3,Сметана (380г.),7.42
2025-12-23,sup8,cat2,Томат,17.45
2025-12-23,sup2,cat5,Окорочка куриные,4.67
2025-12-23,sup5,cat12,Вода негаз. (0.5л.),1.98
2025-12-23,sup6,cat10,Хлеб ржаной (450г.),1.50
2025-12-23,sup5,cat8,Крупа гречневая (700г.),2.07
2025-12-23,sup10,cat2,Морковь,0.91
2025-12-23,sup1,cat5,Свинина,40.90
2025-12-23,sup5,cat8,Мука (2кг.),2.60
2025-12-23,sup3,cat3,Молоко (1л.),2.60
2025-12-23,sup7,cat10,Хлеб светлый (400г.),1.20
2025-12-23,sup1,cat6,Голубцы,29.25
2025-12-23,sup6,cat10,Батон нарезной (240г.),1.22
2025-12-23,sup12,cat12,Coca-Cola (1л.),6.14
2025-12-23,sup6,cat10,Булочка с маком (1шт.),1.49
2025-12-23,sup5,cat9,Печенье овсяное (400г.),4.33
2025-12-23,sup5,cat8,Спагетти (400г.),1.76
2025-12-23,sup1,cat6,Котлеты,10.62
2025-12-23,sup3,cat3,Кефир (1л.),2.27
2025-12-23,sup5,cat9,Зефир (230г.),8.79
2025-12-23,sup2,cat11,Сосиски молочные,6.86
2025-12-23,sup5,cat9,Печенье овсяное (400г.),8.66
2025-12-23,sup9,cat1,Хурма,9.53
2025-12-23,sup9,cat1,Мандарин,3.34
2025-12-24,sup8,cat1,Груша,11.27
2025-12-24,sup2,cat6,Фарш,29.21
2025-12-24,sup2,cat4,Яйцо перепелиное (20шт.),4.65
2025-12-24,sup6,cat10,Хлеб светлый (400г.),1.20
2025-12-24,sup6,cat10,Лаваш (300г.),2.89
2025-12-24,sup3,cat3,Сыр российский,18.99
2025-12-24,sup9,cat1,Мандарин,17.70
2025-12-24,sup4,cat7,Хек,10.86
2025-12-24,sup2,cat6,Фарш,18.55
2025-12-24,sup5,cat9,Зефир (230г.),8.79
2025-12-24,sup6,cat10,Хлеб светлый (400г.),1.20
2025-12-24,sup4,cat7,Креветки,14.42
2025-12-24,sup7,cat10,Багет (200г.),2.49
2025-12-24,sup8,cat2,Лук репчатый,0.40
2025-12-24,sup8,cat2,Огурец,5.63
2025-12-24,sup6,cat10,Батон нарезной (240г.),1.22
2025-12-24,sup3,cat3,Сметана (380г.),3.71
2025-12-24,sup5,cat12,Вода негаз. (0.5л.),0.99
2025-12-24,sup6,cat10,Батон нарезной (240г.),1.22
2025-12-24,sup1,cat5,Свинина,16.40
2025-12-24,sup5,cat8,Спагетти (400г.),1.76
2025-12-24,sup5,cat8,Кофе раств. (95г.),14.99
2025-12-24,sup7,cat10,Батон нарезной (240г.),1.22
2025-12-24,sup1,cat6,Фарш,32.19
2025-12-24,sup2,cat4,Яйцо куриное С1 (15шт.),6.44
2025-12-24,sup5,cat12,Сок апельсиновый (1л.),7.20
2025-12-24,sup2,cat4,Яйцо куриное С1 (15шт.),6.44
2025-12-24,sup3,cat3,Масло сливочное (180г.),4.59
2025-12-24,sup3,cat3,Молоко (1л.),2.60
2025-12-24,sup6,cat10,Булочка с маком (1шт.),1.49
2025-12-24,sup6,cat10,Батон нарезной (240г.),1.22
2025-12-24,sup5,cat8,Крупа гречневая (700г.),2.07
2025-12-24,sup5,cat8,Пшено (900г.),2.35
2025-12-24,sup2,cat4,Яйцо куриное Д1 (10шт.),4.98
2025-12-24,sup5,cat8,Спагетти (400г.),3.52
2025-12-24,sup1,cat11,Сосиски молочные,4.08
2025-12-24,sup9,cat1,Мандарин,3.61
2025-12-24,sup3,cat3,Молоко (1.5л.),3.86
2025-12-24,sup6,cat10,Батон нарезной (240г.),1.22
2025-12-24,sup1,cat5,Свинина,36.08
2025-12-24,sup9,cat1,Мандарин,16.00
2025-12-24,sup6,cat10,Лаваш (300г.),2.89
2025-12-24,sup5,cat8,Масло распсовое (0.8л.),4.99
2025-12-24,sup1,cat6,Колбаски,27.39
2025-12-24,sup5,cat12,Вода негаз. (0.5л.),0.99
2025-12-24,sup11,cat2,Томат,23.16
2025-12-24,sup7,cat10,Батон нарезной (240г.),1.22
2025-12-24,sup9,cat1,Банан,10.40
2025-12-24,sup2,cat4,Яйцо перепелиное (10шт.),2.95
2025-12-24,sup6,cat10,Хлеб ржаной (450г.),1.50
2025-12-25,sup5,cat9,Карамель,6.11
2025-12-25,sup5,cat8,Масло подсолнечное (0.8л.),2.02
2025-12-25,sup8,cat1,Груша,3.43
2025-12-25,sup3,cat3,Молоко (1л.),2.60
2025-12-25,sup3,cat3,Творог (200г.),4.88
2025-12-25,sup2,cat4,Яйцо куриное С1 (15шт.),6.44
2025-12-25,sup9,cat1,Мандарин,29.84
2025-12-25,sup9,cat2,Томат,16.79
2025-12-25,sup6,cat10,Батон нарезной (240г.),1.22
2025-12-25,sup5,cat12,Вода негаз. (0.5л.),0.99
2025-12-25,sup6,cat10,Лаваш (300г.),2.89
2025-12-25,sup2,cat6,Голубцы,33.06
2025-12-25,sup9,cat1,Мандарин,25.60
2025-12-25,sup1,cat5,Свинина,44.03
2025-12-25,sup5,cat9,Вафли (143г.),2.76
2025-12-25,sup3,cat3,Сыр российский,16.75
2025-12-25,sup6,cat10,Булочка с маком (1шт.),2.98
2025-12-25,sup4,cat7,Паста рыбная (150г.),2.95
2025-12-25,sup5,cat12,Вода негаз. (0.5л.),0.99
2025-12-25,sup10,cat2,Морковь,2.46
2025-12-25,sup8,cat2,Томат,1.77
2025-12-25,sup8,cat2,Свекла,1.32
2025-12-25,sup7,cat10,Хлеб светлый (400г.),1.20
2025-12-25,sup5,cat12,Вода мин. газ. (1л.),1.59
2025-12-25,sup1,cat6,Котлеты,8.84
2025-12-25,sup5,cat8,Крупа гречневая (700г.),2.07
2025-12-25,sup6,cat10,Батон нарезной (240г.),1.22
2025-12-25,sup6,cat10,Багет (200г.),2.49
2025-12-25,sup3,cat3,Кефир (1л.),2.27
2025-12-25,sup4,cat7,Форель (200г.),18.25
2025-12-25,sup3,cat3,Творог (200г.),2.44
2025-12-25,sup2,cat11,Колбаса вареная (400г.),4.98
2025-12-25,sup10,cat2,Лук репчатый,1.40
2025-12-25,sup8,cat2,Огурец,4.56
2025-12-25,sup4,cat7,Хек,7.01
2025-12-25,sup1,cat11,Колбаски охотничьи (500г.),9.20
2025-12-25,sup10,cat12,Сок яблочный (1л.),5.17
2025-12-25,sup3,cat3,Молоко (1л.),5.20
2025-12-25,sup3,cat3,Молоко (1.5л.),3.86
2025-12-25,sup6,cat10,Булочка с маком (1шт.),2.98
2025-12-25,sup6,cat10,Батон нарезной (240г.),1.22
2025-12-25,sup1,cat11,Колбаса вареная (400г.),4.98
2025-12-25,sup1,cat11,Сосиски молочные,3.78
2025-12-25,sup5,cat8,Спагетти (400г.),1.76
2025-12-25,sup2,cat6,Колбаски,12.45
2025-12-25,sup6,cat10,Хлеб светлый (400г.),1.20
2025-12-25,sup1,cat11,Сосиски молочные,7.68
2025-12-25,sup5,cat9,Печенье овсяное (400г.),4.33
2025-12-25,sup9,cat1,Мандарин,13.36
2025-12-25,sup10,cat2,Картофель,4.71
2025-12-25,sup9,cat1,Мандарин,11.61
2025-12-25,sup5,cat8,Крупа гречневая (700г.),2.07
2025-12-25,sup4,cat7,Форель (200г.),18.25
2025-12-25,sup1,cat6,Котлеты,21.58
2025-12-25,sup5,cat9,Зефир (230г.),8.79
2025-12-25,sup3,cat3,Сыр российский,10.32
2025-12-25,sup5,cat9,Мармелад,2.71
2025-12-25,sup7,cat10,Батон нарезной (240г.),1.22
2025-12-25,sup3,cat3,Сметана (180г.),3.88
2025-12-25,sup8,cat2,Свекла,0.59
2025-12-25,sup6,cat10,Хлеб ржаной (450г.),1.50
2025-12-25,sup3,cat3,Творог (200г.),2.44
2025-12-25,sup6,cat10,Лаваш (300г.),2.89
2025-12-25,sup1,cat11,Салями,21.28
2025-12-25,sup4,cat7,Минтай,1.53
2025-12-25,sup3,cat3,Кефир (1л.),2.27
2025-12-25,sup5,cat8,Кофе мол. (250г.),19.99
2025-12-25,sup3,cat3,Молоко (1л.),2.60
2025-12-25,sup8,cat2,Томат,10.79
2025-12-25,sup10,cat1,Груша,10.19
2025-12-25,sup1,cat11,Сосиски молочные,5.88
2025-12-25,sup9,cat1,Банан,9.11
2025-12-25,sup2,cat4,Яйцо куриное С1 (10шт.),7.62
2025-12-25,sup10,cat2,Морковь,2.12
2025-12-25,sup5,cat8,Крупа гречневая (700г.),2.07
2025-12-25,sup8,cat2,Картофель,1.77
2025-12-25,sup5,cat9,Шоколад молочный (90г.),5.99
2025-12-25,sup2,cat5,Окорочка куриные,4.38
2025-12-25,sup2,cat4,Яйцо куриное С1 (10шт.),7.62
2025-12-25,sup5,cat9,Шоколад молочный (90г.),5.99
2025-12-25,sup3,cat3,Масло сливочное (1кг.),30.73
2025-12-25,sup3,cat3,Молоко (1л.),2.60
2025-12-25,sup3,cat3,Сыр сливочный (200г.),5.41
2025-12-25,sup5,cat8,Спагетти (400г.),1.76
2025-12-25,sup5,cat12,Вода негаз. (0.5л.),0.99
2025-12-25,sup2,cat5,Филе куриное,18.25
2025-12-25,sup10,cat2,Морковь,0.68
2025-12-25,sup1,cat11,Сосиски молочные,6.07
2025-12-25,sup3,cat3,Молоко (1л.),2.60
2025-12-25,sup7,cat10,Батон нарезной (240г.),1.22
2025-12-25,sup4,cat7,Кальмар,24.67
2025-12-25,sup9,cat1,Мандарин,12.65
2025-12-25,sup5,cat9,Шоколад молочный (90г.),5.99
2025-12-25,sup2,cat11,Сосиски молочные,9.22
2025-12-25,sup3,cat3,Молоко (1.5л.),7.72
2025-12-25,sup2,cat5,Окорочка куриные,8.04
2025-12-25,sup6,cat10,Лаваш (300г.),2.89
2025-12-25,sup1,cat6,Котлеты,21.07
2025-12-25,sup5,cat8,Сахар (1кг.),1.46
2025-12-25,sup2,cat11,Колбаса вареная (400г.),4.98
2025-12-25,sup2,cat11,Сосиски молочные,4.73
2025-12-25,sup5,cat12,Сок апельсиновый (1л.),7.20
2025-12-25,sup6,cat10,Лаваш (300г.),2.89
2025-12-25,sup8,cat2,Свекла,1.61
2025-12-25,sup8,cat1,Груша,15.02
2025-12-25,sup5,cat8,Пшено (900г.),2.35
2025-12-25,sup3,cat3,Кефир (1л.),2.27
2025-12-25,sup12,cat12,Coca-Cola (1л.),3.07
2025-12-25,sup5,cat12,Вода негаз. (0.5л.),0.99
2025-12-25,sup5,cat12,Вода негаз. (0.5л.),0.99
2025-12-25,sup8,cat2,Лук репчатый,1.29
2025-12-25,sup6,cat10,Батон нарезной (240г.),1.22
2025-12-25,sup5,cat8,Чай пак. (25шт.),7.60
2025-12-25,sup5,cat9,Вафли (143г.),5.52
2025-12-25,sup1,cat11,Сосиски молочные,11.22
2025-12-25,sup8,cat2,Томат,10.79
2025-12-25,sup10,cat1,Яблоко,9.09
2025-12-25,sup2,cat4,Яйцо куриное С1 (15шт.),6.44
2025-12-25,sup3,cat3,Творог (200г.),2.44
2025-12-25,sup6,cat10,Хлеб светлый (400г.),1.20
2025-12-25,sup5,cat9,Шоколад молочный (90г.),17.97
2025-12-25,sup3,cat3,Сметана (380г.),3.71
2025-12-25,sup2,cat4,Яйцо куриное С1 (10шт.),3.81
2025-12-25,sup3,cat3,Кефир (1л.),2.27
2025-12-25,sup2,cat11,Колбаса вареная (400г.),4.98
2025-12-25,sup1,cat11,Колбаса вареная (400г.),4.98
2025-12-25,sup2,cat4,Яйцо куриное С1 (10шт.),3.81
2025-12-25,sup5,cat12,Вода негаз. (0.5л.),0.99
2025-12-25,sup6,cat10,Булочка с маком (1шт.),2.98
2025-12-26,sup3,cat3,Молоко (1л.),2.60
2025-12-26,sup5,cat12,Вода мин. газ. (1л.),1.59
2025-12-26,sup10,cat2,Лук репчатый,0.60
2025-12-26,sup1,cat11,Сосиски молочные,7.55
2025-12-26,sup5,cat12,Чай холодный (0.5л.),3.59
2025-12-26,sup5,cat8,Мука (1кг.),1.64
2025-12-26,sup6,cat10,Багет (200г.),2.49
2025-12-26,sup6,cat10,Булочка с маком (1шт.),4.47
2025-12-26,sup2,cat4,Яйцо куриное С1 (10шт.),3.81
2025-12-26,sup1,cat11,Ветчина,7.41
2025-12-26,sup3,cat3,Кефир (1л.),2.27
2025-12-26,sup9,cat1,Хурма,13.09
2025-12-26,sup11,cat2,Томат,22.49
2025-12-26,sup9,cat1,Мандарин,11.07
2025-12-26,sup5,cat8,Макароны (900г.),1.49
2025-12-26,sup7,cat10,Хлеб ржаной (450г.),1.50
2025-12-26,sup6,cat10,Батон нарезной (240г.),1.22
2025-12-26,sup6,cat10,Булочка с маком (1шт.),4.47
2025-12-26,sup1,cat11,Колбаски охотничьи (500г.),9.20
2025-12-26,sup2,cat4,Яйцо куриное С1 (10шт.),3.81
2025-12-26,sup2,cat4,Яйцо куриное С1 (15шт.),6.44
2025-12-26,sup8,cat2,Лук репчатый,1.97
2025-12-26,sup1,cat6,Шашлык,51.60
2025-12-26,sup2,cat11,Колбаса вареная (400г.),4.98
2025-12-26,sup12,cat12,Coca-Cola (1л.),3.07
2025-12-26,sup7,cat10,Батон нарезной (240г.),1.22
2025-12-26,sup9,cat1,Банан,9.24
2025-12-26,sup6,cat10,Булочка с маком (1шт.),1.49
2025-12-26,sup2,cat5,Филе куриное,18.53
2025-12-26,sup7,cat10,Батон нарезной (240г.),1.22
2025-12-26,sup2,cat5,Филе куриное,19.21
2025-12-26,sup5,cat8,Пшено (900г.),2.35
2025-12-26,sup6,cat10,Сушки (500г.),7.98
2025-12-26,sup8,cat2,Картофель,1.42
2025-12-26,sup1,cat6,Котлеты,20.61
2025-12-26,sup2,cat5,Окорочка куриные,5.98
2025-12-26,sup9,cat1,Мандарин,20.11
2025-12-26,sup8,cat2,Картофель,4.60
2025-12-26,sup5,cat12,Квас светлый (1л.),2.65
2025-12-26,sup5,cat8,Мука (1кг.),1.64
2025-12-26,sup9,cat1,Банан,5.88
2025-12-26,sup3,cat3,Кефир (1л.),2.27
2025-12-26,sup9,cat1,Мандарин,7.89
2025-12-26,sup5,cat8,Сахар (1кг.),1.46
2025-12-26,sup2,cat4,Яйцо куриное Д1 (10шт.),4.98
2025-12-26,sup4,cat7,Креветки,26.84
2025-12-26,sup2,cat6,Фарш,29.76
2025-12-26,sup5,cat12,Сок апельсиновый (1л.),7.20
2025-12-26,sup2,cat11,Колбаса вареная (400г.),4.98
2025-12-26,sup6,cat10,Батон нарезной (240г.),2.44
2025-12-26,sup5,cat8,Кофе раств. (95г.),14.99
2025-12-26,sup5,cat12,Вода негаз. (0.5л.),0.99
2025-12-26,sup2,cat6,Шашлык,30.77
2025-12-26,sup9,cat1,Мандарин,16.89
2025-12-26,sup11,cat2,Томат,13.11
2025-12-26,sup3,cat3,Молоко (1л.),2.60
2025-12-26,sup8,cat2,Картофель,2.49
2025-12-26,sup1,cat11,Бекон (220г),9.99
2025-12-26,sup6,cat10,Батон нарезной (240г.),1.22
2025-12-26,sup5,cat9,Мармелад,5.76
2025-12-26,sup5,cat9,Зефир (230г.),8.79
2025-12-26,sup11,cat2,Огурец,4.26
2025-12-26,sup1,cat11,Ветчина,11.32
2025-12-26,sup1,cat11,Колбаса вареная (400г.),4.98
2025-12-26,sup8,cat2,Огурец,7.99
2025-12-26,sup5,cat8,Масло подсолнечное (0.8л.),6.06
2025-12-26,sup9,cat2,Томат,7.74
2025-12-26,sup7,cat10,Хлеб ржаной (450г.),1.50
2025-12-26,sup5,cat12,Лимонад (2л.),5.35
2025-12-26,sup1,cat5,Свинина,15.19
2025-12-26,sup1,cat11,Сервелат (400г.),8.51
2025-12-26,sup8,cat2,Картофель,6.08
2025-12-26,sup5,cat12,Лимонад (2л.),10.70
2025-12-26,sup3,cat3,Кефир (1л.),2.27
2025-12-26,sup3,cat3,Молоко (1л.),2.60
2025-12-26,sup1,cat11,Ветчина,15.40
2025-12-26,sup5,cat12,Вода мин. газ. (1л.),4.77
2025-12-26,sup2,cat4,Яйцо куриное С1 (15шт.),6.44
2025-12-26,sup2,cat11,Сосиски молочные,9.38
2025-12-26,sup2,cat5,Окорочка куриные,10.24
2025-12-26,sup2,cat4,Яйцо куриное С1 (10шт.),7.62
2025-12-26,sup10,cat1,Груша,7.97
2025-12-26,sup8,cat2,Огурец,3.79
2025-12-26,sup3,cat3,Сыр российский,11.19
2025-12-26,sup5,cat9,Печенье овсяное (400г.),8.66
2025-12-26,sup4,cat7,Икра лососевая (140г.),32.99
2025-12-26,sup1,cat5,Свинина,14.55
2025-12-26,sup6,cat10,Багет (200г.),2.49
2025-12-26,sup10,cat2,Картофель,5.82
2025-12-26,sup1,cat6,Фарш,28.09
2025-12-26,sup3,cat3,Кефир (1л.),2.27
2025-12-26,sup8,cat2,Томат,11.55
2025-12-26,sup5,cat8,Кофе раств. (95г.),14.99
2025-12-26,sup5,cat8,Кофе раств. (95г.),14.99
2025-12-26,sup2,cat4,Яйцо куриное Д1 (10шт.),4.98
2025-12-26,sup8,cat2,Лук репчатый,1.20
2025-12-26,sup3,cat3,Молоко (1л.),2.60
2025-12-26,sup5,cat12,Чай холодный (0.5л.),3.59
2025-12-26,sup5,cat12,Сок яблочный (1л.),5.17
2025-12-26,sup1,cat6,Голубцы,20.49
2025-12-26,sup7,cat10,Хлеб светлый (400г.),1.20
2025-12-26,sup2,cat4,Яйцо куриное С1 (10шт.),3.81
2025-12-26,sup5,cat8,Макароны (900г.),2.98
2025-12-26,sup3,cat3,Кефир (1л.),4.54
2025-12-26,sup5,cat12,Чай холодный (0.5л.),3.59
2025-12-26,sup1,cat11,Сосиски молочные,11.76
2025-12-26,sup2,cat6,Фарш,23.63
2025-12-26,sup9,cat1,Мандарин,28.17
2025-12-26,sup5,cat9,Конфеты шоколадные,25.88
2025-12-26,sup4,cat7,Сельдь (250г.),5.99
2025-12-26,sup5,cat8,Спагетти (400г.),1.76
2025-12-26,sup3,cat3,Сыр российский,10.46
2025-12-26,sup8,cat2,Томат,9.19
2025-12-26,sup5,cat9,Печенье овсяное (400г.),4.33
2025-12-26,sup2,cat5,Филе куриное,7.03
2025-12-26,sup7,cat10,Батон нарезной (240г.),1.22
2025-12-26,sup7,cat10,Сушки (500г.),3.99
2025-12-26,sup2,cat4,Яйцо куриное С1 (15шт.),6.44
2025-12-26,sup5,cat8,Кофе мол. (250г.),19.99
2025-12-26,sup2,cat6,Голубцы,31.89
2025-12-26,sup6,cat10,Хлеб ржаной (450г.),1.50
2025-12-26,sup3,cat3,Молоко (1л.),2.60
2025-12-26,sup8,cat2,Лук репчатый,1.05
2025-12-26,sup5,cat12,Сок апельсиновый (1л.),7.20
2025-12-26,sup12,cat12,Вода негаз. (0.5л.),0.99
2025-12-26,sup2,cat6,Фарш,44.79
2025-12-26,sup1,cat11,Ветчина,16.88
2025-12-26,sup2,cat4,Яйцо куриное С1 (10шт.),7.62
2025-12-26,sup5,cat9,Конфеты шоколадные,7.60
2025-12-26,sup5,cat9,Печенье овсяное (400г.),4.33
2025-12-26,sup5,cat12,Вода негаз. (0.5л.),0.99
2025-12-26,sup2,cat4,Яйцо перепелиное (10шт.),2.95
2025-12-26,sup10,cat1,Груша,17.44
2025-12-26,sup6,cat10,Хлеб светлый (400г.),1.20
2025-12-26,sup10,cat2,Картофель,2.03
2025-12-26,sup7,cat10,Багет (200г.),2.49
2025-12-26,sup8,cat2,Томат,6.54
2025-12-26,sup9,cat1,Мандарин,28.67
2025-12-26,sup1,cat5,Свинина,40.31
2025-12-26,sup5,cat9,Конфеты шоколадные,21.24
2025-12-26,sup12,cat12,Вода негаз. (0.5л.),0.99
2025-12-26,sup2,cat4,Яйцо куриное С1 (10шт.),3.81
2025-12-26,sup8,cat2,Лук репчатый,0.59
2025-12-26,sup5,cat8,Кофе мол. (250г.),19.99
2025-12-26,sup2,cat6,Фарш,18.59
2025-12-26,sup7,cat10,Багет (200г.),2.49
2025-12-26,sup1,cat11,Сосиски молочные,11.16
2025-12-26,sup3,cat3,Сыр голландский (200г.),5.02
2025-12-26,sup5,cat9,Карамель,4.21
2025-12-26,sup11,cat2,Огурец,3.48
2025-12-26,sup5,cat12,Сок апельсиновый (1л.),7.20
2025-12-26,sup9,cat1,Мандарин,16.40
2025-12-26,sup2,cat5,Окорочка куриные,4.60
2025-12-26,sup2,cat4,Яйцо куриное С1 (15шт.),6.44
2025-12-26,sup11,cat2,Огурец,4.37
2025-12-26,sup6,cat10,Хлеб светлый (400г.),1.20
2025-12-26,sup6,cat10,Сушки (500г.),3.99
2025-12-26,sup6,cat10,Булочка с маком (1шт.),2.98
2025-12-26,sup2,cat4,Яйцо перепелиное (10шт.),2.95
2025-12-26,sup8,cat2,Огурец,3.72
2025-12-26,sup8,cat2,Свекла,1.53
2025-12-26,sup6,cat10,Багет (200г.),2.49
2025-12-26,sup5,cat8,Сахар (1кг.),0.73
2025-12-26,sup5,cat8,Крупа гречневая (700г.),4.14
2025-12-26,sup1,cat11,Сосиски молочные,7.44
2025-12-26,sup9,cat1,Мандарин,5.62
2025-12-26,sup6,cat10,Хлеб светлый (400г.),1.20
2025-12-26,sup5,cat8,Кофе мол. (250г.),19.99
2025-12-26,sup1,cat5,Говядина,20.62
2025-12-26,sup2,cat4,Яйцо куриное С1 (10шт.),7.62
2025-12-26,sup5,cat8,Крупа манная (1кг.),2.02
2025-12-26,sup5,cat8,Чай пак. (25шт.),3.80
2025-12-27,sup9,cat1,Груша,13.38
2025-12-27,sup5,cat9,Конфеты шоколадные,10.40
2025-12-27,sup8,cat2,Картофель,3.18
2025-12-27,sup3,cat3,Творог (200г.),7.32
2025-12-27,sup8,cat2,Капуста,2.46
2025-12-27,sup5,cat8,Мука (1кг.),1.64
2025-12-27,sup1,cat11,Ветчина,11.78
2025-12-27,sup6,cat10,Плетенка (450г.),4.04
2025-12-27,sup6,cat10,Булочка с маком (1шт.),1.49
2025-12-27,sup9,cat1,Мандарин,28.26
2025-12-27,sup7,cat10,Батон нарезной (240г.),1.22
2025-12-27,sup2,cat6,Голубцы,20.20
2025-12-27,sup10,cat2,Морковь,1.26
2025-12-27,sup3,cat3,Кефир (1л.),2.27
2025-12-27,sup5,cat8,Крупа гречневая (700г.),2.07
2025-12-27,sup2,cat4,Яйцо куриное Д1 (10шт.),4.98
2025-12-27,sup8,cat2,Лук репчатый,1.60
2025-12-27,sup5,cat9,Печенье овсяное (400г.),4.33
2025-12-27,sup5,cat8,Соль (1кг.),0.73
2025-12-27,sup9,cat1,Мандарин,7.34
2025-12-27,sup2,cat4,Яйцо куриное С1 (10шт.),3.81
2025-12-27,sup2,cat4,Яйцо куриное Д1 (10шт.),4.98
2025-12-27,sup5,cat8,Сахар (1кг.),2.92
2025-12-27,sup1,cat5,Говядина,18.43
2025-12-27,sup5,cat9,Зефир (230г.),8.79
2025-12-27,sup1,cat11,Ветчина,15.76
2025-12-27,sup4,cat7,Минтай,1.43
2025-12-27,sup6,cat10,Батон нарезной (240г.),1.22
2025-12-27,sup6,cat10,Хлеб ржаной (450г.),1.50
2025-12-27,sup10,cat2,Морковь,0.52
2025-12-27,sup5,cat12,Квас светлый (1л.),2.65
2025-12-27,sup1,cat6,Котлеты,22.34
2025-12-27,sup5,cat9,Карамель,5.74
2025-12-27,sup7,cat10,Батон нарезной (240г.),1.22
2025-12-27,sup12,cat12,Вода негаз. (0.5л.),0.99
2025-12-27,sup3,cat3,Молоко (1л.),2.60
2025-12-27,sup5,cat8,Кофе мол. (250г.),39.98
2025-12-27,sup1,cat11,Сосиски молочные,6.16
2025-12-27,sup3,cat3,Творог (200г.),2.44
2025-12-27,sup3,cat3,Молоко (1л.),2.60
2025-12-27,sup3,cat3,Кефир (1л.),2.27
2025-12-27,sup5,cat12,Квас светлый (1л.),2.65
2025-12-27,sup5,cat9,Шоколад молочный (90г.),5.99
2025-12-27,sup8,cat2,Капуста,3.55
2025-12-27,sup5,cat12,Вода негаз. (0.5л.),0.99
2025-12-27,sup3,cat3,Сыр голландский (200г.),5.02
2025-12-27,sup3,cat3,Молоко (1л.),5.20
2025-12-27,sup6,cat10,Булочка с маком (1шт.),1.49
2025-12-27,sup1,cat6,Шашлык,29.91
2025-12-27,sup5,cat8,Спагетти (400г.),1.76
2025-12-27,sup6,cat10,Булочка с маком (1шт.),1.49
2025-12-27,sup12,cat12,Coca-Cola (1л.),6.14
2025-12-27,sup2,cat4,Яйцо куриное С1 (15шт.),6.44
2025-12-27,sup9,cat1,Мандарин,9.68
2025-12-27,sup6,cat10,Батон нарезной (240г.),1.22
2025-12-27,sup2,cat11,Сосиски молочные,7.20
2025-12-27,sup1,cat6,Фарш,20.21
2025-12-27,sup3,cat3,Кефир (1л.),4.54
2025-12-27,sup12,cat12,Coca-Cola (1л.),6.14
2025-12-27,sup5,cat12,Вода мин. газ. (1л.),1.59
2025-12-27,sup9,cat1,Мандарин,3.46
2025-12-27,sup7,cat10,Батон нарезной (240г.),1.22
2025-12-27,sup3,cat3,Кефир (1л.),2.27
2025-12-27,sup3,cat3,Творог (200г.),4.88
2025-12-27,sup3,cat3,Сыр российский,12.78
2025-12-27,sup8,cat2,Лук репчатый,0.50
2025-12-27,sup3,cat3,Молоко (1.5л.),7.72
2025-12-27,sup1,cat11,Сервелат (400г.),8.51
2025-12-27,sup8,cat2,Свекла,1.37
2025-12-27,sup10,cat1,Яблоко,1.19
2025-12-27,sup8,cat2,Огурец,8.17
2025-12-27,sup1,cat6,Колбаски,29.25
2025-12-27,sup10,cat2,Морковь,0.50
2025-12-27,sup2,cat4,Яйцо куриное С1 (10шт.),7.62
2025-12-27,sup10,cat2,Свекла,1.65
2025-12-27,sup6,cat10,Лаваш (300г.),2.89
2025-12-27,sup4,cat7,Хек,7.94
2025-12-27,sup5,cat8,Крупа манная (1кг.),2.02
2025-12-27,sup3,cat3,Сметана (180г.),1.94
2025-12-27,sup9,cat2,Огурец,3.81
2025-12-27,sup5,cat12,Чай холодный (0.5л.),3.59
2025-12-27,sup1,cat11,Бекон (220г),9.99
2025-12-27,sup1,cat5,Свинина,33.87
2025-12-27,sup2,cat4,Яйцо куриное Д1 (10шт.),4.98
2025-12-27,sup3,cat3,Кефир (1л.),4.54
2025-12-27,sup9,cat1,Мандарин,5.64
2025-12-27,sup8,cat2,Капуста,2.88
2025-12-27,sup10,cat2,Лук репчатый,1.16
2025-12-27,sup3,cat3,Творог (200г.),4.88
2025-12-27,sup9,cat2,Огурец,8.07
2025-12-27,sup6,cat10,Батон нарезной (240г.),1.22
2025-12-27,sup9,cat1,Банан,11.48
2025-12-27,sup9,cat2,Томат,6.69
2025-12-27,sup1,cat11,Сервелат (400г.),17.02
2025-12-27,sup2,cat4,Яйцо куриное С1 (15шт.),6.44
2025-12-27,sup12,cat12,Coca-Cola (1л.),3.07
2025-12-27,sup5,cat12,Вода негаз. (0.5л.),1.98
2025-12-27,sup9,cat2,Огурец,1.62
2025-12-27,sup8,cat2,Огурец,2.97
2025-12-27,sup2,cat4,Яйцо куриное С1 (10шт.),3.81
2025-12-27,sup10,cat2,Морковь,0.95
2025-12-27,sup1,cat6,Голубцы,20.22
2025-12-27,sup6,cat10,Батон нарезной (240г.),1.22
2025-12-27,sup2,cat6,Желудки куриные (550г.),4.98
2025-12-27,sup3,cat3,Сыр российский,6.40
2025-12-27,sup12,cat12,Coca-Cola (1л.),3.07
2025-12-27,sup6,cat10,Лаваш (300г.),2.89
2025-12-27,sup7,cat10,Хлеб светлый (400г.),1.20
2025-12-27,sup2,cat4,Яйцо куриное С1 (15шт.),6.44
2025-12-27,sup4,cat7,Минтай,0.97
2025-12-27,sup5,cat8,Соль (1кг.),0.73
2025-12-27,sup2,cat11,Сосиски молочные,11.89
2025-12-27,sup6,cat10,Батон нарезной (240г.),1.22
2025-12-27,sup1,cat6,Фарш,46.51
2025-12-27,sup10,cat2,Картофель,2.90
2025-12-27,sup2,cat6,Шашлык,52.29
2025-12-27,sup3,cat3,Масло сливочное (360г.),9.49
2025-12-27,sup3,cat3,Сыр сливочный (200г.),10.82
2025-12-27,sup10,cat12,Сок яблочный (1л.),5.17
2025-12-27,sup12,cat12,Coca-Cola (1л.),3.07
2025-12-27,sup3,cat3,Молоко (1л.),2.60
2025-12-27,sup8,cat2,Морковь,1.84
2025-12-27,sup10,cat2,Морковь,0.72
2025-12-27,sup4,cat7,Форель (200г.),18.25
2025-12-27,sup9,cat1,Мандарин,13.40
2025-12-27,sup3,cat3,Сметана (180г.),3.88
2025-12-27,sup5,cat8,Мука (1кг.),1.64
2025-12-27,sup5,cat8,Пшено (900г.),2.35
2025-12-27,sup9,cat2,Огурец,4.83
2025-12-27,sup3,cat3,Кефир (1л.),2.27
2025-12-27,sup1,cat6,Колбаски,11.74
2025-12-27,sup12,cat12,Вода негаз. (0.5л.),0.99
2025-12-27,sup8,cat2,Картофель,0.86
2025-12-27,sup10,cat2,Свекла,1.14
2025-12-27,sup5,cat9,Конфеты шоколадные,9.49
2025-12-27,sup5,cat9,Зефир (230г.),17.58
2025-12-27,sup2,cat4,Яйцо перепелиное (10шт.),2.95
2025-12-27,sup3,cat3,Молоко (1л.),2.60
2025-12-27,sup12,cat12,Coca-Cola (1л.),3.07
2025-12-27,sup2,cat4,Яйцо куриное С1 (15шт.),6.44
2025-12-27,sup2,cat11,Колбаса вареная (400г.),4.98
2025-12-27,sup2,cat4,Яйцо перепелиное (10шт.),2.95
2025-12-27,sup4,cat7,Сельдь (250г.),5.99
2025-12-27,sup6,cat10,Булочка с маком (1шт.),7.45
2025-12-27,sup9,cat1,Банан,12.53
2025-12-27,sup5,cat8,Кофе мол. (250г.),39.98
2025-12-27,sup1,cat6,Колбаски,39.40
2025-12-27,sup8,cat2,Картофель,5.46
2025-12-27,sup2,cat5,Филе куриное,18.18
2025-12-27,sup1,cat5,Говядина,14.81
2025-12-27,sup3,cat3,Кефир (1л.),2.27
2025-12-27,sup2,cat5,Окорочка куриные,12.07
2025-12-27,sup2,cat4,Яйцо куриное С1 (15шт.),6.44
2025-12-27,sup8,cat2,Морковь,0.75
2025-12-27,sup5,cat8,Рис (900г.),3.49
2025-12-27,sup3,cat3,Молоко (1.5л.),3.86
2025-12-27,sup2,cat6,Желудки куриные (550г.),4.98
2025-12-27,sup3,cat3,Сыр сливочный (200г.),5.41
2025-12-27,sup3,cat3,Сметана (180г.),1.94
2025-12-27,sup10,cat2,Морковь,2.42
2025-12-27,sup6,cat10,Булочка с маком (1шт.),1.49
2025-12-27,sup3,cat3,Кефир (1л.),2.27
2025-12-27,sup3,cat3,Кефир (1л.),4.54
2025-12-27,sup6,cat10,Багет (200г.),2.49
2025-12-28,sup7,cat10,Батон нарезной (240г.),1.22
2025-12-28,sup7,cat10,Батон нарезной (240г.),1.22
2025-12-28,sup3,cat3,Сметана (180г.),3.88
2025-12-28,sup6,cat10,Батон нарезной (240г.),1.22
2025-12-28,sup5,cat9,Зефир (230г.),8.79
2025-12-28,sup9,cat1,Банан,2.72
2025-12-28,sup2,cat6,Котлеты,18.34
2025-12-28,sup3,cat3,Сыр голландский (200г.),5.02
2025-12-28,sup1,cat11,Сосиски молочные,11.65
2025-12-28,sup8,cat2,Томат,14.38
2025-12-28,sup1,cat11,Сосиски молочные,5.01
2025-12-28,sup9,cat1,Хурма,11.04
2025-12-28,sup9,cat1,Мандарин,11.40
2025-12-28,sup5,cat9,Карамель,6.60
2025-12-28,sup10,cat2,Свекла,1.71
2025-12-28,sup11,cat2,Огурец,2.83
2025-12-28,sup9,cat1,Мандарин,17.19
2025-12-28,sup5,cat8,Крупа гречневая (700г.),2.07
2025-12-28,sup2,cat6,Печень куриная (550г.),5.50
2025-12-28,sup3,cat3,Молоко (1л.),2.60
2025-12-28,sup3,cat3,Масло сливочное (180г.),9.18
2025-12-28,sup6,cat10,Батон нарезной (240г.),1.22
2025-12-28,sup3,cat3,Молоко (1л.),2.60
2025-12-28,sup9,cat1,Банан,12.78
2025-12-28,sup12,cat12,Coca-Cola (1л.),6.14
2025-12-28,sup2,cat4,Яйцо куриное С1 (10шт.),3.81
2025-12-28,sup3,cat3,Масло сливочное (180г.),9.18
2025-12-28,sup5,cat8,Рис (900г.),3.49
2025-12-28,sup2,cat4,Яйцо куриное С1 (10шт.),3.81
2025-12-28,sup8,cat2,Картофель,0.74
2025-12-28,sup1,cat11,Сосиски молочные,9.73
2025-12-28,sup8,cat2,Огурец,3.61
2025-12-28,sup5,cat8,Соль (1кг.),0.73
2025-12-28,sup9,cat1,Мандарин,17.51
2025-12-28,sup8,cat2,Огурец,7.85
2025-12-28,sup8,cat2,Морковь,1.15
2025-12-28,sup10,cat12,Сок яблочный (1л.),5.17
2025-12-28,sup5,cat8,Кофе мол. (250г.),19.99
2025-12-28,sup5,cat12,Чай холодный (0.5л.),3.59
2025-12-28,sup1,cat6,Котлеты,9.76
2025-12-28,sup6,cat10,Батон нарезной (240г.),1.22
2025-12-28,sup8,cat2,Огурец,1.22
2025-12-28,sup8,cat2,Лук репчатый,1.56
2025-12-28,sup5,cat8,Спагетти (400г.),3.52
2025-12-28,sup10,cat2,Картофель,4.56
2025-12-28,sup8,cat2,Огурец,1.98
2025-12-28,sup4,cat7,Форель (200г.),18.25
2025-12-28,sup5,cat9,Конфеты шоколадные,29.96
2025-12-28,sup2,cat5,Окорочка куриные,3.52
2025-12-28,sup5,cat8,Мука (1кг.),1.64
2025-12-28,sup8,cat1,Груша,5.94
2025-12-28,sup6,cat10,Батон нарезной (240г.),2.44
2025-12-28,sup8,cat2,Томат,6.23
2025-12-28,sup2,cat4,Яйцо куриное Д1 (10шт.),4.98
2025-12-28,sup2,cat6,Желудки куриные (550г.),4.98
2025-12-28,sup2,cat4,Яйцо куриное С1 (10шт.),3.81
2025-12-28,sup9,cat1,Банан,3.11
2025-12-28,sup1,cat5,Свинина,27.50
2025-12-28,sup5,cat12,Лимонад (2л.),5.35
2025-12-28,sup5,cat8,Масло подсолнечное (0.8л.),6.06
2025-12-28,sup5,cat8,Кофе мол. (250г.),39.98
2025-12-28,sup8,cat2,Лук репчатый,0.32
2025-12-28,sup2,cat5,Филе куриное,14.97
2025-12-28,sup5,cat8,Спагетти (400г.),1.76
2025-12-28,sup3,cat3,Масло сливочное (180г.),4.59
2025-12-28,sup11,cat2,Томат,18.03
2025-12-28,sup10,cat2,Свекла,1.32
2025-12-28,sup5,cat8,Макароны (900г.),1.49
2025-12-28,sup8,cat2,Лук репчатый,1.62
2025-12-28,sup8,cat2,Капуста,2.55
2025-12-28,sup5,cat8,Макароны (900г.),1.49
2025-12-28,sup3,cat3,Молоко (1.5л.),3.86
2025-12-28,sup1,cat5,Свинина,20.17
2025-12-28,sup3,cat3,Кефир (1л.),2.27
2025-12-28,sup5,cat12,Чай холодный (0.5л.),3.59
2025-12-28,sup8,cat2,Томат,4.97
2025-12-28,sup5,cat9,Конфеты шоколадные,24.01
2025-12-28,sup2,cat4,Яйцо перепелиное (10шт.),2.95
2025-12-28,sup2,cat4,Яйцо куриное С1 (10шт.),7.62
2025-12-28,sup2,cat4,Яйцо куриное Д1 (10шт.),4.98
2025-12-28,sup2,cat6,Фарш,35.41
2025-12-28,sup9,cat1,Мандарин,5.29
2025-12-28,sup5,cat9,Конфеты шоколадные,12.10
2025-12-28,sup1,cat6,Котлеты,22.81
2025-12-28,sup5,cat8,Кофе мол. (250г.),19.99
2025-12-28,sup6,cat10,Батон нарезной (240г.),1.22
2025-12-28,sup2,cat4,Яйцо перепелиное (10шт.),2.95
2025-12-28,sup5,cat12,Лимонад (2л.),5.35
2025-12-28,sup5,cat8,Масло подсолнечное (0.8л.),8.08
2025-12-28,sup6,cat10,Батон нарезной (240г.),1.22
2025-12-28,sup1,cat11,Сосиски молочные,10.70
2025-12-28,sup7,cat10,Батон нарезной (240г.),1.22
2025-12-28,sup4,cat7,Креветки,21.21
2025-12-28,sup8,cat2,Огурец,6.43
2025-12-28,sup7,cat10,Батон нарезной (240г.),1.22
2025-12-28,sup5,cat8,Спагетти (400г.),1.76
2025-12-28,sup5,cat12,Сок апельсиновый (1л.),7.20
2025-12-28,sup6,cat10,Батон нарезной (240г.),1.22
2025-12-28,sup2,cat11,Ветчина,6.70
2025-12-28,sup8,cat2,Картофель,5.52
2025-12-28,sup4,cat7,Хек,7.41
2025-12-28,sup4,cat7,Минтай,1.01
2025-12-28,sup9,cat1,Хурма,5.12
2025-12-28,sup5,cat8,Масло распсовое (0.8л.),4.99
2025-12-28,sup5,cat9,Конфеты шоколадные,29.16
2025-12-28,sup3,cat3,Сметана (180г.),3.88
2025-12-28,sup2,cat6,Печень куриная (550г.),5.50
2025-12-28,sup9,cat2,Огурец,5.97
2025-12-28,sup8,cat2,Морковь,2.32
2025-12-28,sup2,cat6,Желудки куриные (550г.),4.98
2025-12-28,sup9,cat1,Банан,10.97
2025-12-28,sup11,cat2,Огурец,2.71
2025-12-28,sup3,cat3,Кефир (1л.),2.27
2025-12-28,sup5,cat8,Масло подсолнечное (0.8л.),2.02
2025-12-28,sup2,cat4,Яйцо куриное Д1 (10шт.),4.98
2025-12-28,sup8,cat2,Картофель,2.24
2025-12-28,sup9,cat1,Груша,17.24
2025-12-28,sup3,cat3,Молоко (1л.),2.60
2025-12-28,sup5,cat9,Зефир (230г.),8.79
2025-12-28,sup10,cat2,Лук репчатый,1.04
2025-12-28,sup1,cat6,Колбаски,12.23
2025-12-28,sup2,cat4,Яйцо куриное Д1 (10шт.),4.98
2025-12-28,sup5,cat8,Пшено (900г.),2.35
2025-12-28,sup12,cat12,Coca-Cola (1л.),3.07
2025-12-28,sup1,cat5,Говядина,12.19
2025-12-28,sup3,cat3,Молоко (1л.),2.60
2025-12-28,sup3,cat3,Сметана (180г.),1.94
2025-12-28,sup12,cat12,Вода негаз. (0.5л.),0.99
2025-12-28,sup1,cat6,Фарш,25.00
2025-12-28,sup9,cat1,Мандарин,3.18
2025-12-28,sup5,cat8,Сахар (1кг.),2.92
2025-12-28,sup9,cat1,Хурма,4.79
2025-12-28,sup2,cat11,Сосиски молочные,6.14
2025-12-28,sup8,cat2,Морковь,1.06
2025-12-28,sup3,cat3,Молоко (1.5л.),7.72
2025-12-28,sup1,cat5,Говядина,22.07
2025-12-28,sup5,cat8,Крупа манная (1кг.),2.02
2025-12-28,sup5,cat9,Печенье овсяное (400г.),4.33
2025-12-28,sup5,cat8,Спагетти (400г.),3.52
2025-12-28,sup2,cat4,Яйцо куриное Д1 (10шт.),4.98
2025-12-28,sup2,cat4,Яйцо перепелиное (10шт.),2.95
2025-12-29,sup5,cat8,Масло подсолнечное (0.8л.),2.02
2025-12-29,sup9,cat2,Томат,9.59
2025-12-29,sup5,cat8,Макароны (900г.),1.49
2025-12-29,sup3,cat3,Масло сливочное (180г.),4.59
2025-12-29,sup6,cat10,Хлеб светлый (400г.),1.20
2025-12-29,sup2,cat5,Окорочка куриные,5.22
2025-12-29,sup8,cat1,Яблоко,14.64
2025-12-29,sup4,cat7,Икра лососевая (140г.),32.99
2025-12-29,sup1,cat6,Голубцы,28.20
2025-12-29,sup5,cat12,Квас светлый (1л.),2.65
2025-12-29,sup2,cat5,Окорочка куриные,12.35
2025-12-29,sup7,cat10,Хлеб светлый (400г.),1.20
2025-12-29,sup1,cat5,Говядина,9.03
2025-12-29,sup5,cat8,Спагетти (400г.),1.76
2025-12-29,sup7,cat10,Батон нарезной (240г.),1.22
2025-12-29,sup3,cat3,Кефир (1л.),2.27
2025-12-29,sup1,cat5,Свинина,23.78
2025-12-29,sup2,cat4,Яйцо куриное С1 (10шт.),7.62
2025-12-29,sup2,cat6,Фарш,38.86
2025-12-29,sup10,cat2,Морковь,1.28
2025-12-29,sup3,cat3,Сыр сливочный (200г.),10.82
2025-12-29,sup5,cat8,Кофе мол. (250г.),19.99
2025-12-29,sup2,cat5,Окорочка куриные,5.14
2025-12-29,sup2,cat4,Яйцо куриное С1 (15шт.),6.44
2025-12-29,sup2,cat11,Сосиски молочные,7.29
2025-12-29,sup3,cat3,Творог (200г.),2.44
2025-12-29,sup7,cat10,Хлеб ржаной (450г.),1.50
2025-12-29,sup1,cat5,Свинина,11.89
2025-12-29,sup5,cat9,Печенье овсяное (400г.),8.66
2025-12-29,sup5,cat9,Шоколад молочный (90г.),5.99
2025-12-29,sup3,cat3,Молоко (1л.),2.60
2025-12-29,sup5,cat9,Печенье овсяное (400г.),4.33
2025-12-29,sup1,cat5,Говядина,29.32
2025-12-29,sup6,cat10,Булочка с маком (1шт.),2.98
2025-12-29,sup5,cat8,Крупа гречневая (700г.),4.14
2025-12-29,sup2,cat6,Фарш,28.10
2025-12-29,sup5,cat9,Печенье овсяное (400г.),4.33
2025-12-29,sup4,cat7,Кальмар,27.49
2025-12-29,sup3,cat3,Сметана (380г.),3.71
2025-12-29,sup5,cat8,Мука (2кг.),2.60
2025-12-29,sup5,cat8,Мука (1кг.),1.64
2025-12-29,sup2,cat5,Окорочка куриные,8.14
2025-12-29,sup5,cat12,Вода негаз. (0.5л.),0.99
2025-12-29,sup6,cat10,Булочка с маком (1шт.),1.49
2025-12-29,sup2,cat5,Окорочка куриные,5.66
2025-12-29,sup4,cat7,Хек,8.87
2025-12-29,sup3,cat3,Сыр голландский (200г.),5.02
2025-12-29,sup10,cat2,Картофель,3.63
2025-12-29,sup9,cat1,Мандарин,6.55
2025-12-29,sup4,cat7,Хек,4.91
2025-12-29,sup10,cat1,Яблоко,0.89
2025-12-29,sup8,cat2,Морковь,0.96
2025-12-29,sup5,cat9,Конфеты шоколадные,7.64
2025-12-29,sup5,cat12,Лимонад (2л.),5.35
2025-12-29,sup6,cat10,Батон нарезной (240г.),1.22
2025-12-29,sup5,cat9,Карамель,4.72
2025-12-29,sup8,cat1,Груша,7.93
2025-12-29,sup4,cat7,Скумбрия,13.35
2025-12-29,sup12,cat12,Вода негаз. (0.5л.),0.99
2025-12-29,sup5,cat8,Крупа гречневая (700г.),2.07
2025-12-29,sup2,cat4,Яйцо куриное Д1 (10шт.),4.98
2025-12-29,sup1,cat11,Сосиски молочные,3.77
2025-12-29,sup1,cat5,Говядина,24.23
2025-12-29,sup5,cat9,Печенье овсяное (400г.),4.33
2025-12-29,sup3,cat3,Молоко (1л.),2.60
2025-12-29,sup8,cat2,Лук репчатый,1.98
2025-12-29,sup7,cat10,Батон нарезной (240г.),1.22
2025-12-29,sup2,cat5,Филе куриное,10.86
2025-12-29,sup2,cat6,Печень куриная (550г.),5.50
2025-12-29,sup3,cat3,Кефир (1л.),2.27
2025-12-29,sup6,cat10,Хлеб светлый (400г.),1.20
2025-12-29,sup1,cat5,Говядина,19.76
2025-12-29,sup9,cat1,Яблоко,4.29
2025-12-29,sup1,cat11,Колбаса вареная (400г.),4.98
2025-12-29,sup1,cat5,Свинина,31.65
2025-12-29,sup6,cat10,Лаваш (300г.),2.89
2025-12-29,sup1,cat5,Говядина,28.32
2025-12-29,sup10,cat2,Морковь,0.54
2025-12-29,sup3,cat3,Масло сливочное (180г.),4.59
2025-12-29,sup3,cat3,Сыр российский,15.54
2025-12-29,sup2,cat11,Сосиски молочные,11.57
2025-12-29,sup5,cat12,Вода мин. газ. (1л.),1.59
2025-12-29,sup6,cat10,Плетенка (450г.),4.04
2025-12-29,sup5,cat8,Мука (2кг.),5.20
2025-12-29,sup5,cat8,Спагетти (400г.),1.76
2025-12-29,sup8,cat2,Томат,3.74
2025-12-29,sup5,cat12,Вода негаз. (0.5л.),0.99
2025-12-29,sup6,cat10,Лаваш (300г.),2.89
2025-12-29,sup11,cat2,Огурец,0.91
2025-12-29,sup8,cat2,Томат,18.90
2025-12-29,sup4,cat7,Сельдь (250г.),5.99
2025-12-29,sup6,cat10,Булочка с маком (1шт.),2.98
2025-12-29,sup6,cat10,Хлеб ржаной (450г.),1.50
2025-12-29,sup5,cat9,Печенье овсяное (400г.),8.66
2025-12-29,sup2,cat11,Сосиски молочные,10.91
2025-12-29,sup10,cat2,Морковь,0.66
2025-12-29,sup2,cat11,Колбаса вареная (400г.),4.98
2025-12-29,sup3,cat3,Кефир (1л.),2.27
2025-12-29,sup2,cat5,Окорочка куриные,10.23
2025-12-29,sup4,cat7,Паста рыбная (150г.),2.95
2025-12-29,sup5,cat8,Сахар (1кг.),0.73
2025-12-29,sup5,cat12,Квас светлый (1л.),2.65
2025-12-29,sup5,cat9,Зефир (230г.),8.79
2025-12-29,sup2,cat5,Окорочка куриные,11.81
2025-12-29,sup8,cat2,Лук репчатый,0.85
2025-12-29,sup2,cat4,Яйцо куриное Д1 (10шт.),4.98
2025-12-29,sup4,cat7,Креветки,23.33
2025-12-29,sup5,cat9,Карамель,2.30
2025-12-29,sup6,cat10,Батон нарезной (240г.),2.44
2025-12-29,sup1,cat11,Сосиски молочные,9.78
2025-12-29,sup1,cat11,Сервелат (400г.),8.51
2025-12-29,sup7,cat10,Хлеб светлый (400г.),1.20
2025-12-29,sup6,cat10,Хлеб ржаной (450г.),1.50
2025-12-29,sup3,cat3,Кефир (1л.),2.27
2025-12-29,sup8,cat2,Морковь,2.52
2025-12-29,sup4,cat7,Форель (200г.),18.25
2025-12-29,sup1,cat11,Колбаса вареная (400г.),4.98
2025-12-29,sup5,cat12,Квас светлый (1л.),2.65
2025-12-29,sup6,cat10,Булочка с маком (1шт.),1.49
2025-12-29,sup8,cat2,Томат,16.85
2025-12-29,sup2,cat4,Яйцо куриное С1 (10шт.),3.81
2025-12-30,sup1,cat11,Сервелат (400г.),8.51
2025-12-30,sup9,cat2,Томат,22.07
2025-12-30,sup2,cat4,Яйцо перепелиное (10шт.),2.95
2025-12-30,sup9,cat2,Огурец,1.86
2025-12-30,sup4,cat7,Минтай,1.56
2025-12-30,sup5,cat8,Крупа гречневая (700г.),2.07
2025-12-30,sup7,cat10,Батон нарезной (240г.),1.22
2025-12-30,sup5,cat9,Карамель,6.61
2025-12-30,sup7,cat10,Батон нарезной (240г.),1.22
2025-12-30,sup3,cat3,Молоко (1л.),2.60
2025-12-30,sup8,cat2,Картофель,1.21
2025-12-30,sup3,cat3,Кефир (1л.),2.27
2025-12-30,sup4,cat7,Минтай,0.68
2025-12-30,sup4,cat7,Скумбрия,10.48
2025-12-30,sup6,cat10,Лаваш (300г.),2.89
2025-12-30,sup3,cat3,Творог (200г.),4.88
2025-12-30,sup1,cat11,Сервелат (400г.),8.51
2025-12-30,sup2,cat4,Яйцо куриное С1 (15шт.),6.44
2025-12-30,sup9,cat1,Банан,12.05
2025-12-30,sup2,cat5,Окорочка куриные,5.18
2025-12-30,sup4,cat7,Минтай,1.47
2025-12-30,sup10,cat2,Картофель,5.20
2025-12-30,sup5,cat12,Сок апельсиновый (1л.),7.20
2025-12-30,sup6,cat10,Батон нарезной (240г.),1.22
2025-12-30,sup3,cat3,Молоко (1.5л.),3.86
2025-12-30,sup5,cat8,Крупа гречневая (700г.),2.07
2025-12-30,sup10,cat2,Лук репчатый,0.67
2025-12-30,sup5,cat12,Сок яблочный (1л.),5.17
2025-12-30,sup6,cat10,Батон нарезной (240г.),2.44
2025-12-30,sup2,cat6,Фарш,32.78
2025-12-30,sup7,cat10,Батон нарезной (240г.),1.22
2025-12-30,sup3,cat3,Масло сливочное (360г.),9.49
2025-12-30,sup5,cat8,Мука (1кг.),1.64
2025-12-30,sup5,cat12,Вода негаз. (0.5л.),0.99
2025-12-30,sup1,cat5,Говядина,15.65
2025-12-30,sup5,cat8,Рис (900г.),3.49
2025-12-30,sup9,cat1,Банан,1.87
2025-12-30,sup6,cat10,Батон нарезной (240г.),1.22
2025-12-30,sup10,cat2,Картофель,6.09
2025-12-30,sup1,cat5,Говядина,34.69
2025-12-30,sup4,cat7,Минтай,1.55
2025-12-30,sup5,cat9,Печенье овсяное (400г.),4.33
2025-12-30,sup7,cat10,Хлеб ржаной (450г.),1.50
2025-12-30,sup5,cat8,Крупа манная (1кг.),2.02
2025-12-30,sup5,cat12,Чай холодный (0.5л.),3.59
2025-12-30,sup8,cat2,Капуста,3.69
2025-12-30,sup8,cat2,Томат,1.54
2025-12-30,sup10,cat1,Груша,6.29
2025-12-30,sup2,cat4,Яйцо куриное С1 (10шт.),3.81
2025-12-30,sup1,cat6,Фарш,44.26
2025-12-30,sup12,cat12,Coca-Cola (1л.),3.07
2025-12-30,sup5,cat12,Вода негаз. (0.5л.),0.99
2025-12-30,sup5,cat8,Масло подсолнечное (0.8л.),2.02
2025-12-30,sup9,cat2,Томат,15.49
2025-12-30,sup2,cat5,Филе куриное,14.81
2025-12-30,sup6,cat10,Батон нарезной (240г.),1.22
2025-12-30,sup2,cat5,Окорочка куриные,8.64
2025-12-30,sup4,cat7,Форель (200г.),18.25
2025-12-30,sup3,cat3,Творог (200г.),2.44
2025-12-30,sup3,cat3,Творог (200г.),2.44
2025-12-30,sup6,cat10,Хлеб светлый (400г.),1.20
2025-12-30,sup2,cat5,Окорочка куриные,6.68
2025-12-30,sup12,cat12,Coca-Cola (1л.),3.07
2025-12-30,sup10,cat2,Лук репчатый,1.36
2025-12-30,sup3,cat3,Молоко (1л.),2.60
2025-12-30,sup7,cat10,Батон нарезной (240г.),1.22
2025-12-30,sup5,cat9,Зефир (230г.),17.58
2025-12-30,sup4,cat7,Скумбрия,11.14
2025-12-30,sup6,cat10,Батон нарезной (240г.),1.22
2025-12-30,sup1,cat11,Бекон (220г),9.99
2025-12-30,sup1,cat5,Свинина,20.53
2025-12-30,sup6,cat10,Батон нарезной (240г.),1.22
2025-12-30,sup4,cat7,Хек,12.56
2025-12-30,sup2,cat5,Окорочка куриные,10.80
2025-12-30,sup3,cat3,Кефир (1л.),2.27
2025-12-30,sup2,cat4,Яйцо куриное С1 (15шт.),6.44
2025-12-30,sup5,cat12,Сок апельсиновый (1л.),7.20
2025-12-30,sup3,cat3,Молоко (1л.),2.60
2025-12-30,sup1,cat5,Говядина,31.53
2025-12-30,sup4,cat7,Паста рыбная (150г.),2.95
2025-12-30,sup10,cat2,Морковь,0.55
2025-12-30,sup6,cat10,Батон нарезной (240г.),1.22
2025-12-30,sup1,cat5,Говядина,29.61
2025-12-30,sup5,cat8,Крупа перловая (1кг.),2.88
2025-12-30,sup7,cat10,Батон нарезной (240г.),1.22
2025-12-30,sup6,cat10,Батон нарезной (240г.),1.22
2025-12-30,sup5,cat9,Конфеты шоколадные,32.38
2025-12-30,sup10,cat2,Свекла,1.08
2025-12-30,sup2,cat4,Яйцо куриное Д1 (10шт.),4.98
2025-12-30,sup6,cat10,Хлеб светлый (400г.),1.20
2025-12-30,sup8,cat2,Картофель,0.74
2025-12-30,sup5,cat12,Лимонад (2л.),5.35
2025-12-30,sup3,cat3,Молоко (1л.),2.60
2025-12-30,sup1,cat6,Фарш,17.69
2025-12-30,sup4,cat7,Хек,5.20
2025-12-30,sup5,cat8,Кофе мол. (250г.),19.99
2025-12-30,sup4,cat7,Хек,7.62
2025-12-30,sup2,cat4,Яйцо куриное С1 (10шт.),3.81
2025-12-30,sup9,cat1,Банан,2.89
2025-12-30,sup1,cat5,Говядина,12.58
2025-12-30,sup3,cat3,Кефир (1л.),2.27
2025-12-30,sup5,cat9,Карамель,7.44
2025-12-30,sup5,cat8,Кофе мол. (250г.),19.99
2025-12-30,sup4,cat7,Икра лососевая (140г.),32.99
2025-12-30,sup5,cat12,Вода негаз. (0.5л.),0.99
2025-12-30,sup1,cat5,Свинина,21.43
2025-12-30,sup2,cat11,Сосиски молочные,10.24
2025-12-30,sup8,cat2,Огурец,6.61
2025-12-30,sup3,cat3,Сыр российский,7.57
2025-12-30,sup8,cat2,Картофель,1.55
2025-12-30,sup3,cat3,Молоко (1л.),2.60
2025-12-30,sup3,cat3,Кефир (1л.),2.27
2025-12-30,sup1,cat11,Колбаски охотничьи (500г.),27.60
2025-12-30,sup6,cat10,Плетенка (450г.),4.04
2025-12-30,sup7,cat10,Батон нарезной (240г.),1.22
2025-12-30,sup9,cat1,Банан,6.10
2025-12-30,sup2,cat4,Яйцо куриное Д1 (10шт.),4.98
2025-12-30,sup5,cat12,Сок апельсиновый (1л.),7.20
2025-12-30,sup3,cat3,Сметана (180г.),1.94
2025-12-30,sup2,cat11,Колбаса вареная (400г.),4.98
2025-12-30,sup6,cat10,Хлеб ржаной (450г.),1.50
2025-12-30,sup6,cat10,Батон нарезной (240г.),1.22
2025-12-30,sup11,cat2,Огурец,3.83
2025-12-31,sup3,cat3,Кефир (1л.),2.27
2025-12-31,sup6,cat10,Батон нарезной (240г.),1.22
2025-12-31,sup8,cat2,Свекла,1.63
2025-12-31,sup4,cat7,Минтай,1.18
2025-12-31,sup9,cat1,Хурма,9.99
2025-12-31,sup5,cat9,Карамель,2.71
2025-12-31,sup3,cat3,Творог (200г.),4.88
2025-12-31,sup2,cat4,Яйцо куриное Д1 (10шт.),4.98
2025-12-31,sup4,cat7,Скумбрия,11.29
2025-12-31,sup3,cat3,Сметана (380г.),7.42
2025-12-31,sup9,cat1,Хурма,8.72
2025-12-31,sup2,cat5,Окорочка куриные,5.60
2025-12-31,sup3,cat3,Масло сливочное (180г.),4.59
2025-12-31,sup3,cat3,Молоко (1л.),2.60
2025-12-31,sup1,cat5,Говядина,8.40
2025-12-31,sup6,cat10,Батон нарезной (240г.),1.22
2025-12-31,sup6,cat10,Батон нарезной (240г.),1.22
2025-12-31,sup2,cat4,Яйцо перепелиное (20шт.),4.65
2025-12-31,sup2,cat11,Сосиски молочные,11.05
2025-12-31,sup2,cat5,Окорочка куриные,9.24
2025-12-31,sup6,cat10,Батон нарезной (240г.),2.44
2025-12-31,sup2,cat4,Яйцо куриное С1 (15шт.),6.44
2025-12-31,sup2,cat5,Окорочка куриные,5.90
2025-12-31,sup3,cat3,Масло сливочное (360г.),9.49
2025-12-31,sup11,cat2,Томат,9.64
2025-12-31,sup1,cat5,Говядина,28.05
2025-12-31,sup5,cat8,Кофе мол. (250г.),19.99
2025-12-31,sup1,cat11,Сервелат (400г.),8.51
2025-12-31,sup10,cat1,Груша,3.28
2025-12-31,sup2,cat4,Яйцо куриное С1 (10шт.),3.81
2025-12-31,sup5,cat8,Масло подсолнечное (0.8л.),2.02
2025-12-31,sup6,cat10,Батон нарезной (240г.),1.22
2025-12-31,sup5,cat8,Крупа гречневая (700г.),2.07
2025-12-31,sup1,cat11,Сосиски молочные,9.65
2025-12-31,sup5,cat8,Спагетти (400г.),1.76
2025-12-31,sup6,cat10,Булочка с маком (1шт.),1.49
2025-12-31,sup6,cat10,Батон нарезной (240г.),1.22
2025-12-31,sup4,cat7,Сельдь (250г.),11.98
2025-12-31,sup6,cat10,Лаваш (300г.),2.89
2025-12-31,sup3,cat3,Сметана (380г.),3.71
2025-12-31,sup3,cat3,Творог (200г.),2.44
2025-12-31,sup5,cat8,Крупа манная (1кг.),2.02
2025-12-31,sup5,cat8,Сахар (1кг.),0.73
2025-12-31,sup1,cat5,Говядина,20.37
2025-12-31,sup5,cat8,Крупа манная (1кг.),2.02
2025-12-31,sup2,cat4,Яйцо куриное С1 (10шт.),7.62
2025-12-31,sup9,cat1,Банан,14.84
2025-12-31,sup2,cat6,Желудки куриные (550г.),4.98
2025-12-31,sup10,cat12,Сок яблочный (1л.),10.34
2025-12-31,sup5,cat8,Мука (1кг.),1.64
2025-12-31,sup1,cat5,Говядина,10.44
2025-12-31,sup5,cat12,Сок апельсиновый (1л.),7.20
2025-12-31,sup4,cat7,Креветки,44.94
2025-12-31,sup12,cat12,Вода негаз. (0.5л.),0.99
2025-12-31,sup10,cat2,Картофель,4.68
2025-12-31,sup3,cat3,Кефир (1л.),2.27
2025-12-31,sup9,cat1,Мандарин,9.85
2025-12-31,sup6,cat10,Батон нарезной (240г.),1.22
2025-12-31,sup6,cat10,Батон нарезной (240г.),1.22
2025-12-31,sup3,cat3,Масло сливочное (180г.),4.59
2025-12-31,sup4,cat7,Сельдь (250г.),5.99
2025-12-31,sup6,cat10,Хлеб ржаной (450г.),1.50
2025-12-31,sup8,cat2,Капуста,3.07
2025-12-31,sup5,cat9,Конфеты шоколадные,29.58
2025-12-31,sup9,cat1,Мандарин,16.95
2025-12-31,sup2,cat11,Колбаса вареная (400г.),4.98
2025-12-31,sup5,cat8,Кофе мол. (250г.),19.99
2025-12-31,sup5,cat8,Кофе мол. (250г.),39.98
2025-12-31,sup5,cat12,Сок апельсиновый (1л.),7.20
2025-12-31,sup4,cat7,Сельдь (250г.),5.99
2025-12-31,sup3,cat3,Кефир (1л.),2.27
2025-12-31,sup8,cat2,Морковь,2.26
2025-12-31,sup10,cat2,Картофель,5.06
2025-12-31,sup10,cat2,Картофель,0.33
2025-12-31,sup5,cat9,Печенье овсяное (400г.),4.33
2025-12-31,sup2,cat4,Яйцо куриное Д1 (10шт.),4.98
2025-12-31,sup1,cat11,Бекон (220г),9.99
2025-12-31,sup5,cat8,Спагетти (400г.),1.76
2025-12-31,sup1,cat6,Колбаски,20.35
2025-12-31,sup5,cat12,Сок яблочный (1л.),5.17
2025-12-31,sup4,cat7,Сельдь (250г.),5.99
2025-12-31,sup1,cat5,Свинина,18.33
2025-12-31,sup5,cat12,Сок апельсиновый (1л.),7.20
2025-12-31,sup2,cat4,Яйцо куриное С1 (10шт.),7.62
2025-12-31,sup6,cat10,Батон нарезной (240г.),1.22
2025-12-31,sup5,cat8,Рис (900г.),3.49
2025-12-31,sup4,cat7,Сельдь (250г.),5.99
2025-12-31,sup1,cat11,Салями,20.57
2025-12-31,sup2,cat4,Яйцо куриное С1 (10шт.),3.81
2025-12-31,sup5,cat9,Карамель,7.36
2025-12-31,sup1,cat11,Ветчина,2.30
2025-12-31,sup8,cat2,Морковь,2.42
2025-12-31,sup5,cat8,Кофе мол. (250г.),19.99
2025-12-31,sup6,cat10,Батон нарезной (240г.),1.22
2025-12-31,sup6,cat10,Булочка с маком (1шт.),7.45
2025-12-31,sup5,cat9,Печенье овсяное (400г.),4.33
2025-12-31,sup4,cat7,Кальмар,26.67
2025-12-31,sup3,cat3,Творог (200г.),4.88
2025-12-31,sup2,cat6,Голубцы,33.22
2025-12-31,sup5,cat8,Мука (2кг.),2.60
2025-12-31,sup5,cat9,Карамель,4.74
2025-12-31,sup5,cat8,Масло подсолнечное (0.8л.),4.04
2025-12-31,sup6,cat10,Хлеб светлый (400г.),1.20
2025-12-31,sup2,cat5,Филе куриное,6.60
2025-12-31,sup5,cat12,Квас светлый (1л.),2.65
2025-12-31,sup11,cat2,Огурец,6.59
2025-12-31,sup5,cat8,Пшено (900г.),2.35
2025-12-31,sup5,cat8,Макароны (900г.),1.49
2025-12-31,sup10,cat2,Морковь,1.69
2025-12-31,sup1,cat6,Голубцы,26.22
2025-12-31,sup1,cat11,Сосиски молочные,4.53
2025-12-31,sup5,cat9,Шоколад молочный (90г.),5.99
2025-12-31,sup3,cat3,Сметана (380г.),3.71
2025-12-31,sup5,cat8,Мука (1кг.),1.64
2025-12-31,sup4,cat7,Кальмар,30.11
2025-12-31,sup3,cat3,Сметана (380г.),3.71
2025-12-31,sup1,cat6,Котлеты,18.97
2025-12-31,sup5,cat8,Сахар (1кг.),1.46
2025-12-31,sup9,cat1,Мандарин,28.96
2025-12-31,sup1,cat6,Голубцы,20.21
2025-12-31,sup8,cat2,Огурец,3.48
2025-12-31,sup2,cat4,Яйцо куриное С1 (15шт.),6.44
2025-12-31,sup5,cat8,Крупа перловая (1кг.),1.44
2025-12-31,sup12,cat12,Coca-Cola (1л.),3.07
2025-12-31,sup6,cat10,Батон нарезной (240г.),1.22
2025-12-31,sup6,cat10,Лаваш (300г.),2.89
2025-12-31,sup3,cat3,Сметана (380г.),3.71
2025-12-31,sup5,cat9,Карамель,6.80
2025-12-31,sup9,cat1,Мандарин,3.75
2025-12-31,sup1,cat5,Свинина,42.13
2025-12-31,sup9,cat1,Мандарин,5.72
